gameweek,matchId,kickoff,ground,attendance,venue,team,opponent,goalsFor,goalsAgainst,result,halfTimeFor,halfTimeAgainst,redCardsFor,redCardsAgainst,handBall,ballRecovery,savedObox,attIboxBlocked,accurateLongBalls,totalClearance,attObxCentre,attLfTotal,attemptsIbox,saves,fwdPass,accurateCross,wonContest,fouledFinalThird,totalAttAssist,rightsidePass,possLostAll,duelWon,attFreekickTotal,totalScoringAtt,aerialLost,attBxRight,attMissLeft,totalCross,wonTackle,effectiveClearance,totalCornersIntobox,totalLayoffs,totalChippedPass,accurateFwdZonePass,yellowCard,totalFinalThirdPasses,fkFoulLost,divingSave,freekickCross,goodHighClaim,passesLeft,passesRight,ontargetAttAssist,backwardPass,totalCrossNocorner,putThrough,attemptsObox,freekickTotal,crosses18yardplus,attOboxMiss,possLostCtrl,attemptsConcededIbox,leftsidePass,touches,attAssistOpenplay,totalFlickOn,touchesInOppBox,interception,successfulOpenPlayPass,possWonDef3rd,attMissHighLeft,accurateLaunches,headClearance,totalYelCard,outfielderBlock,offtargetAttAssist,totalThrows,openPlayPass,finalThirdEntries,fastestPlayer_playerId,attBxCentre,accurateBackZonePass,crosses18yard,totalBackZonePass,attemptedTackleFoul,blockedPass,goalKicks,duelLost,totalOffside,accurateKeeperThrows,unsuccessfulTouch,attemptsConcededObox,accurateGoalKicks,totalLongBalls,accuratePass,fkFoulWon,challengeLost,attAssistSetplay,totalLaunches,longPassOwnToOpp,attCmissLeft,redCard,overrun,lostCorners,savedIbox,goalsConceded,totalRedCard,accurateCrossNocorner,shieldBallOop,attHdTotal,possessionPercentage,accurateThrows,attHdMiss,possWonAtt3rd,keeperThrows,blockedScoringAtt,longPassOwnToOppSuccess,cornerTaken,totalHighClaim,totalPass,interceptionWon,attFreekickMiss,dispossessed,accurateChippedPass,shotOffTarget,penAreaEntries,accurateCornersIntobox,attIboxMiss,totalFwdZonePass,attRfTotal,accurateLayoffs,aerialWon,successfulFinalThirdPasses,possWonMid3rd,effectiveHeadClearance,totalTackle,goalsConcededIbox,attOpenplay,subsMade,totalContest,successfulPutThrough,wonCorners,bigChanceScored,attGoalLowLeft,attGoalLowRight,goalAssistSetplay,attLfGoal,goals,ontargetScoringAtt,goalAssistOpenplay,attMissHighRight,penaltyWon,attMissRight,attGoalHighCentre,bigChanceCreated,goalAssist,errorLeadToShot,penaltyConceded,attRfGoal,totalPullBack,defenderGoals,goalsOpenplay,attPenGoal,attIboxGoal,accurateFlickOn,goalAssistIntentional,attBxLeft,penaltyFaced,penGoalsConceded,forwardGoals,effectiveBlockedCross,blockedCross,attLfTarget,attOboxBlocked,attIboxTarget,attSvLowCentre,interceptionsInBox,attHdTarget,bigChanceMissed,attSvLowRight,clearanceOffLine,errorLeadToGoal,attRfTarget,attCmissRight,attPenTarget,attOneOnOne,ptsGainedLosingPos,attSvLowLeft,accurateThroughBall,accurateFreekickCross,attSetpiece,totalThroughBall,attMissHigh,attGoalHighLeft,goalsConcededObox,goalAssistDeadball,attGoalLowCentre,accuratePullBack,postScoringAtt,attIboxPost,attOboxTarget,attPostLeft,hitWoodwork,punches,attSvHighCentre,attHdGoal,shotFastbreak,goalFastbreak,totalFastbreak,midfielderGoals,attFastbreak,attSvHighRight,contentiousDecision,cleanSheet,sixYardBlock,attCmissHigh,attHdPost,foulThrowIn,attObxLeft,ptsDroppedWinningPos,attSvHighLeft,attGoalHighRight,secondYellow,accurateKeeperSweeper,attLgCentre,totalKeeperSweeper,attOboxPost,attPostHigh,attOboxGoal,attPostRight,attCmissHighLeft,attFreekickTarget
1,987600,2018-08-11 15:00:00,"Vicarage Road, Watford",20051,Away,Brighton and Hove Albion,Watford,0,2,L,0,1,0,0,1.0,68.0,1.0,1.0,40.0,26.0,1.0,1.0,5.0,3.0,151.0,4.0,9.0,2.0,5.0,88.0,139.0,60.0,1.0,6.0,16.0,1.0,3.0,15.0,11.0,26.0,2.0,8.0,31.0,133.0,0.0,82.0,16.0,2.0,1.0,2.0,57.0,54.0,1.0,66.0,13.0,17.0,1.0,1.0,5.0,1.0,139.0,12.0,80.0,578.0,4.0,5.0,16.0,17.0,283.0,28.0,2.0,7.0,15.0,2.0,5.0,4.0,19.0,360.0,49.0,83543,3.0,168.0,7.0,194.0,7.0,17.0,10.0,55.0,3.0,4.0,11.0,7.0,3.0,79.0,297.0,10.0,8.0,1.0,23.0,79.0,2.0,0.0,2.0,8.0,2.0,2.0,0.0,3.0,1.0,2.0,46.8,12.0,2.0,1.0,4.0,1.0,38.0,2.0,2.0,385.0,17.0,1.0,15.0,17.0,5.0,19.0,1.0,4.0,206.0,3.0,5.0,24.0,55.0,29.0,15.0,17.0,2.0,4.0,3.0,11.0,9.0,2.0,,,,,,,,,,,,,,,,,,,,,,,,,,,,,,,,,,,,,,,,,,,,,,,,,,,,,,,,,,,,,,,,,,,,,,,,,,,,,,,,,,,,,,,,,,
2,987602,2018-08-19 16:00:00,"American Express Stadium, Falmer",30592,Home,Brighton and Hove Albion,Manchester United,3,2,W,3,1,0,0,,58.0,1.0,,24.0,16.0,1.0,3.0,5.0,1.0,139.0,3.0,3.0,5.0,4.0,59.0,140.0,56.0,1.0,6.0,23.0,,,13.0,13.0,16.0,3.0,4.0,35.0,91.0,0.0,91.0,16.0,1.0,1.0,1.0,51.0,56.0,2.0,34.0,10.0,15.0,1.0,1.0,1.0,1.0,140.0,6.0,51.0,458.0,2.0,12.0,10.0,10.0,171.0,27.0,,5.0,9.0,1.0,2.0,2.0,23.0,255.0,59.0,86153,3.0,95.0,8.0,117.0,7.0,15.0,10.0,58.0,2.0,1.0,11.0,3.0,4.0,77.0,183.0,13.0,8.0,,27.0,73.0,,0.0,1.0,5.0,,2.0,0.0,2.0,,,33.4,19.0,,2.0,1.0,,29.0,3.0,1.0,283.0,10.0,1.0,9.0,10.0,3.0,18.0,1.0,2.0,179.0,3.0,3.0,12.0,42.0,26.0,9.0,28.0,2.0,2.0,3.0,6.0,7.0,3.0,2.0,1.0,1.0,1.0,1.0,3.0,3.0,1.0,1.0,1.0,2.0,1.0,1.0,2.0,1.0,1.0,2.0,1.0,1.0,1.0,1.0,3.0,5.0,1.0,1.0,1.0,1.0,2.0,5.0,5.0,,,,,,,,,,,,,,,,,,,,,,,,,,,,,,,,,,,,,,,,,,,,,,,,,,,,,,,,,,,,
3,987616,2018-08-25 17:30:00,"Anfield, Liverpool",53294,Away,Brighton and Hove Albion,Liverpool,0,1,L,0,1,0,0,2.0,61.0,,,13.0,33.0,2.0,2.0,4.0,6.0,121.0,5.0,7.0,1.0,4.0,89.0,143.0,54.0,1.0,6.0,18.0,1.0,2.0,11.0,9.0,33.0,5.0,1.0,26.0,101.0,0.0,75.0,14.0,3.0,,,44.0,30.0,3.0,40.0,6.0,15.0,2.0,1.0,2.0,,143.0,16.0,77.0,537.0,4.0,9.0,11.0,29.0,231.0,34.0,,3.0,16.0,1.0,7.0,1.0,17.0,306.0,40.0,86153,3.0,142.0,4.0,172.0,7.0,15.0,8.0,61.0,3.0,1.0,16.0,6.0,4.0,60.0,238.0,7.0,10.0,,26.0,59.0,,0.0,1.0,8.0,7.0,1.0,0.0,3.0,,2.0,30.0,10.0,1.0,2.0,1.0,2.0,19.0,5.0,,327.0,29.0,,14.0,7.0,2.0,13.0,2.0,2.0,166.0,2.0,1.0,19.0,43.0,16.0,16.0,21.0,1.0,5.0,3.0,14.0,6.0,5.0,,,,,,,2.0,,,,,,1.0,,,,,,,,,,3.0,,,,,,5.0,5.0,1.0,2.0,2.0,1.0,7.0,1.0,1.0,1.0,1.0,1.0,,,,,,,,,,,,,,,,,,,,,,,,,,,,,,,,,,,,,,,,,,,,,,,,,,
4,987622,2018-09-01 15:00:00,"American Express Stadium, Falmer",30526,Home,Brighton and Hove Albion,Fulham,2,2,D,0,1,0,0,,55.0,1.0,2.0,29.0,8.0,3.0,5.0,12.0,3.0,127.0,8.0,7.0,6.0,9.0,89.0,147.0,50.0,,15.0,15.0,2.0,2.0,29.0,12.0,8.0,7.0,4.0,30.0,151.0,0.0,118.0,12.0,2.0,3.0,1.0,75.0,58.0,5.0,55.0,22.0,18.0,3.0,,8.0,2.0,147.0,7.0,99.0,560.0,6.0,5.0,23.0,18.0,268.0,25.0,2.0,4.0,3.0,3.0,2.0,4.0,23.0,344.0,51.0,86153,8.0,141.0,11.0,162.0,9.0,18.0,8.0,52.0,2.0,2.0,15.0,3.0,3.0,66.0,284.0,11.0,11.0,2.0,20.0,67.0,,0.0,2.0,1.0,2.0,2.0,0.0,6.0,1.0,4.0,41.5,16.0,2.0,4.0,2.0,3.0,36.0,7.0,2.0,370.0,18.0,,5.0,16.0,7.0,37.0,2.0,5.0,237.0,6.0,3.0,15.0,78.0,21.0,3.0,17.0,2.0,9.0,3.0,16.0,7.0,7.0,2.0,1.0,,,,2.0,5.0,1.0,,2.0,1.0,,2.0,1.0,,,2.0,,,1.0,1.0,2.0,1.0,1.0,1.0,,,2.0,3.0,3.0,,1.0,3.0,1.0,2.0,2.0,2.0,,,1.0,1.0,1.0,1.0,1.0,1.0,2.0,1.0,1.0,1.0,1.0,2.0,1.0,,,,,,,,,,,,,,,,,,,,,,,,,,,,,,,,,,,,,,
5,987638,2018-09-17 20:00:00,"St. Mary's Stadium, Southampton",28811,Away,Brighton and Hove Albion,Southampton,2,2,D,0,1,0,0,,55.0,1.0,1.0,33.0,21.0,4.0,4.0,8.0,2.0,180.0,7.0,4.0,3.0,10.0,92.0,152.0,52.0,,12.0,17.0,,2.0,18.0,9.0,21.0,4.0,3.0,31.0,170.0,0.0,116.0,13.0,1.0,2.0,,70.0,47.0,6.0,64.0,14.0,17.0,4.0,,6.0,1.0,152.0,8.0,106.0,622.0,7.0,12.0,15.0,13.0,323.0,26.0,,10.0,13.0,3.0,3.0,4.0,24.0,416.0,60.0,86153,4.0,174.0,6.0,207.0,7.0,17.0,10.0,55.0,2.0,2.0,14.0,6.0,4.0,72.0,337.0,9.0,9.0,2.0,32.0,76.0,,0.0,2.0,1.0,2.0,2.0,0.0,5.0,1.0,3.0,48.8,22.0,1.0,3.0,2.0,3.0,40.0,4.0,,442.0,13.0,,9.0,14.0,5.0,22.0,2.0,3.0,253.0,5.0,3.0,25.0,77.0,20.0,13.0,14.0,1.0,9.0,2.0,11.0,5.0,4.0,2.0,,1.0,1.0,,2.0,4.0,,,1.0,2.0,,2.0,1.0,1.0,1.0,1.0,1.0,1.0,,1.0,2.0,6.0,1.0,2.0,1.0,1.0,1.0,1.0,1.0,1.0,2.0,1.0,1.0,,1.0,1.0,,1.0,,,,,,1.0,,,1.0,1.0,,,,1.0,1.0,1.0,1.0,1.0,1.0,1.0,1.0,1.0,1.0,1.0,1.0,,,,,,,,,,,,,,,,,,,,,,,,,,
6,987643,2018-09-22 17:30:00,"American Express Stadium, Falmer",30531,Home,Brighton and Hove Albion,Tottenham Hotspur,1,2,L,0,1,0,0,3.0,52.0,1.0,,32.0,14.0,4.0,3.0,4.0,5.0,105.0,3.0,6.0,2.0,6.0,58.0,118.0,41.0,,8.0,9.0,2.0,1.0,14.0,8.0,14.0,5.0,5.0,18.0,81.0,0.0,67.0,15.0,3.0,3.0,2.0,39.0,33.0,3.0,45.0,9.0,7.0,4.0,,2.0,1.0,118.0,11.0,47.0,419.0,3.0,9.0,15.0,13.0,172.0,18.0,,13.0,6.0,2.0,3.0,3.0,24.0,230.0,41.0,93284,2.0,111.0,4.0,122.0,8.0,7.0,8.0,43.0,2.0,2.0,13.0,5.0,4.0,53.0,189.0,9.0,6.0,2.0,24.0,62.0,,0.0,1.0,7.0,4.0,2.0,0.0,1.0,,1.0,28.6,15.0,1.0,1.0,2.0,1.0,35.0,5.0,2.0,255.0,13.0,,10.0,10.0,3.0,21.0,2.0,2.0,147.0,4.0,5.0,13.0,40.0,20.0,6.0,13.0,2.0,5.0,3.0,12.0,4.0,5.0,,1.0,,,1.0,1.0,4.0,1.0,2.0,,,,1.0,1.0,,1.0,,,,1.0,,1.0,2.0,,,1.0,1.0,,4.0,4.0,1.0,1.0,1.0,1.0,,,1.0,,,,2.0,,,,,2.0,,,1.0,,,,,,,,,,2.0,,,,,,1.0,1.0,2.0,1.0,1.0,,,,,,,,,,,,,,,,,,,,,
7,987658,2018-09-29 15:00:00,"Etihad Stadium, Manchester",54152,Away,Brighton and Hove Albion,Manchester City,0,2,L,0,1,0,0,,50.0,4.0,2.0,18.0,34.0,,2.0,4.0,6.0,101.0,4.0,1.0,,4.0,38.0,109.0,28.0,,4.0,14.0,,,8.0,9.0,34.0,3.0,1.0,20.0,44.0,0.0,47.0,10.0,3.0,,,24.0,31.0,3.0,32.0,5.0,6.0,,,1.0,,109.0,19.0,39.0,367.0,2.0,6.0,6.0,10.0,123.0,33.0,,3.0,15.0,3.0,7.0,1.0,15.0,182.0,33.0,86153,4.0,97.0,4.0,117.0,4.0,6.0,16.0,52.0,2.0,1.0,9.0,9.0,7.0,59.0,137.0,4.0,13.0,2.0,21.0,49.0,,0.0,2.0,10.0,2.0,2.0,0.0,2.0,2.0,2.0,19.9,11.0,1.0,1.0,1.0,2.0,17.0,3.0,,210.0,10.0,,8.0,7.0,1.0,8.0,2.0,1.0,101.0,,1.0,8.0,17.0,10.0,15.0,15.0,2.0,2.0,3.0,8.0,3.0,3.0,,,,,,,1.0,,,,,,,,,,,,,,,,,,,,,,3.0,3.0,,,1.0,,3.0,1.0,,,,,,,,,,,,,,,1.0,,,,,,,,,,,,,,,,,,,1.0,1.0,,,,,,,,,,,,,,,,,,,
8,987662,2018-10-05 20:00:00,"American Express Stadium, Falmer",30544,Home,Brighton and Hove Albion,West Ham United,1,0,W,1,0,0,0,,58.0,2.0,1.0,23.0,28.0,3.0,2.0,6.0,4.0,136.0,4.0,11.0,,7.0,60.0,135.0,53.0,,9.0,16.0,,,11.0,12.0,28.0,2.0,4.0,29.0,106.0,0.0,92.0,12.0,2.0,,,56.0,60.0,3.0,39.0,9.0,15.0,3.0,,3.0,1.0,135.0,11.0,47.0,469.0,4.0,18.0,12.0,12.0,182.0,27.0,2.0,5.0,13.0,3.0,6.0,4.0,24.0,257.0,47.0,93284,3.0,90.0,6.0,108.0,7.0,15.0,9.0,45.0,5.0,1.0,15.0,6.0,4.0,63.0,192.0,7.0,5.0,2.0,24.0,67.0,,0.0,,9.0,2.0,,0.0,2.0,1.0,2.0,35.4,18.0,2.0,2.0,1.0,1.0,33.0,2.0,,282.0,12.0,,5.0,11.0,4.0,16.0,2.0,3.0,185.0,4.0,2.0,21.0,47.0,21.0,13.0,17.0,,6.0,3.0,18.0,8.0,2.0,1.0,,1.0,,,1.0,4.0,1.0,1.0,,,,1.0,1.0,,,1.0,,,1.0,,1.0,4.0,1.0,1.0,,,1.0,1.0,1.0,1.0,,1.0,1.0,1.0,,,1.0,,,2.0,,,,,1.0,,,,,1.0,,,,,,,,2.0,,,,,,1.0,,1.0,,1.0,,,1.0,1.0,1.0,,,,,,,,,,,,,,,,
9,987679,2018-10-20 15:00:00,"St. James' Park, Newcastle",50329,Away,Brighton and Hove Albion,Newcastle United,1,0,W,1,0,0,0,1.0,47.0,3.0,1.0,19.0,49.0,3.0,3.0,5.0,6.0,127.0,4.0,8.0,3.0,6.0,45.0,149.0,65.0,,8.0,30.0,1.0,2.0,10.0,13.0,49.0,2.0,4.0,14.0,85.0,0.0,90.0,17.0,4.0,3.0,1.0,43.0,40.0,4.0,39.0,8.0,20.0,3.0,,2.0,2.0,149.0,13.0,36.0,476.0,5.0,8.0,15.0,8.0,146.0,21.0,,11.0,31.0,2.0,8.0,2.0,25.0,219.0,50.0,93284,4.0,70.0,3.0,95.0,6.0,20.0,15.0,72.0,1.0,3.0,17.0,14.0,1.0,73.0,151.0,12.0,10.0,,43.0,69.0,,0.0,1.0,10.0,3.0,,0.0,3.0,,,32.0,14.0,,3.0,3.0,2.0,19.0,2.0,1.0,247.0,8.0,,10.0,8.0,4.0,20.0,1.0,2.0,162.0,5.0,4.0,27.0,51.0,14.0,31.0,19.0,,6.0,3.0,15.0,8.0,2.0,,1.0,,1.0,1.0,1.0,2.0,,,,1.0,,1.0,1.0,2.0,,,,,,,1.0,1.0,,,,,,2.0,2.0,1.0,1.0,1.0,,1.0,,1.0,,,,,1.0,,2.0,,1.0,,1.0,,,1.0,,,,,,,,,,,1.0,,,,,,1.0,,,,1.0,,1.0,,,,,,,,,,,,,,,,
10,987682,2018-10-27 15:00:00,"American Express Stadium, Falmer",30654,Home,Brighton and Hove Albion,Wolverhampton Wanderers,1,0,W,0,0,0,0,,72.0,4.0,1.0,31.0,33.0,2.0,2.0,5.0,7.0,154.0,3.0,12.0,1.0,5.0,87.0,142.0,58.0,,7.0,24.0,1.0,1.0,9.0,13.0,33.0,1.0,7.0,32.0,106.0,0.0,88.0,11.0,1.0,1.0,,63.0,40.0,2.0,47.0,8.0,20.0,2.0,,3.0,2.0,142.0,13.0,74.0,549.0,2.0,12.0,12.0,5.0,249.0,31.0,1.0,11.0,18.0,3.0,10.0,3.0,25.0,336.0,43.0,93284,3.0,159.0,4.0,183.0,7.0,20.0,8.0,57.0,,2.0,10.0,12.0,2.0,76.0,262.0,7.0,12.0,2.0,29.0,78.0,,0.0,,10.0,3.0,,0.0,2.0,1.0,2.0,39.9,11.0,1.0,3.0,2.0,1.0,32.0,1.0,,362.0,5.0,,7.0,14.0,5.0,17.0,1.0,2.0,188.0,3.0,7.0,20.0,51.0,27.0,18.0,19.0,,4.0,2.0,16.0,9.0,1.0,1.0,1.0,,,,1.0,1.0,1.0,1.0,,1.0,,2.0,1.0,,,1.0,,,1.0,,1.0,5.0,,,,,1.0,4.0,4.0,,,,,,,1.0,,,,,,,,,,,1.0,2.0,,,,,,,,1.0,1.0,,1.0,1.0,1.0,,,,,,,,,,1.0,,,1.0,1.0,,,,,,,,,,,,,,
11,987696,2018-11-03 15:00:00,"Goodison Park, Liverpool",38966,Away,Brighton and Hove Albion,Everton,1,3,L,1,1,0,0,2.0,66.0,,1.0,30.0,30.0,1.0,1.0,3.0,,140.0,2.0,6.0,1.0,5.0,72.0,150.0,48.0,,5.0,24.0,,,11.0,8.0,30.0,3.0,3.0,23.0,83.0,0.0,70.0,17.0,,,1.0,63.0,24.0,5.0,41.0,8.0,17.0,2.0,,5.0,,150.0,11.0,62.0,503.0,4.0,14.0,7.0,10.0,199.0,42.0,,11.0,17.0,1.0,2.0,,22.0,286.0,40.0,93284,,134.0,3.0,167.0,4.0,17.0,12.0,66.0,2.0,5.0,15.0,3.0,5.0,69.0,215.0,9.0,10.0,,33.0,67.0,,0.0,,6.0,,3.0,0.0,1.0,1.0,1.0,38.5,16.0,,1.0,5.0,2.0,33.0,4.0,1.0,315.0,10.0,,12.0,12.0,,18.0,1.0,,159.0,3.0,2.0,17.0,36.0,15.0,17.0,16.0,2.0,3.0,3.0,12.0,8.0,4.0,1.0,,1.0,1.0,,1.0,3.0,,,,,,1.0,1.0,,,,,1.0,,,1.0,7.0,1.0,2.0,,,,5.0,5.0,,1.0,1.0,,,,,,,1.0,2.0,,,,,,,,1.0,,,,1.0,,,,,,1.0,,,,2.0,1.0,,,,,,,,,,,,,1.0,,,,,,,,,,,,,
12,987703,2018-11-10 12:30:00,"Cardiff City Stadium, Cardiff",29402,Away,Brighton and Hove Albion,Cardiff City,1,2,L,1,1,1,0,2.0,65.0,2.0,1.0,25.0,36.0,3.0,3.0,4.0,3.0,154.0,2.0,10.0,1.0,6.0,54.0,148.0,69.0,,7.0,30.0,,,5.0,9.0,36.0,1.0,6.0,22.0,76.0,0.0,65.0,21.0,1.0,1.0,,42.0,27.0,5.0,41.0,4.0,10.0,3.0,,,1.0,148.0,9.0,66.0,477.0,5.0,18.0,7.0,9.0,193.0,38.0,,10.0,23.0,1.0,6.0,1.0,23.0,293.0,42.0,93284,2.0,128.0,3.0,168.0,7.0,10.0,10.0,68.0,,2.0,11.0,11.0,4.0,82.0,202.0,7.0,7.0,,47.0,79.0,,0.0,1.0,4.0,2.0,2.0,1.0,2.0,1.0,1.0,39.4,15.0,,2.0,2.0,2.0,28.0,1.0,,315.0,9.0,,8.0,9.0,2.0,11.0,,1.0,152.0,3.0,5.0,39.0,29.0,16.0,23.0,14.0,2.0,5.0,2.0,14.0,2.0,1.0,1.0,1.0,,1.0,,1.0,3.0,,1.0,,1.0,,1.0,1.0,,,,,1.0,,,1.0,4.0,1.0,1.0,,,,1.0,1.0,1.0,1.0,1.0,,2.0,,,,1.0,,1.0,,,,,1.0,,1.0,2.0,,,,,1.0,,,,,1.0,,,,1.0,1.0,,,,,,,1.0,,,,,,,3.0,,,,,,,,,,,,
13,987713,2018-11-24 15:00:00,"American Express Stadium, Falmer",30553,Home,Brighton and Hove Albion,Leicester City,1,1,D,1,0,0,1,1.0,59.0,,,37.0,11.0,5.0,4.0,9.0,2.0,163.0,5.0,8.0,3.0,12.0,98.0,163.0,43.0,1.0,14.0,23.0,1.0,3.0,25.0,13.0,11.0,6.0,2.0,26.0,169.0,0.0,117.0,10.0,,2.0,,65.0,84.0,4.0,85.0,19.0,26.0,5.0,1.0,6.0,2.0,163.0,6.0,85.0,628.0,11.0,5.0,20.0,12.0,326.0,30.0,,12.0,6.0,3.0,2.0,8.0,29.0,413.0,43.0,93284,4.0,172.0,11.0,204.0,5.0,26.0,10.0,55.0,5.0,4.0,14.0,2.0,4.0,74.0,336.0,6.0,6.0,,37.0,69.0,1.0,0.0,2.0,1.0,2.0,1.0,0.0,3.0,2.0,2.0,54.6,19.0,1.0,5.0,4.0,3.0,37.0,6.0,,431.0,12.0,,10.0,16.0,8.0,26.0,2.0,6.0,252.0,8.0,2.0,10.0,85.0,18.0,6.0,19.0,1.0,10.0,3.0,15.0,8.0,6.0,,,,1.0,,1.0,3.0,,1.0,,4.0,1.0,,1.0,,1.0,,,,,,1.0,3.0,1.0,3.0,1.0,1.0,1.0,2.0,2.0,1.0,3.0,2.0,1.0,,,,,,,1.0,1.0,,,,,,,2.0,,,,,1.0,,,,,,,,,,1.0,,,,,,,1.0,,,,,,,2.0,1.0,,,,,,,,,,,
14,987726,2018-12-01 15:00:00,"Accu Stadium, Huddersfield",22973,Away,Brighton and Hove Albion,Huddersfield Town,2,1,W,1,1,0,1,,61.0,1.0,1.0,41.0,29.0,7.0,3.0,7.0,1.0,166.0,6.0,6.0,3.0,11.0,170.0,138.0,62.0,1.0,14.0,16.0,,1.0,17.0,8.0,29.0,3.0,5.0,36.0,267.0,0.0,160.0,12.0,1.0,,,73.0,114.0,9.0,87.0,14.0,5.0,7.0,1.0,4.0,2.0,138.0,5.0,145.0,758.0,7.0,8.0,22.0,11.0,461.0,24.0,1.0,6.0,23.0,2.0,2.0,2.0,22.0,545.0,66.0,93284,5.0,217.0,10.0,235.0,8.0,5.0,7.0,43.0,4.0,4.0,18.0,2.0,4.0,70.0,478.0,10.0,2.0,2.0,14.0,89.0,,0.0,,2.0,,1.0,0.0,4.0,1.0,4.0,67.9,20.0,1.0,2.0,4.0,5.0,54.0,6.0,,568.0,11.0,,7.0,15.0,3.0,30.0,2.0,1.0,350.0,7.0,5.0,31.0,115.0,30.0,23.0,15.0,1.0,8.0,3.0,12.0,1.0,7.0,2.0,,1.0,1.0,,2.0,6.0,1.0,1.0,,,1.0,2.0,2.0,1.0,,,,1.0,1.0,,2.0,3.0,2.0,,,,1.0,2.0,2.0,1.0,4.0,3.0,1.0,,1.0,1.0,1.0,,1.0,2.0,,,,3.0,1.0,,,1.0,3.0,,,,,,,,,1.0,,,,1.0,2.0,,,,,,,,,1.0,,,,,,,,,,,,,,,,,
15,987733,2018-12-04 19:45:00,"American Express Stadium, Falmer",29663,Home,Brighton and Hove Albion,Crystal Palace,3,1,W,3,0,1,0,1.0,56.0,1.0,,19.0,33.0,3.0,3.0,6.0,3.0,119.0,2.0,7.0,2.0,5.0,51.0,135.0,63.0,,9.0,16.0,1.0,1.0,12.0,15.0,33.0,4.0,5.0,20.0,101.0,0.0,75.0,14.0,1.0,2.0,1.0,52.0,50.0,2.0,39.0,8.0,14.0,3.0,,2.0,,135.0,10.0,60.0,488.0,4.0,10.0,16.0,16.0,180.0,31.0,,3.0,10.0,2.0,6.0,3.0,15.0,244.0,42.0,93284,3.0,90.0,4.0,106.0,10.0,14.0,11.0,54.0,,1.0,23.0,8.0,4.0,59.0,189.0,12.0,8.0,1.0,22.0,70.0,,0.0,,5.0,3.0,1.0,1.0,2.0,,1.0,31.5,11.0,1.0,2.0,1.0,3.0,31.0,4.0,1.0,269.0,16.0,,10.0,12.0,3.0,17.0,,3.0,175.0,5.0,5.0,14.0,39.0,16.0,10.0,30.0,1.0,4.0,3.0,14.0,9.0,4.0,1.0,1.0,1.0,,,3.0,3.0,,,1.0,2.0,,,,,1.0,3.0,,,1.0,1.0,3.0,2.0,,2.0,1.0,1.0,1.0,1.0,1.0,,3.0,,,3.0,,,,1.0,,,,,,,,,1.0,2.0,,,,,,,,,,,,,,,,2.0,1.0,2.0,,2.0,,,,,,,1.0,,,,1.0,,,,,,,,,,
16,987744,2018-12-08 15:00:00,"Turf Moor, Burnley",18497,Away,Brighton and Hove Albion,Burnley,0,1,L,0,1,0,0,,56.0,1.0,,33.0,20.0,6.0,4.0,8.0,3.0,204.0,9.0,10.0,2.0,12.0,120.0,176.0,61.0,,14.0,30.0,1.0,4.0,21.0,6.0,20.0,6.0,3.0,24.0,168.0,0.0,122.0,11.0,1.0,3.0,2.0,60.0,77.0,2.0,67.0,15.0,15.0,6.0,,5.0,5.0,176.0,10.0,124.0,704.0,8.0,10.0,17.0,13.0,368.0,29.0,2.0,10.0,9.0,0.0,5.0,10.0,22.0,489.0,57.0,93284,6.0,228.0,7.0,275.0,4.0,15.0,11.0,55.0,1.0,6.0,15.0,4.0,5.0,90.0,387.0,10.0,2.0,4.0,45.0,95.0,,0.0,3.0,2.0,2.0,1.0,0.0,4.0,2.0,6.0,62.6,17.0,5.0,3.0,6.0,1.0,48.0,7.0,2.0,515.0,13.0,,5.0,8.0,12.0,29.0,5.0,7.0,261.0,4.0,3.0,30.0,75.0,15.0,9.0,11.0,1.0,8.0,3.0,17.0,3.0,7.0,,,,,,,1.0,,,,5.0,,2.0,,,,,,,,,,3.0,,,,,,1.0,1.0,,1.0,1.0,,,1.0,2.0,,,,,3.0,,,,,,2.0,2.0,,1.0,,,,,,,,,,,2.0,,,,,,,,,,,,1.0,,,,,1.0,,,,,,,,,,,
17,987752,2018-12-16 13:30:00,"American Express Stadium, Falmer",30645,Home,Brighton and Hove Albion,Chelsea,1,2,L,0,2,0,0,,61.0,1.0,1.0,37.0,14.0,3.0,4.0,3.0,1.0,163.0,4.0,5.0,2.0,4.0,113.0,142.0,51.0,1.0,6.0,10.0,,1.0,16.0,11.0,14.0,2.0,6.0,29.0,125.0,0.0,82.0,14.0,,2.0,,68.0,62.0,2.0,66.0,14.0,22.0,3.0,1.0,5.0,2.0,142.0,5.0,113.0,639.0,3.0,9.0,7.0,16.0,350.0,27.0,,5.0,7.0,2.0,3.0,2.0,27.0,436.0,37.0,93284,2.0,242.0,7.0,268.0,10.0,22.0,6.0,49.0,5.0,4.0,14.0,5.0,2.0,63.0,363.0,6.0,10.0,,15.0,71.0,1.0,0.0,3.0,1.0,,2.0,0.0,3.0,1.0,1.0,41.7,26.0,1.0,4.0,4.0,1.0,39.0,4.0,,455.0,16.0,1.0,11.0,18.0,3.0,16.0,1.0,1.0,203.0,1.0,5.0,16.0,51.0,25.0,7.0,24.0,2.0,4.0,3.0,9.0,8.0,4.0,,,,,1.0,1.0,2.0,1.0,1.0,,,,,1.0,,,,,,1.0,,1.0,1.0,1.0,1.0,,,,,,1.0,,,,,,,1.0,,1.0,,,,,,,,,,1.0,1.0,,,,1.0,,,,1.0,,,,,,,,,1.0,,,1.0,,,,,,,,,,,,,,,,,,,
18,987762,2018-12-22 15:00:00,"Vitality Stadium, Bournemouth",10491,Away,Brighton and Hove Albion,Bournemouth,0,2,L,0,1,1,0,2.0,62.0,1.0,,35.0,19.0,6.0,4.0,4.0,1.0,146.0,4.0,9.0,1.0,8.0,99.0,147.0,48.0,1.0,10.0,26.0,,1.0,19.0,11.0,19.0,4.0,7.0,38.0,145.0,0.0,115.0,18.0,1.0,,1.0,50.0,79.0,5.0,57.0,16.0,14.0,6.0,1.0,11.0,3.0,147.0,5.0,90.0,578.0,8.0,6.0,12.0,16.0,273.0,26.0,,8.0,3.0,0.0,4.0,3.0,23.0,369.0,49.0,93284,4.0,150.0,5.0,181.0,10.0,14.0,8.0,62.0,2.0,6.0,13.0,9.0,5.0,74.0,291.0,6.0,10.0,,32.0,71.0,1.0,0.0,,6.0,,2.0,1.0,4.0,1.0,1.0,42.8,18.0,,6.0,6.0,1.0,34.0,5.0,1.0,392.0,16.0,1.0,5.0,17.0,4.0,26.0,1.0,1.0,230.0,4.0,7.0,14.0,72.0,23.0,3.0,19.0,1.0,7.0,3.0,15.0,8.0,5.0,,,,,,,5.0,,,,,,1.0,,,,,2.0,,,,,3.0,,,,,,1.0,1.0,2.0,1.0,3.0,3.0,2.0,1.0,1.0,2.0,,,1.0,,,,,,,,1.0,1.0,3.0,,1.0,,,1.0,,,2.0,,,,,,,,,,,,1.0,,,,,,,,,,1.0,,,,,,,,,
19,987772,2018-12-26 17:15:00,"American Express Stadium, Falmer",30608,Home,Brighton and Hove Albion,Arsenal,1,1,D,1,1,0,0,,60.0,1.0,,30.0,22.0,5.0,4.0,7.0,3.0,130.0,5.0,2.0,,9.0,75.0,122.0,39.0,,12.0,14.0,,2.0,16.0,12.0,22.0,4.0,6.0,40.0,134.0,0.0,101.0,10.0,3.0,,,41.0,60.0,3.0,48.0,12.0,15.0,5.0,,7.0,3.0,122.0,4.0,71.0,480.0,9.0,11.0,24.0,13.0,228.0,31.0,,4.0,11.0,2.0,2.0,6.0,20.0,308.0,52.0,93284,6.0,111.0,5.0,131.0,8.0,15.0,8.0,40.0,1.0,4.0,14.0,3.0,5.0,64.0,240.0,3.0,9.0,,18.0,61.0,2.0,0.0,,9.0,2.0,1.0,0.0,4.0,1.0,3.0,32.0,15.0,3.0,3.0,4.0,1.0,32.0,4.0,,324.0,13.0,,2.0,21.0,8.0,28.0,1.0,5.0,209.0,5.0,5.0,15.0,62.0,21.0,11.0,19.0,1.0,11.0,2.0,7.0,5.0,4.0,1.0,,,,1.0,1.0,3.0,,,,3.0,,,,,,,,,1.0,,1.0,3.0,,1.0,,,,1.0,1.0,,1.0,1.0,,5.0,,,2.0,,,2.0,1.0,,,1.0,,,,,,3.0,,,,1.0,,,,1.0,,,1.0,,,3.0,1.0,3.0,1.0,3.0,,,,,,,,,,,,,,,,,,,,,
20,987782,2018-12-29 15:00:00,"American Express Stadium, Falmer",30597,Home,Brighton and Hove Albion,Everton,1,0,W,0,0,0,0,,60.0,1.0,4.0,31.0,36.0,2.0,2.0,8.0,4.0,147.0,6.0,6.0,4.0,5.0,83.0,167.0,66.0,1.0,11.0,34.0,2.0,1.0,17.0,12.0,36.0,6.0,7.0,39.0,138.0,0.0,110.0,10.0,3.0,2.0,,44.0,64.0,4.0,49.0,11.0,9.0,3.0,1.0,3.0,1.0,167.0,9.0,70.0,587.0,4.0,2.0,25.0,6.0,240.0,24.0,1.0,4.0,18.0,0.0,3.0,1.0,39.0,331.0,64.0,93284,2.0,114.0,6.0,134.0,4.0,9.0,8.0,69.0,2.0,2.0,18.0,4.0,3.0,81.0,246.0,10.0,9.0,1.0,25.0,76.0,,0.0,3.0,6.0,3.0,,0.0,4.0,1.0,1.0,44.8,25.0,,7.0,2.0,5.0,23.0,6.0,1.0,349.0,6.0,1.0,11.0,16.0,3.0,31.0,2.0,2.0,232.0,8.0,7.0,27.0,61.0,23.0,18.0,23.0,,6.0,1.0,11.0,4.0,6.0,1.0,,,,,1.0,3.0,,,,1.0,,1.0,,1.0,,1.0,,,,,1.0,1.0,,2.0,,,,4.0,4.0,,1.0,1.0,,,1.0,1.0,1.0,,,1.0,,,,,,1.0,1.0,2.0,1.0,,,,,,,,,1.0,,,,1.0,,,,,1.0,,,,1.0,1.0,,,,,,,1.0,,1.0,1.0,1.0,,,,,,
21,987800,2019-01-02 19:45:00,"London Stadium, London",59870,Away,Brighton and Hove Albion,West Ham United,2,2,D,0,0,0,0,,61.0,3.0,3.0,25.0,16.0,5.0,6.0,8.0,4.0,166.0,8.0,7.0,1.0,11.0,103.0,147.0,52.0,,13.0,20.0,,,18.0,7.0,16.0,5.0,3.0,35.0,160.0,0.0,102.0,11.0,1.0,,1.0,57.0,53.0,9.0,60.0,13.0,14.0,5.0,,6.0,1.0,147.0,6.0,81.0,587.0,8.0,11.0,13.0,12.0,298.0,20.0,,6.0,7.0,1.0,1.0,2.0,15.0,388.0,55.0,93284,4.0,158.0,7.0,195.0,6.0,14.0,7.0,52.0,4.0,2.0,20.0,7.0,1.0,68.0,310.0,9.0,11.0,2.0,33.0,71.0,,0.0,1.0,1.0,1.0,2.0,0.0,4.0,1.0,2.0,45.7,13.0,1.0,1.0,2.0,5.0,40.0,5.0,1.0,410.0,12.0,,8.0,21.0,2.0,23.0,4.0,1.0,233.0,3.0,2.0,19.0,66.0,34.0,7.0,17.0,2.0,8.0,2.0,9.0,8.0,5.0,1.0,,1.0,1.0,1.0,2.0,6.0,,1.0,,1.0,,1.0,1.0,1.0,,1.0,,1.0,,,2.0,5.0,1.0,1.0,,,,2.0,2.0,3.0,2.0,2.0,2.0,,1.0,,1.0,,,,1.0,,,,,,,,1.0,,,,1.0,,,,,2.0,,,,1.0,,,,,1.0,,,,,1.0,,,,,2.0,,1.0,,,,,,,,,,
22,987802,2019-01-12 15:00:00,"American Express Stadium, Falmer",30682,Home,Brighton and Hove Albion,Liverpool,0,1,L,0,0,0,0,3.0,69.0,1.0,2.0,26.0,17.0,1.0,2.0,5.0,2.0,141.0,4.0,3.0,,6.0,78.0,145.0,34.0,,7.0,20.0,,3.0,14.0,7.0,17.0,2.0,1.0,29.0,98.0,0.0,77.0,15.0,1.0,,1.0,32.0,45.0,2.0,36.0,12.0,16.0,2.0,,5.0,2.0,145.0,8.0,46.0,458.0,6.0,8.0,12.0,13.0,193.0,33.0,,7.0,6.0,0.0,2.0,4.0,17.0,275.0,47.0,93284,3.0,111.0,7.0,143.0,6.0,16.0,8.0,50.0,5.0,2.0,18.0,2.0,3.0,74.0,205.0,4.0,9.0,,27.0,70.0,2.0,0.0,1.0,7.0,1.0,1.0,0.0,4.0,1.0,1.0,29.1,12.0,1.0,4.0,2.0,2.0,29.0,2.0,1.0,301.0,13.0,,8.0,15.0,5.0,22.0,,3.0,172.0,4.0,,15.0,47.0,19.0,6.0,12.0,1.0,6.0,3.0,5.0,8.0,2.0,,,,,,,,,,,1.0,,,,,1.0,,,,,,,3.0,,1.0,1.0,1.0,,2.0,2.0,,,,,2.0,,,,,,,,,,,,,,1.0,,1.0,,,,,,,,,,,2.0,,,,,,,,,,,,,,,1.0,,,,,,,,,,,,,
23,987817,2019-01-19 15:00:00,"Old Trafford, Manchester",74532,Away,Brighton and Hove Albion,Manchester United,1,2,L,0,2,0,0,,57.0,1.0,,41.0,18.0,2.0,,5.0,4.0,131.0,6.0,4.0,3.0,6.0,99.0,134.0,52.0,,7.0,20.0,1.0,1.0,23.0,10.0,18.0,4.0,12.0,44.0,150.0,0.0,109.0,11.0,1.0,4.0,,63.0,56.0,4.0,63.0,19.0,21.0,2.0,,10.0,,134.0,12.0,98.0,581.0,3.0,8.0,16.0,13.0,294.0,24.0,,4.0,11.0,0.0,6.0,2.0,21.0,367.0,47.0,93284,2.0,166.0,5.0,184.0,7.0,21.0,11.0,50.0,2.0,3.0,18.0,8.0,5.0,71.0,310.0,11.0,8.0,2.0,11.0,58.0,1.0,0.0,,6.0,2.0,2.0,0.0,4.0,,2.0,44.0,17.0,1.0,4.0,3.0,1.0,29.0,5.0,,391.0,13.0,,7.0,21.0,3.0,33.0,2.0,3.0,230.0,5.0,11.0,21.0,71.0,24.0,11.0,17.0,2.0,4.0,3.0,9.0,8.0,5.0,1.0,,,,,1.0,3.0,1.0,,,2.0,,1.0,1.0,,1.0,1.0,,,1.0,,1.0,2.0,1.0,,1.0,1.0,,3.0,3.0,,1.0,1.0,1.0,2.0,1.0,,,,,1.0,2.0,,,,1.0,1.0,2.0,2.0,1.0,,,,,,,,,1.0,,,,,,,,,1.0,,,,,,,,,,,,1.0,,,,,,,,,,
24,987824,2019-01-29 19:45:00,"Craven Cottage, London",22008,Away,Brighton and Hove Albion,Fulham,2,4,L,2,0,0,0,,60.0,2.0,4.0,34.0,31.0,4.0,3.0,11.0,3.0,143.0,7.0,10.0,1.0,7.0,105.0,150.0,69.0,,15.0,30.0,1.0,3.0,22.0,4.0,31.0,1.0,8.0,41.0,163.0,0.0,117.0,5.0,1.0,2.0,1.0,60.0,58.0,7.0,46.0,21.0,17.0,4.0,,9.0,1.0,150.0,16.0,88.0,603.0,4.0,11.0,27.0,14.0,268.0,24.0,,4.0,19.0,3.0,7.0,,25.0,354.0,56.0,93284,7.0,131.0,10.0,153.0,2.0,17.0,10.0,51.0,1.0,2.0,22.0,8.0,6.0,68.0,287.0,10.0,11.0,1.0,16.0,72.0,1.0,0.0,,10.0,2.0,4.0,0.0,7.0,,2.0,38.1,14.0,,7.0,2.0,5.0,37.0,1.0,1.0,382.0,14.0,,3.0,26.0,4.0,36.0,,2.0,251.0,9.0,7.0,35.0,75.0,23.0,19.0,14.0,3.0,10.0,2.0,13.0,8.0,1.0,1.0,2.0,,,1.0,2.0,6.0,2.0,,,,,1.0,2.0,,,1.0,2.0,,2.0,,2.0,6.0,1.0,1.0,,,2.0,6.0,6.0,,1.0,3.0,1.0,,2.0,2.0,,1.0,,2.0,,,,,3.0,,1.0,4.0,,,,1.0,,,1.0,1.0,,1.0,,1.0,,,,1.0,,1.0,,1.0,,,,,,,,,3.0,,,,,,,1.0,1.0,,,,
25,987832,2019-02-02 15:00:00,"American Express Stadium, Falmer",30414,Home,Brighton and Hove Albion,Watford,0,0,D,0,0,0,0,,76.0,,1.0,34.0,19.0,8.0,4.0,13.0,,181.0,11.0,19.0,1.0,20.0,113.0,178.0,75.0,,21.0,24.0,1.0,1.0,27.0,8.0,19.0,5.0,5.0,42.0,207.0,0.0,134.0,15.0,1.0,3.0,,73.0,87.0,8.0,62.0,22.0,13.0,8.0,,9.0,5.0,178.0,4.0,100.0,699.0,14.0,9.0,28.0,20.0,338.0,24.0,,7.0,14.0,1.0,,12.0,24.0,438.0,61.0,93284,9.0,154.0,10.0,181.0,5.0,13.0,4.0,68.0,4.0,3.0,14.0,1.0,3.0,71.0,350.0,9.0,4.0,6.0,28.0,84.0,1.0,0.0,4.0,,,,0.0,7.0,,5.0,55.1,17.0,3.0,2.0,3.0,4.0,51.0,7.0,,456.0,20.0,,13.0,22.0,13.0,43.0,4.0,8.0,302.0,12.0,5.0,26.0,86.0,43.0,14.0,21.0,,13.0,1.0,33.0,5.0,7.0,,,,,,,4.0,,4.0,,5.0,,3.0,,,,,3.0,,,,,3.0,,2.0,,,,1.0,1.0,,3.0,4.0,1.0,,2.0,3.0,,,,2.0,2.0,,,,1.0,,3.0,4.0,1.0,3.0,,,,,1.0,,,,,,,,,,,,,,,,1.0,,,,,,,2.0,,,1.0,,1.0,,,,,,
26,987842,2019-02-09 17:30:00,"American Express Stadium, Falmer",29323,Home,Brighton and Hove Albion,Burnley,1,3,L,0,1,0,0,,50.0,1.0,3.0,38.0,7.0,3.0,2.0,13.0,2.0,174.0,10.0,6.0,2.0,12.0,140.0,178.0,67.0,,16.0,30.0,,2.0,41.0,5.0,7.0,6.0,6.0,52.0,227.0,0.0,166.0,8.0,,3.0,,81.0,82.0,9.0,69.0,35.0,15.0,3.0,,16.0,,178.0,6.0,136.0,729.0,9.0,14.0,36.0,11.0,396.0,19.0,,5.0,3.0,1.0,2.0,3.0,38.0,496.0,66.0,86153,11.0,193.0,16.0,218.0,3.0,15.0,7.0,51.0,1.0,3.0,20.0,3.0,3.0,77.0,410.0,7.0,2.0,2.0,17.0,89.0,,0.0,,3.0,1.0,3.0,0.0,8.0,1.0,6.0,68.2,32.0,3.0,1.0,3.0,6.0,52.0,9.0,,519.0,11.0,,8.0,25.0,4.0,55.0,2.0,4.0,342.0,7.0,5.0,43.0,118.0,20.0,3.0,11.0,3.0,8.0,3.0,9.0,6.0,9.0,1.0,,1.0,1.0,,1.0,6.0,,,,1.0,,1.0,1.0,,1.0,,1.0,1.0,,,1.0,6.0,1.0,1.0,1.0,1.0,,2.0,2.0,1.0,3.0,5.0,,2.0,2.0,,1.0,,,2.0,1.0,,,,,,1.0,4.0,,1.0,,,1.0,,1.0,,,,,,,2.0,1.0,,,,,,,1.0,,1.0,,,,,,2.0,,,,,,,,,,,
27,987856,2019-04-03 19:45:00,"Stamford Bridge, London",38593,Away,Brighton and Hove Albion,Chelsea,0,3,L,0,1,0,0,,55.0,,,42.0,24.0,2.0,2.0,1.0,1.0,129.0,3.0,8.0,,3.0,78.0,122.0,45.0,,3.0,17.0,,,9.0,14.0,24.0,1.0,5.0,32.0,111.0,0.0,52.0,9.0,,,,37.0,46.0,1.0,64.0,8.0,13.0,2.0,,2.0,1.0,122.0,14.0,79.0,530.0,3.0,10.0,9.0,15.0,262.0,32.0,,5.0,13.0,0.0,5.0,2.0,15.0,323.0,31.0,93284,1.0,171.0,6.0,201.0,6.0,13.0,13.0,55.0,2.0,1.0,17.0,3.0,9.0,68.0,279.0,5.0,10.0,,20.0,61.0,,0.0,2.0,7.0,1.0,3.0,0.0,2.0,,,31.7,10.0,,,1.0,,38.0,1.0,,350.0,15.0,,13.0,21.0,2.0,14.0,1.0,1.0,158.0,1.0,4.0,15.0,36.0,14.0,13.0,17.0,2.0,2.0,3.0,14.0,8.0,1.0,,,,,,,1.0,,,,2.0,,1.0,,1.0,,,1.0,,,,,1.0,,,,,,2.0,2.0,1.0,,,1.0,2.0,,1.0,,,,,1.0,,,,,1.0,,,1.0,,,1.0,,,1.0,,,1.0,,,,,,,,,,,,,,,,,,,,,,,,,,,,,,,
28,987866,2019-02-26 19:45:00,"King Power Stadium, Leicester",30558,Away,Brighton and Hove Albion,Leicester City,1,2,L,0,1,0,0,1.0,59.0,,,39.0,12.0,7.0,3.0,8.0,1.0,159.0,5.0,7.0,1.0,8.0,106.0,148.0,36.0,1.0,15.0,27.0,,3.0,31.0,2.0,12.0,8.0,4.0,38.0,189.0,0.0,133.0,4.0,1.0,1.0,,85.0,71.0,1.0,65.0,23.0,14.0,7.0,1.0,10.0,3.0,148.0,13.0,114.0,627.0,5.0,15.0,21.0,7.0,345.0,15.0,,7.0,4.0,1.0,6.0,7.0,27.0,423.0,66.0,86153,7.0,177.0,12.0,198.0,3.0,14.0,12.0,55.0,4.0,1.0,12.0,6.0,9.0,73.0,361.0,5.0,11.0,3.0,19.0,79.0,,0.0,2.0,4.0,1.0,2.0,0.0,1.0,2.0,3.0,50.9,20.0,3.0,4.0,1.0,3.0,51.0,8.0,,444.0,7.0,,7.0,17.0,9.0,37.0,4.0,6.0,277.0,9.0,3.0,19.0,91.0,37.0,4.0,6.0,2.0,8.0,3.0,14.0,5.0,8.0,,1.0,,,,1.0,3.0,,1.0,,3.0,,1.0,,,,1.0,,,1.0,,1.0,7.0,,,,,,2.0,2.0,1.0,3.0,1.0,1.0,,,1.0,,,,1.0,1.0,,,,,,,1.0,,2.0,,,,,,,,1.0,,,,1.0,,,,,1.0,,,,,,,,,,,,,,,,,,,,,,
29,987873,2019-03-02 15:00:00,"American Express Stadium, Falmer",30182,Home,Brighton and Hove Albion,Huddersfield Town,1,0,W,0,0,0,0,1.0,58.0,2.0,1.0,29.0,20.0,6.0,1.0,8.0,4.0,158.0,7.0,11.0,3.0,13.0,112.0,162.0,62.0,,14.0,20.0,,1.0,19.0,14.0,20.0,6.0,6.0,37.0,208.0,0.0,146.0,11.0,2.0,1.0,,77.0,55.0,8.0,62.0,13.0,20.0,6.0,,4.0,1.0,162.0,3.0,123.0,697.0,8.0,9.0,33.0,10.0,359.0,17.0,1.0,5.0,11.0,2.0,2.0,5.0,36.0,442.0,75.0,93284,5.0,167.0,8.0,183.0,7.0,20.0,6.0,51.0,3.0,6.0,30.0,3.0,4.0,52.0,368.0,6.0,2.0,4.0,13.0,63.0,,0.0,3.0,3.0,2.0,,0.0,2.0,,5.0,52.7,31.0,3.0,7.0,6.0,4.0,42.0,6.0,,455.0,10.0,,7.0,21.0,6.0,28.0,5.0,4.0,291.0,8.0,5.0,24.0,94.0,27.0,11.0,22.0,,9.0,3.0,25.0,7.0,6.0,1.0,,,1.0,,1.0,4.0,,,,3.0,1.0,2.0,1.0,,,,,,,,1.0,3.0,1.0,2.0,,,,,,,3.0,2.0,2.0,1.0,1.0,1.0,1.0,,,2.0,,,,,,,,1.0,,,,,,,,1.0,,1.0,,1.0,,,1.0,,,,,,,1.0,1.0,,,,1.0,,,,,,,,,1.0,1.0,,,,
30,987885,2019-03-09 12:30:00,"Selhurst Park, London",24972,Away,Brighton and Hove Albion,Crystal Palace,2,1,W,1,0,0,0,,75.0,1.0,,27.0,30.0,3.0,1.0,1.0,2.0,153.0,2.0,3.0,1.0,4.0,71.0,161.0,50.0,,4.0,11.0,1.0,,4.0,21.0,30.0,,6.0,28.0,117.0,0.0,84.0,18.0,2.0,1.0,,60.0,50.0,3.0,59.0,4.0,20.0,3.0,,,1.0,161.0,9.0,75.0,574.0,2.0,5.0,10.0,17.0,245.0,46.0,,6.0,18.0,5.0,6.0,1.0,22.0,333.0,42.0,86153,,143.0,3.0,170.0,12.0,20.0,11.0,67.0,1.0,1.0,20.0,6.0,6.0,71.0,258.0,8.0,10.0,,30.0,76.0,,0.0,3.0,8.0,1.0,1.0,0.0,2.0,,,37.3,15.0,,4.0,1.0,,35.0,,,358.0,17.0,,15.0,11.0,1.0,10.0,,,192.0,3.0,4.0,14.0,54.0,20.0,18.0,26.0,1.0,4.0,2.0,16.0,8.0,,,1.0,,,1.0,2.0,3.0,2.0,,,,,,2.0,1.0,1.0,1.0,,,2.0,,1.0,,,,1.0,1.0,1.0,7.0,7.0,,,,1.0,4.0,,,,,,1.0,,,,,,,,,,1.0,1.0,,,,,,,1.0,,,,,,1.0,1.0,2.0,1.0,1.0,,1.0,,,,,,,,,,,,,,,,1.0,,,
31,987893,2019-04-16 19:45:00,"American Express Stadium, Falmer",30226,Home,Brighton and Hove Albion,Cardiff City,0,2,L,0,1,0,0,,72.0,,1.0,29.0,16.0,7.0,4.0,7.0,1.0,197.0,4.0,10.0,3.0,11.0,137.0,189.0,80.0,1.0,14.0,34.0,1.0,3.0,21.0,9.0,16.0,4.0,4.0,42.0,204.0,0.0,139.0,11.0,,2.0,,47.0,91.0,6.0,70.0,17.0,13.0,7.0,1.0,10.0,4.0,189.0,6.0,116.0,744.0,9.0,4.0,23.0,8.0,390.0,28.0,,3.0,12.0,0.0,4.0,5.0,26.0,500.0,75.0,93284,3.0,203.0,5.0,232.0,5.0,13.0,5.0,85.0,2.0,6.0,21.0,4.0,3.0,59.0,403.0,12.0,11.0,2.0,11.0,101.0,1.0,0.0,,4.0,1.0,2.0,0.0,2.0,,2.0,63.9,23.0,,4.0,6.0,4.0,65.0,5.0,,520.0,8.0,1.0,16.0,16.0,8.0,47.0,2.0,3.0,309.0,8.0,3.0,41.0,83.0,34.0,12.0,18.0,1.0,9.0,2.0,23.0,7.0,5.0,,,,,,,2.0,,1.0,,1.0,,,,,,,1.0,,,,,2.0,,2.0,,,,1.0,1.0,,3.0,2.0,,,1.0,,1.0,,,1.0,,,,,,,,1.0,2.0,2.0,,1.0,,,1.0,1.0,1.0,,,1.0,,1.0,,,,,,,,1.0,,,2.0,1.0,,,,,,,,,,,,,1.0,,
32,987903,2019-03-30 15:00:00,"American Express Stadium, Falmer",30636,Home,Brighton and Hove Albion,Southampton,0,1,L,0,0,0,0,,60.0,,2.0,48.0,18.0,8.0,4.0,6.0,1.0,201.0,6.0,13.0,,11.0,136.0,195.0,79.0,,14.0,21.0,,5.0,21.0,12.0,18.0,5.0,7.0,52.0,200.0,0.0,150.0,8.0,,1.0,,106.0,54.0,4.0,74.0,16.0,25.0,8.0,,3.0,4.0,195.0,7.0,114.0,741.0,9.0,18.0,26.0,14.0,372.0,27.0,1.0,10.0,11.0,1.0,2.0,7.0,35.0,501.0,61.0,86153,4.0,194.0,12.0,248.0,5.0,25.0,11.0,45.0,6.0,2.0,19.0,1.0,7.0,87.0,388.0,10.0,7.0,2.0,30.0,82.0,,0.0,3.0,5.0,1.0,1.0,0.0,4.0,1.0,3.0,60.2,29.0,3.0,1.0,2.0,4.0,52.0,6.0,,525.0,14.0,,3.0,28.0,9.0,34.0,2.0,4.0,298.0,7.0,5.0,36.0,100.0,27.0,11.0,20.0,1.0,9.0,2.0,19.0,8.0,6.0,,,,,,,1.0,,1.0,,1.0,,,,,,,1.0,,,,,5.0,,1.0,,,,3.0,3.0,,2.0,,,2.0,,,,,,1.0,1.0,,,,1.0,,1.0,1.0,,,,,,,1.0,1.0,,1.0,,1.0,,,,,,,,,,,,1.0,,,,,,,,,,,,1.0,1.0,,,,
33,987919,2019-04-23 19:45:00,"Tottenham Hotspur Stadium, London",56251,Away,Brighton and Hove Albion,Tottenham Hotspur,0,1,L,0,0,0,0,1.0,54.0,3.0,1.0,23.0,37.0,2.0,1.0,3.0,4.0,113.0,2.0,5.0,2.0,6.0,26.0,135.0,55.0,,6.0,23.0,1.0,,9.0,8.0,37.0,3.0,,23.0,52.0,0.0,54.0,13.0,2.0,2.0,1.0,39.0,22.0,2.0,35.0,6.0,15.0,3.0,,2.0,3.0,135.0,8.0,20.0,383.0,4.0,15.0,8.0,13.0,87.0,34.0,,,19.0,2.0,11.0,4.0,20.0,156.0,40.0,93284,,51.0,2.0,76.0,6.0,15.0,19.0,58.0,1.0,,12.0,21.0,8.0,68.0,101.0,7.0,8.0,2.0,19.0,62.0,,0.0,2.0,6.0,1.0,1.0,0.0,1.0,2.0,2.0,21.5,15.0,1.0,1.0,,1.0,23.0,3.0,1.0,194.0,13.0,,11.0,11.0,4.0,11.0,1.0,1.0,127.0,2.0,,25.0,20.0,9.0,19.0,18.0,,3.0,3.0,9.0,9.0,3.0,,,,,,,1.0,,2.0,,2.0,,,,,,,,,,,,3.0,,,,,,2.0,2.0,,,1.0,1.0,3.0,1.0,,,,,,1.0,,,,,,,1.0,,,,1.0,,,,,,,,,,,,1.0,,1.0,,1.0,,,,1.0,,,,,,,,,,1.0,,,,,,,
34,987922,2019-04-13 15:00:00,"American Express Stadium, Falmer",30460,Home,Brighton and Hove Albion,Bournemouth,0,5,L,0,1,1,0,,65.0,1.0,,35.0,7.0,7.0,3.0,1.0,2.0,162.0,4.0,5.0,2.0,5.0,130.0,165.0,45.0,,8.0,21.0,,1.0,19.0,13.0,7.0,4.0,6.0,39.0,220.0,0.0,145.0,10.0,1.0,1.0,,90.0,65.0,2.0,70.0,15.0,24.0,7.0,,6.0,3.0,165.0,10.0,108.0,645.0,5.0,5.0,13.0,9.0,357.0,20.0,1.0,3.0,3.0,2.0,3.0,3.0,22.0,449.0,69.0,93284,1.0,153.0,8.0,174.0,5.0,24.0,5.0,60.0,1.0,4.0,18.0,4.0,1.0,71.0,369.0,6.0,8.0,,16.0,69.0,,0.0,2.0,1.0,1.0,5.0,1.0,3.0,,1.0,50.1,16.0,,4.0,4.0,4.0,33.0,4.0,,470.0,9.0,,12.0,19.0,3.0,30.0,1.0,,315.0,4.0,5.0,17.0,96.0,32.0,3.0,19.0,4.0,7.0,2.0,15.0,9.0,4.0,,,,,,,1.0,,,,1.0,,,,1.0,,,2.0,,,,,3.0,,,,,,,,,4.0,1.0,,2.0,1.0,,,,,,,,,,,,1.0,,,,,1.0,,,,,,,,,,1.0,,,,,,,,,,,,,,,,,,,,,,,,,,,
35,987941,2019-04-20 15:00:00,"Molineux Stadium, Wolverhampton",31096,Away,Brighton and Hove Albion,Wolverhampton Wanderers,0,0,D,0,0,0,0,,55.0,1.0,,29.0,37.0,2.0,1.0,2.0,5.0,125.0,2.0,5.0,,4.0,65.0,121.0,55.0,,5.0,22.0,,1.0,8.0,17.0,37.0,1.0,3.0,17.0,98.0,0.0,63.0,8.0,3.0,,,57.0,42.0,1.0,42.0,7.0,15.0,3.0,,4.0,2.0,121.0,18.0,65.0,468.0,3.0,10.0,2.0,9.0,205.0,31.0,1.0,2.0,24.0,1.0,4.0,3.0,18.0,272.0,40.0,93284,2.0,120.0,3.0,143.0,3.0,15.0,15.0,49.0,1.0,1.0,12.0,5.0,5.0,76.0,216.0,,9.0,1.0,25.0,65.0,1.0,0.0,,14.0,4.0,,0.0,1.0,,1.0,31.8,9.0,1.0,2.0,1.0,1.0,30.0,1.0,,297.0,9.0,,5.0,8.0,4.0,11.0,1.0,2.0,162.0,2.0,3.0,26.0,37.0,11.0,24.0,24.0,,4.0,2.0,12.0,6.0,1.0,,,,,,,,,,,1.0,,,,1.0,,,,,,,,3.0,,,,,,3.0,3.0,,1.0,,,3.0,,,,,,,1.0,,,,,,,,1.0,1.0,,,,,,,,,,,,,,,,,,,,,1.0,,1.0,,,,,,,,,1.0,,,,,,,
36,987942,2019-04-27 17:30:00,"American Express Stadium, Falmer",30587,Home,Brighton and Hove Albion,Newcastle United,1,1,D,0,1,0,0,,60.0,,,25.0,23.0,2.0,2.0,7.0,,151.0,9.0,8.0,3.0,7.0,108.0,150.0,58.0,,9.0,15.0,,1.0,32.0,5.0,23.0,6.0,7.0,38.0,213.0,0.0,144.0,7.0,,2.0,,103.0,73.0,2.0,68.0,26.0,18.0,2.0,,8.0,,150.0,4.0,134.0,653.0,3.0,4.0,18.0,6.0,363.0,28.0,,8.0,14.0,2.0,5.0,5.0,24.0,444.0,60.0,93284,3.0,171.0,16.0,194.0,3.0,18.0,5.0,54.0,3.0,6.0,9.0,5.0,2.0,59.0,375.0,9.0,9.0,3.0,24.0,74.0,,0.0,2.0,4.0,,1.0,0.0,7.0,1.0,7.0,49.8,20.0,5.0,1.0,6.0,2.0,45.0,7.0,,461.0,6.0,,11.0,15.0,5.0,34.0,2.0,5.0,299.0,,6.0,30.0,104.0,22.0,14.0,11.0,1.0,5.0,3.0,20.0,3.0,7.0,1.0,1.0,,,,1.0,2.0,1.0,,,3.0,,2.0,1.0,,,,,,1.0,,1.0,1.0,1.0,1.0,,,,,,,2.0,1.0,,,1.0,1.0,,,,,2.0,,,1.0,1.0,,1.0,1.0,,1.0,,,,,,,,,,,,,1.0,,,,1.0,,,,,,1.0,,,,,,,,1.0,,1.0,,,,,,
37,987953,2019-05-05 16:30:00,"Emirates Stadium, London",59965,Away,Brighton and Hove Albion,Arsenal,1,1,D,0,1,0,0,1.0,48.0,2.0,1.0,22.0,36.0,3.0,3.0,8.0,6.0,103.0,2.0,7.0,2.0,8.0,42.0,115.0,55.0,1.0,11.0,26.0,2.0,2.0,16.0,14.0,36.0,3.0,1.0,23.0,79.0,0.0,59.0,14.0,4.0,1.0,1.0,42.0,31.0,5.0,37.0,13.0,12.0,3.0,1.0,3.0,2.0,115.0,13.0,53.0,450.0,8.0,10.0,28.0,10.0,161.0,28.0,1.0,7.0,20.0,2.0,8.0,3.0,18.0,215.0,28.0,93284,3.0,94.0,9.0,110.0,7.0,12.0,9.0,65.0,4.0,4.0,15.0,7.0,3.0,49.0,171.0,7.0,15.0,,18.0,57.0,1.0,0.0,1.0,16.0,5.0,1.0,0.0,2.0,,2.0,29.5,12.0,,4.0,4.0,2.0,28.0,3.0,1.0,235.0,10.0,,7.0,12.0,4.0,19.0,,2.0,141.0,6.0,1.0,19.0,37.0,11.0,20.0,22.0,1.0,9.0,3.0,11.0,7.0,3.0,1.0,,1.0,,,1.0,5.0,,1.0,1.0,,,1.0,,,1.0,1.0,,,,1.0,1.0,2.0,,1.0,1.0,1.0,1.0,6.0,6.0,1.0,1.0,4.0,3.0,2.0,2.0,2.0,,1.0,,1.0,,,,1.0,,,,,,,,,,,,,,,,,1.0,1.0,,,,,,,,1.0,,,,,,,,,,,,,,,,,,1.0,
38,987962,2019-05-12 15:00:00,"American Express Stadium, Falmer",30662,Home,Brighton and Hove Albion,Manchester City,1,4,L,1,2,0,0,,53.0,2.0,,21.0,41.0,3.0,,3.0,5.0,98.0,3.0,4.0,2.0,4.0,52.0,103.0,42.0,1.0,6.0,10.0,,1.0,5.0,8.0,41.0,2.0,7.0,31.0,78.0,0.0,55.0,12.0,1.0,1.0,,22.0,61.0,1.0,49.0,3.0,5.0,3.0,1.0,2.0,1.0,103.0,9.0,46.0,401.0,2.0,3.0,4.0,5.0,160.0,29.0,,2.0,24.0,0.0,8.0,3.0,16.0,219.0,48.0,93284,2.0,101.0,,123.0,5.0,5.0,7.0,47.0,1.0,5.0,7.0,11.0,4.0,57.0,176.0,8.0,10.0,1.0,16.0,50.0,1.0,0.0,1.0,6.0,3.0,4.0,0.0,2.0,,3.0,23.7,8.0,2.0,,5.0,1.0,24.0,2.0,1.0,245.0,5.0,,8.0,10.0,3.0,10.0,1.0,2.0,127.0,3.0,7.0,14.0,26.0,12.0,24.0,16.0,2.0,1.0,3.0,11.0,3.0,3.0,1.0,1.0,,1.0,,1.0,2.0,,,,,,1.0,1.0,1.0,,,,,,,1.0,2.0,1.0,,,,1.0,1.0,1.0,,1.0,,,,,,,,,1.0,,,,,,,1.0,2.0,1.0,2.0,,2.0,1.0,,,,,1.0,,,,1.0,1.0,1.0,,1.0,,1.0,,,,,1.0,,,,3.0,,,,,,,,,,,,1.0
