gameweek,matchId,kickoff,ground,attendance,venue,team,opponent,goalsFor,goalsAgainst,result,halfTimeFor,halfTimeAgainst,redCardsFor,redCardsAgainst,goalsConcededObox,bigChanceScored,ballRecovery,attGoalLowLeft,attGoalLowRight,attIboxBlocked,goalAssistSetplay,goalAssistDeadball,expectedGoalsOnTarget,accurateLongBalls,totalClearance,attObxCentre,attLfTotal,attemptsIbox,saves,attLfGoal,attRfTarget,fwdPass,attGoalLowCentre,accurateCross,wonContest,goals,fouledFinalThird,totalAttAssist,ontargetScoringAtt,rightsidePass,possLostAll,duelWon,attFreekickTotal,totalScoringAtt,attOboxBlocked,aerialLost,attIboxTarget,accurateKeeperSweeper,goalAssistOpenplay,attSvLowCentre,attMissLeft,totalCross,wonTackle,attGoalHighRight,effectiveClearance,totalCornersIntobox,totalLayoffs,totalChippedPass,expectedGoalsOnTargetConceded,accurateFwdZonePass,cleanSheet,attOboxGoal,yellowCard,totalFinalThirdPasses,fkFoulLost,winningGoal,attSvHighLeft,midfielderGoals,attSvLowLeft,freekickCross,goodHighClaim,passesLeft,passesRight,ontargetAttAssist,backwardPass,interceptionsInBox,totalCrossNocorner,putThrough,attemptsObox,freekickTotal,attGoalHighCentre,keeperGoals,crosses18yardplus,attOboxMiss,possLostCtrl,bigChanceCreated,attemptsConcededIbox,subsGoals,leftsidePass,touches,attLgCentre,attAssistOpenplay,totalFlickOn,touchesInOppBox,attHdTarget,interception,successfulOpenPlayPass,possWonDef3rd,accurateLaunches,headClearance,goalAssist,totalKeeperSweeper,totalYelCard,offtargetAttAssist,expectedAssists,totalThrows,openPlayPass,expectedGoalsFreekick,finalThirdEntries,accurateFreekickCross,fastestPlayer_topSpeed,fastestPlayer_playerId,attBxCentre,accurateBackZonePass,bigChanceMissed,crosses18yard,attSetpiece,totalBackZonePass,attemptedTackleFoul,totalDistance,attRfGoal,totalPullBack,blockedPass,goalKicks,duelLost,ownGoals,defenderGoals,totalOffside,accurateKeeperThrows,goalsOpenplay,unsuccessfulTouch,attemptsConcededObox,accurateGoalKicks,attPenGoal,totalLongBalls,accuratePass,fkFoulWon,challengeLost,attAssistSetplay,totalLaunches,attCorner,longPassOwnToOpp,attGoalHighLeft,attObpGoal,attCmissLeft,attFreekickGoal,redCard,overrun,lostCorners,savedIbox,attIboxGoal,goalsConceded,totalRedCard,accurateCrossNocorner,goalAssistIntentional,shieldBallOop,attHdTotal,possessionPercentage,accurateThrows,attHdMiss,possWonAtt3rd,attBxLeft,keeperThrows,blockedScoringAtt,longPassOwnToOppSuccess,cornerTaken,totalHighClaim,totalPass,interceptionWon,attFreekickMiss,dispossessed,accurateChippedPass,shotOffTarget,penAreaEntries,accurateCornersIntobox,attIboxMiss,totalFwdZonePass,attRfTotal,accurateLayoffs,aerialWon,successfulFinalThirdPasses,possWonMid3rd,effectiveHeadClearance,totalTackle,attHdGoal,goalsConcededIbox,attOpenplay,subsMade,totalContest,expectedGoals,successfulPutThrough,wonCorners,shotFastbreak,attBxRight,attOboxTarget,attOneOnOne,penaltyWon,divingSave,totalFastbreak,attMissHighLeft,outfielderBlock,attCmissHigh,totalThroughBall,attMissHigh,attFastbreak,accurateFlickOn,attSvHighCentre,ptsDroppedWinningPos,attLfTarget,savedObox,accuratePullBack,attCmissRight,attPenTarget,postScoringAtt,attIboxPost,attMissRight,hitWoodwork,sixYardBlock,attSvLowRight,attPostHigh,effectiveBlockedCross,blockedCross,handBall,ptsGainedLosingPos,accurateThroughBall,errorLeadToShot,penaltyConceded,punches,penaltyFaced,penGoalsConceded,attLgLeft,attIboxOwnGoal,attMissHighRight,attObxdLeft,attFreekickTarget,attObxRight,errorLeadToGoal,attCmissHighRight,forwardGoals,attSvHighRight,contentiousDecision,penaltySave,attCmissHighLeft,attPostLeft,attPenPost,attFreekickPost,attOboxPost,clearanceOffLine,attObxLeft,goalFastbreak,attObxdRight,foulThrowIn
1,2561897,2025-08-16 15:00:00,"American Express Stadium, Falmer",31478.0,Home,Brighton and Hove Albion,Fulham,1,1,D,0.0,0.0,0,0,0.0,1.0,42.0,1.0,0.0,,,,1.0209,28.0,27.0,4.0,3.0,6.0,1.0,1.0,2.0,123.0,0.0,4.0,4.0,1.0,2.0,7.0,4.0,120.0,104.0,51.0,,10.0,1.0,10.0,1.0,,,1.0,2.0,11.0,9.0,0.0,27.0,4.0,11.0,27.0,0.7315,137.0,,0.0,0.0,91.0,16.0,0.0,,1.0,1.0,,1.0,43.0,41.0,4.0,76.0,1.0,7.0,13.0,4.0,,0.0,0.0,4.0,1.0,104.0,1.0,5.0,0.0,108.0,604.0,,5.0,5.0,25.0,1.0,9.0,351.0,13.0,3.0,12.0,,,3.0,3.0,0.610632,10.0,401.0,,47.0,,32.76,463067,4.0,241.0,1.0,3.0,1.0,257.0,9.0,110291.31,0.0,1.0,10.0,8.0,44.0,0.0,0.0,3.0,3.0,0.0,22.0,2.0,8.0,1.0,50.0,374.0,15.0,5.0,2.0,18.0,1.0,55.0,0.0,0.0,1.0,0.0,0.0,1.0,3.0,1.0,1.0,1.0,0.0,2.0,,1.0,3.0,49.8,7.0,2.0,5.0,,3.0,1.0,39.0,4.0,1.0,427.0,9.0,,8.0,21.0,5.0,21.0,2.0,4.0,181.0,4.0,9.0,14.0,66.0,19.0,12.0,19.0,0.0,1.0,7.0,5.0,11.0,1.4766,10.0,4.0,1.0,1.0,2.0,1.0,1.0,1.0,1.0,1.0,1.0,1.0,1.0,2.0,1.0,1.0,1.0,2.0,,,,,,,,,,,,,,,,,,,,,,,,,,,,,,,,,,,,,,,,,,,,
2,2561910,2025-08-24 14:00:00,"Hill Dickinson Stadium, Liverpool",51759.0,Away,Brighton and Hove Albion,Everton,0,2,L,0.0,1.0,0,0,1.0,,49.0,0.0,0.0,1.0,,,1.5401,12.0,24.0,6.0,4.0,7.0,1.0,0.0,3.0,155.0,0.0,3.0,8.0,0.0,1.0,10.0,4.0,134.0,127.0,47.0,,13.0,3.0,31.0,2.0,,,1.0,,11.0,8.0,0.0,24.0,1.0,11.0,33.0,1.2097,152.0,,0.0,0.0,120.0,15.0,0.0,,0.0,1.0,,,42.0,49.0,6.0,59.0,1.0,10.0,11.0,6.0,,0.0,0.0,5.0,1.0,127.0,1.0,6.0,0.0,142.0,676.0,,10.0,4.0,29.0,,5.0,395.0,19.0,1.0,12.0,,,3.0,4.0,0.869141,27.0,471.0,,58.0,,35.45,592031,5.0,262.0,3.0,5.0,,278.0,6.0,109124.16,0.0,2.0,7.0,9.0,70.0,0.0,0.0,6.0,9.0,0.0,17.0,5.0,8.0,0.0,44.0,411.0,6.0,9.0,,18.0,,70.0,0.0,0.0,,0.0,0.0,1.0,2.0,,0.0,2.0,0.0,3.0,,2.0,1.0,57.6,26.0,1.0,4.0,1.0,9.0,4.0,32.0,2.0,,490.0,5.0,,10.0,13.0,5.0,16.0,,3.0,223.0,8.0,11.0,16.0,81.0,15.0,12.0,17.0,0.0,1.0,12.0,4.0,13.0,2.4331,7.0,2.0,,1.0,2.0,1.0,1.0,1.0,,,1.0,,,1.0,,2.0,,,1.0,1.0,1.0,1.0,1.0,1.0,1.0,3.0,2.0,1.0,2.0,1.0,2.0,2.0,,,,,,,,,,,,,,,,,,,,,,,,,,,,,,
3,2561916,2025-08-31 14:00:00,"American Express Stadium, Falmer",31485.0,Home,Brighton and Hove Albion,Manchester City,2,1,W,0.0,1.0,0,0,0.0,2.0,51.0,1.0,0.0,3.0,,,3.0718,14.0,10.0,2.0,6.0,10.0,2.0,0.0,1.0,117.0,1.0,3.0,8.0,2.0,5.0,9.0,7.0,76.0,114.0,47.0,,12.0,,14.0,3.0,1.0,1.0,1.0,,8.0,13.0,0.0,10.0,3.0,6.0,33.0,1.0956,79.0,,0.0,0.0,82.0,16.0,0.0,,0.0,2.0,4.0,1.0,36.0,36.0,8.0,59.0,,5.0,22.0,2.0,,0.0,0.0,1.0,,114.0,1.0,8.0,2.0,63.0,475.0,,7.0,2.0,22.0,,8.0,220.0,17.0,1.0,4.0,1.0,1.0,2.0,1.0,0.70066,12.0,291.0,,46.0,2.0,36.11,592031,5.0,159.0,1.0,1.0,1.0,178.0,8.0,110350.19,2.0,,14.0,11.0,58.0,0.0,0.0,1.0,4.0,1.0,10.0,4.0,4.0,1.0,49.0,235.0,13.0,14.0,1.0,10.0,2.0,52.0,0.0,0.0,,0.0,0.0,,2.0,2.0,2.0,1.0,0.0,2.0,1.0,,,36.3,9.0,,5.0,3.0,4.0,3.0,17.0,3.0,1.0,315.0,8.0,,9.0,12.0,2.0,20.0,1.0,2.0,145.0,6.0,4.0,9.0,41.0,21.0,4.0,17.0,0.0,1.0,8.0,5.0,14.0,2.2975,14.0,3.0,3.0,1.0,2.0,,1.0,1.0,3.0,1.0,1.0,,3.0,,3.0,,2.0,,4.0,,,,,,,1.0,,,1.0,,1.0,1.0,1.0,3.0,1.0,1.0,,,,,,,,,,,,,,,,,,,,,,,,,,
4,2561925,2025-09-13 15:00:00,"Vitality Stadium, Bournemouth",11167.0,Away,Brighton and Hove Albion,Bournemouth,1,2,L,0.0,1.0,0,0,1.0,1.0,50.0,1.0,0.0,2.0,,,1.2767,24.0,35.0,1.0,3.0,5.0,3.0,0.0,1.0,144.0,0.0,3.0,10.0,1.0,2.0,4.0,2.0,105.0,141.0,55.0,,6.0,,17.0,1.0,,1.0,,1.0,17.0,16.0,0.0,35.0,4.0,5.0,28.0,1.4936,142.0,,0.0,0.0,109.0,10.0,0.0,,1.0,,,,48.0,46.0,4.0,58.0,1.0,13.0,26.0,1.0,,0.0,0.0,4.0,1.0,141.0,2.0,7.0,0.0,67.0,590.0,,3.0,10.0,24.0,,6.0,271.0,24.0,10.0,20.0,1.0,,4.0,,0.375697,20.0,348.0,,56.0,,34.77,465730,1.0,154.0,1.0,9.0,1.0,171.0,6.0,110543.41,0.0,,12.0,6.0,51.0,0.0,0.0,,4.0,1.0,20.0,6.0,6.0,0.0,52.0,293.0,16.0,6.0,,26.0,1.0,62.0,0.0,0.0,1.0,0.0,0.0,2.0,4.0,2.0,1.0,2.0,0.0,2.0,1.0,,1.0,48.7,14.0,,3.0,,4.0,2.0,37.0,4.0,,374.0,6.0,,9.0,15.0,2.0,27.0,1.0,1.0,220.0,2.0,4.0,9.0,67.0,17.0,20.0,20.0,1.0,1.0,4.0,5.0,19.0,0.6229,12.0,4.0,,2.0,,,,,,1.0,4.0,,,,,2.0,,,,1.0,,,,,,,,1.0,1.0,,2.0,2.0,,,,,1.0,1.0,1.0,1.0,,,,,,,,,,,,,,,,,,,,,,
5,2561937,2025-09-20 15:00:00,"American Express Stadium, Falmer",31488.0,Home,Brighton and Hove Albion,Tottenham Hotspur,2,2,D,2.0,1.0,0,0,0.0,1.0,52.0,0.0,0.0,1.0,,,1.2682,22.0,40.0,5.0,3.0,5.0,2.0,1.0,2.0,118.0,1.0,2.0,6.0,2.0,1.0,9.0,4.0,76.0,127.0,57.0,1.0,12.0,,12.0,1.0,,1.0,1.0,2.0,8.0,17.0,1.0,40.0,2.0,7.0,31.0,1.55,109.0,,1.0,0.0,86.0,10.0,0.0,,2.0,1.0,,,27.0,29.0,4.0,46.0,1.0,6.0,13.0,7.0,1.0,0.0,0.0,3.0,5.0,127.0,1.0,10.0,0.0,67.0,512.0,1.0,8.0,4.0,17.0,,5.0,211.0,22.0,5.0,21.0,1.0,,1.0,5.0,0.2983,11.0,277.0,0.0323,51.0,,34.73,592031,2.0,129.0,,3.0,,152.0,7.0,109305.4,1.0,,6.0,14.0,61.0,1.0,0.0,,3.0,2.0,21.0,2.0,12.0,0.0,57.0,236.0,13.0,13.0,,26.0,1.0,48.0,0.0,0.0,,0.0,0.0,2.0,10.0,2.0,1.0,2.0,0.0,2.0,1.0,1.0,,36.1,10.0,,6.0,2.0,3.0,1.0,26.0,2.0,,307.0,5.0,1.0,16.0,17.0,7.0,14.0,,2.0,163.0,9.0,4.0,13.0,55.0,17.0,21.0,25.0,0.0,2.0,9.0,5.0,16.0,1.3197,6.0,2.0,1.0,,1.0,1.0,,2.0,1.0,2.0,2.0,,,1.0,1.0,3.0,,2.0,,,,,,,,2.0,,,,,3.0,3.0,,,,,,1.0,,,1.0,1.0,,,,,,,,,,,,,,,,,,,,
6,2561947,2025-09-27 15:00:00,"Stamford Bridge, London",39597.0,Away,Brighton and Hove Albion,Chelsea,3,1,W,0.0,1.0,0,1,0.0,3.0,42.0,0.0,0.0,,1.0,,1.7729,16.0,26.0,4.0,3.0,8.0,2.0,1.0,,105.0,1.0,5.0,7.0,3.0,5.0,7.0,3.0,79.0,103.0,48.0,2.0,12.0,2.0,8.0,,1.0,2.0,,3.0,13.0,13.0,0.0,26.0,1.0,4.0,18.0,2.1236,145.0,,0.0,0.0,121.0,16.0,0.0,,0.0,,2.0,,40.0,41.0,3.0,51.0,1.0,12.0,16.0,4.0,2.0,1.0,0.0,3.0,2.0,103.0,3.0,7.0,3.0,81.0,516.0,,3.0,4.0,27.0,,12.0,248.0,14.0,1.0,12.0,3.0,1.0,5.0,4.0,1.65372,19.0,296.0,0.1513,51.0,1.0,34.33,592031,6.0,126.0,1.0,7.0,1.0,140.0,11.0,106095.52,0.0,1.0,5.0,5.0,54.0,0.0,0.0,2.0,5.0,2.0,13.0,6.0,4.0,0.0,29.0,266.0,9.0,10.0,1.0,8.0,1.0,32.0,1.0,0.0,2.0,0.0,0.0,4.0,5.0,,3.0,1.0,0.0,5.0,3.0,,5.0,40.5,14.0,3.0,9.0,,5.0,2.0,21.0,7.0,,316.0,12.0,2.0,10.0,11.0,7.0,23.0,,5.0,189.0,4.0,4.0,11.0,92.0,14.0,12.0,21.0,2.0,1.0,8.0,5.0,18.0,2.2845,5.0,7.0,1.0,,,,,2.0,1.0,1.0,6.0,,2.0,2.0,1.0,2.0,,,,2.0,,,,,,1.0,,,,,2.0,2.0,,3.0,2.0,,,,,,,,,,,,,,,,,,,,,,,,,,,
7,2561964,2025-10-05 14:00:00,"Molineux Stadium, Wolverhampton",29504.0,Away,Brighton and Hove Albion,Wolverhampton Wanderers,1,1,D,0.0,1.0,0,0,0.0,,49.0,1.0,0.0,3.0,1.0,,1.4592,26.0,16.0,4.0,7.0,10.0,3.0,0.0,2.0,146.0,0.0,13.0,8.0,1.0,3.0,13.0,6.0,140.0,137.0,52.0,2.0,17.0,2.0,15.0,3.0,,1.0,1.0,,31.0,10.0,0.0,16.0,6.0,7.0,32.0,0.668,243.0,,0.0,0.0,132.0,9.0,0.0,,0.0,2.0,2.0,1.0,45.0,70.0,8.0,78.0,,25.0,13.0,7.0,2.0,0.0,0.0,10.0,3.0,137.0,1.0,5.0,0.0,128.0,725.0,1.0,11.0,5.0,28.0,,9.0,410.0,25.0,1.0,7.0,1.0,,4.0,5.0,0.66782,23.0,475.0,0.097,66.0,1.0,35.1,592031,8.0,197.0,2.0,13.0,1.0,222.0,4.0,114375.21,0.0,,10.0,3.0,56.0,1.0,1.0,3.0,5.0,0.0,16.0,2.0,3.0,0.0,44.0,427.0,13.0,6.0,1.0,11.0,3.0,42.0,0.0,0.0,,0.0,0.0,5.0,2.0,2.0,1.0,1.0,0.0,11.0,1.0,,4.0,58.5,19.0,2.0,,,5.0,5.0,29.0,8.0,1.0,492.0,9.0,1.0,6.0,16.0,6.0,41.0,2.0,3.0,301.0,6.0,7.0,12.0,105.0,18.0,7.0,19.0,1.0,1.0,10.0,4.0,28.0,0.9208,10.0,8.0,1.0,1.0,2.0,,,1.0,1.0,1.0,,,1.0,1.0,1.0,3.0,2.0,,3.0,1.0,,,,,,2.0,,,,,1.0,1.0,,1.0,,,,,,,,1.0,2.0,1.0,1.0,1.0,1.0,,,,,,,,,,,,,,,
8,2561965,2025-10-18 15:00:00,"American Express Stadium, Falmer",31620.0,Home,Brighton and Hove Albion,Newcastle United,2,1,W,1.0,0.0,0,0,0.0,1.0,50.0,1.0,1.0,3.0,,,1.4405,16.0,30.0,7.0,5.0,6.0,2.0,0.0,1.0,141.0,0.0,4.0,11.0,2.0,,10.0,5.0,108.0,130.0,57.0,,13.0,2.0,13.0,1.0,,1.0,1.0,1.0,18.0,14.0,0.0,30.0,6.0,7.0,26.0,1.0555,159.0,,1.0,0.0,104.0,9.0,0.0,,0.0,,,,46.0,48.0,8.0,78.0,,12.0,21.0,7.0,,0.0,0.0,2.0,2.0,130.0,1.0,10.0,0.0,94.0,614.0,1.0,8.0,3.0,30.0,,5.0,320.0,6.0,2.0,14.0,1.0,,0.0,2.0,1.15192,15.0,394.0,,48.0,,33.76,535301,3.0,186.0,,10.0,,198.0,6.0,113324.87,2.0,1.0,10.0,12.0,49.0,0.0,0.0,3.0,3.0,2.0,12.0,6.0,11.0,0.0,45.0,341.0,9.0,10.0,1.0,22.0,2.0,71.0,0.0,0.0,,0.0,0.0,,4.0,2.0,1.0,1.0,0.0,2.0,1.0,,1.0,45.6,11.0,,7.0,2.0,3.0,5.0,40.0,8.0,,421.0,5.0,,11.0,12.0,3.0,26.0,2.0,1.0,241.0,7.0,6.0,16.0,66.0,27.0,14.0,21.0,0.0,1.0,11.0,5.0,17.0,0.9144,10.0,8.0,1.0,1.0,2.0,1.0,,1.0,1.0,,5.0,,3.0,,1.0,,,,2.0,,,,,,,,,1.0,2.0,,1.0,1.0,,,2.0,,,,,,,,2.0,,,,,1.0,2.0,,,,,,,,,,,,,
9,2561982,2025-10-25 17:30:00,"Old Trafford, Manchester",73987.0,Away,Brighton and Hove Albion,Manchester United,2,4,L,0.0,2.0,0,0,2.0,1.0,66.0,0.0,0.0,3.0,1.0,1.0,1.7011,20.0,18.0,6.0,6.0,10.0,5.0,0.0,1.0,143.0,1.0,5.0,17.0,2.0,2.0,13.0,5.0,167.0,139.0,57.0,1.0,17.0,1.0,15.0,1.0,,,,5.0,17.0,12.0,0.0,18.0,6.0,16.0,26.0,3.0443,189.0,,1.0,0.0,102.0,13.0,0.0,,0.0,3.0,1.0,1.0,37.0,47.0,6.0,89.0,2.0,11.0,18.0,7.0,1.0,1.0,0.0,8.0,3.0,139.0,1.0,7.0,1.0,169.0,761.0,1.0,11.0,5.0,20.0,,12.0,470.0,25.0,1.0,9.0,1.0,,2.0,7.0,0.79845,14.0,552.0,0.127,45.0,,32.54,592031,5.0,301.0,,2.0,2.0,332.0,8.0,112654.33,1.0,1.0,4.0,7.0,61.0,0.0,0.0,2.0,3.0,0.0,18.0,6.0,7.0,0.0,44.0,485.0,4.0,13.0,1.0,9.0,3.0,61.0,0.0,0.0,,1.0,0.0,2.0,1.0,3.0,1.0,4.0,0.0,3.0,1.0,,4.0,56.4,13.0,3.0,5.0,1.0,3.0,4.0,39.0,6.0,1.0,568.0,12.0,,15.0,15.0,8.0,29.0,2.0,5.0,253.0,7.0,14.0,18.0,72.0,30.0,9.0,18.0,1.0,2.0,11.0,5.0,23.0,1.1195,4.0,6.0,,2.0,2.0,,,3.0,,1.0,1.0,,1.0,1.0,,4.0,,,2.0,2.0,1.0,,,,,1.0,,1.0,,,,,1.0,,1.0,2.0,,,,,,,,,,,,,1.0,,,,,,,,,,,,,
10,2561985,2025-11-01 15:00:00,"American Express Stadium, Falmer",31512.0,Home,Brighton and Hove Albion,Leeds United,3,0,W,1.0,0.0,0,0,0.0,3.0,41.0,0.0,0.0,,,,4.4765,19.0,14.0,6.0,4.0,8.0,2.0,0.0,4.0,132.0,3.0,2.0,9.0,3.0,1.0,9.0,7.0,157.0,104.0,49.0,,14.0,2.0,10.0,4.0,1.0,2.0,2.0,2.0,10.0,15.0,0.0,14.0,4.0,12.0,27.0,0.8837,152.0,1.0,0.0,0.0,97.0,10.0,0.0,,2.0,1.0,1.0,1.0,34.0,41.0,5.0,77.0,,6.0,8.0,6.0,,0.0,0.0,4.0,4.0,104.0,2.0,3.0,0.0,125.0,658.0,,7.0,4.0,26.0,,3.0,419.0,12.0,5.0,9.0,2.0,1.0,0.0,4.0,1.11592,22.0,477.0,,50.0,,33.61,592031,7.0,281.0,,1.0,,291.0,8.0,111594.38,3.0,2.0,5.0,6.0,43.0,0.0,0.0,3.0,4.0,3.0,20.0,2.0,4.0,0.0,39.0,431.0,7.0,11.0,,13.0,1.0,60.0,0.0,0.0,2.0,0.0,0.0,,7.0,2.0,3.0,0.0,0.0,,1.0,,,49.8,21.0,,6.0,,4.0,2.0,41.0,4.0,1.0,491.0,3.0,,9.0,15.0,5.0,17.0,2.0,1.0,210.0,10.0,11.0,10.0,65.0,17.0,9.0,24.0,0.0,0.0,12.0,5.0,12.0,3.0684,5.0,4.0,1.0,,,,,,1.0,1.0,1.0,1.0,,1.0,1.0,2.0,,,,,2.0,1.0,,,,1.0,,,1.0,,1.0,1.0,,,,,,,,,,,,,,,,,1.0,1.0,,,,,,,,,,,,
11,2561998,2025-11-09 14:00:00,"Selhurst Park, London",24326.0,Away,Brighton and Hove Albion,Crystal Palace,0,0,D,0.0,0.0,0,0,0.0,,50.0,0.0,0.0,2.0,,,0.3041,25.0,22.0,2.0,3.0,5.0,2.0,0.0,2.0,136.0,0.0,4.0,4.0,0.0,1.0,6.0,3.0,152.0,155.0,49.0,,7.0,1.0,21.0,2.0,,,1.0,,26.0,11.0,0.0,22.0,8.0,7.0,33.0,0.923,163.0,1.0,0.0,0.0,114.0,12.0,0.0,,0.0,1.0,,2.0,35.0,66.0,5.0,63.0,1.0,18.0,17.0,2.0,,0.0,0.0,11.0,,155.0,,8.0,0.0,152.0,697.0,1.0,6.0,2.0,28.0,1.0,4.0,404.0,18.0,5.0,14.0,,,4.0,1.0,0.570557,17.0,483.0,,48.0,,34.83,592031,2.0,264.0,1.0,7.0,,282.0,7.0,106859.66,0.0,,10.0,7.0,58.0,0.0,0.0,1.0,2.0,0.0,21.0,2.0,6.0,0.0,46.0,423.0,9.0,5.0,,14.0,2.0,61.0,0.0,0.0,,0.0,0.0,3.0,4.0,1.0,0.0,0.0,0.0,3.0,,1.0,2.0,57.8,10.0,,6.0,,2.0,3.0,31.0,8.0,2.0,503.0,4.0,,13.0,14.0,1.0,35.0,1.0,1.0,247.0,2.0,6.0,20.0,83.0,23.0,14.0,16.0,0.0,0.0,5.0,4.0,12.0,0.391,10.0,8.0,1.0,2.0,1.0,,1.0,2.0,1.0,,1.0,,2.0,,1.0,1.0,,,,1.0,,1.0,,,,1.0,,,1.0,,1.0,1.0,,,,1.0,,,,,,,,,,,,,,,1.0,,,,,,,,,,,
12,2562007,2025-11-22 15:00:00,"American Express Stadium, Falmer",31358.0,Home,Brighton and Hove Albion,Brentford,2,1,W,0.0,1.0,0,0,0.0,1.0,56.0,0.0,2.0,1.0,,,1.6043,20.0,19.0,6.0,5.0,8.0,3.0,1.0,1.0,175.0,0.0,3.0,10.0,2.0,1.0,9.0,5.0,151.0,154.0,55.0,1.0,14.0,,9.0,2.0,1.0,1.0,1.0,2.0,18.0,10.0,0.0,19.0,6.0,8.0,29.0,1.8275,196.0,,1.0,0.0,128.0,10.0,0.0,,0.0,,,,59.0,58.0,5.0,89.0,1.0,12.0,14.0,6.0,1.0,0.0,0.0,6.0,4.0,154.0,1.0,7.0,1.0,161.0,764.0,,7.0,2.0,35.0,,8.0,464.0,19.0,3.0,11.0,1.0,1.0,4.0,4.0,0.666447,16.0,556.0,0.0516,59.0,,33.17,592031,3.0,286.0,,6.0,,314.0,5.0,112580.83,1.0,,2.0,7.0,48.0,0.0,0.0,,1.0,2.0,18.0,3.0,4.0,0.0,45.0,479.0,9.0,9.0,1.0,14.0,1.0,70.0,0.0,0.0,,0.0,0.0,1.0,4.0,2.0,1.0,1.0,0.0,1.0,1.0,,1.0,64.2,13.0,1.0,4.0,1.0,1.0,1.0,44.0,7.0,,576.0,8.0,1.0,10.0,15.0,8.0,26.0,2.0,4.0,280.0,8.0,7.0,14.0,84.0,27.0,11.0,23.0,0.0,1.0,11.0,5.0,20.0,1.2159,2.0,7.0,1.0,2.0,1.0,,,2.0,1.0,,1.0,,,2.0,1.0,2.0,1.0,,2.0,1.0,,,,,,,,,1.0,,2.0,2.0,,3.0,,,2.0,1.0,2.0,1.0,,,4.0,,,,,,1.0,,,1.0,,,,,,,,,,
13,2562021,2025-11-30 14:05:00,"The City Ground, Nottingham",30522.0,Away,Brighton and Hove Albion,Nottingham Forest,2,0,W,1.0,0.0,0,0,0.0,2.0,60.0,0.0,1.0,4.0,,,1.7293,26.0,37.0,6.0,4.0,11.0,3.0,0.0,1.0,154.0,1.0,3.0,6.0,2.0,1.0,11.0,6.0,128.0,130.0,48.0,,17.0,2.0,13.0,3.0,,,2.0,2.0,5.0,13.0,0.0,37.0,2.0,9.0,27.0,0.4003,145.0,1.0,0.0,0.0,106.0,10.0,0.0,,1.0,1.0,,1.0,32.0,57.0,7.0,84.0,1.0,3.0,15.0,6.0,,0.0,0.0,3.0,3.0,130.0,2.0,13.0,1.0,110.0,677.0,,8.0,6.0,28.0,1.0,13.0,373.0,22.0,2.0,21.0,,,1.0,4.0,0.944279,16.0,452.0,,56.0,,33.2,592031,8.0,250.0,2.0,,1.0,272.0,4.0,118334.92,2.0,2.0,9.0,10.0,62.0,0.0,0.0,,6.0,2.0,14.0,6.0,8.0,0.0,64.0,392.0,11.0,17.0,3.0,23.0,5.0,75.0,0.0,0.0,,0.0,0.0,2.0,9.0,3.0,2.0,0.0,0.0,1.0,,,2.0,48.1,11.0,,3.0,,7.0,6.0,42.0,2.0,1.0,476.0,13.0,,12.0,15.0,5.0,21.0,2.0,2.0,209.0,10.0,8.0,13.0,68.0,24.0,21.0,19.0,0.0,0.0,9.0,5.0,16.0,1.999,9.0,2.0,,1.0,1.0,1.0,,1.0,,1.0,8.0,1.0,1.0,2.0,,1.0,,,1.0,1.0,2.0,,,,,,,2.0,2.0,,,,,,,1.0,,,,,,,,,,,,,,,,,,,,,,,,,,
14,2562027,2025-12-03 19:30:00,"American Express Stadium, Falmer",31180.0,Home,Brighton and Hove Albion,Aston Villa,3,4,L,2.0,2.0,0,0,0.0,1.0,48.0,1.0,0.0,2.0,,,2.1941,15.0,16.0,4.0,6.0,12.0,6.0,0.0,,154.0,0.0,4.0,13.0,3.0,4.0,9.0,7.0,124.0,123.0,54.0,1.0,16.0,1.0,10.0,3.0,,2.0,2.0,2.0,19.0,13.0,1.0,16.0,5.0,11.0,31.0,4.4456,185.0,,0.0,0.0,126.0,10.0,0.0,2.0,0.0,,2.0,,60.0,59.0,5.0,86.0,1.0,14.0,13.0,4.0,1.0,0.0,0.0,5.0,1.0,123.0,2.0,12.0,0.0,109.0,671.0,,6.0,5.0,29.0,3.0,9.0,388.0,11.0,2.0,10.0,2.0,,2.0,4.0,0.621269,11.0,456.0,0.0645,54.0,,35.63,592031,9.0,223.0,2.0,7.0,,235.0,6.0,117280.12,2.0,,8.0,6.0,56.0,0.0,2.0,4.0,4.0,1.0,11.0,2.0,6.0,0.0,38.0,404.0,9.0,13.0,1.0,10.0,5.0,62.0,0.0,0.0,,0.0,0.0,1.0,6.0,5.0,2.0,4.0,0.0,3.0,1.0,1.0,5.0,56.4,10.0,2.0,7.0,,4.0,3.0,40.0,5.0,,473.0,9.0,,14.0,14.0,6.0,27.0,1.0,5.0,257.0,5.0,11.0,9.0,87.0,21.0,10.0,23.0,0.0,4.0,9.0,4.0,22.0,2.2056,8.0,5.0,1.0,1.0,2.0,,,3.0,1.0,,2.0,,3.0,1.0,1.0,2.0,,3.0,2.0,1.0,,,,,,3.0,,1.0,1.0,,2.0,2.0,,,1.0,,,,,,,,,,1.0,,,,,,,,,,,,,,,,,
15,2562037,2025-12-07 14:00:00,"American Express Stadium, Falmer",31293.0,Home,Brighton and Hove Albion,West Ham United,1,1,D,0.0,0.0,0,0,0.0,1.0,42.0,0.0,0.0,5.0,1.0,,1.0623,19.0,13.0,6.0,7.0,15.0,4.0,1.0,1.0,149.0,1.0,13.0,6.0,1.0,1.0,16.0,4.0,162.0,133.0,40.0,,22.0,5.0,12.0,3.0,1.0,,1.0,2.0,39.0,7.0,0.0,13.0,7.0,12.0,21.0,1.5892,320.0,,0.0,0.0,227.0,12.0,0.0,1.0,1.0,1.0,,,87.0,70.0,9.0,88.0,1.0,32.0,14.0,7.0,,0.0,0.0,18.0,2.0,133.0,3.0,12.0,0.0,187.0,777.0,1.0,12.0,6.0,44.0,1.0,9.0,490.0,18.0,1.0,4.0,1.0,1.0,2.0,7.0,1.32422,16.0,560.0,,59.0,,32.79,535301,8.0,208.0,2.0,14.0,,223.0,10.0,113008.23,0.0,2.0,3.0,12.0,51.0,0.0,0.0,1.0,3.0,0.0,17.0,2.0,11.0,0.0,26.0,515.0,8.0,13.0,3.0,4.0,6.0,34.0,0.0,0.0,,0.0,0.0,3.0,6.0,3.0,1.0,1.0,0.0,9.0,1.0,1.0,3.0,68.1,15.0,1.0,3.0,,3.0,10.0,29.0,10.0,,586.0,9.0,,7.0,11.0,8.0,46.0,4.0,6.0,402.0,12.0,10.0,14.0,177.0,18.0,4.0,12.0,0.0,1.0,15.0,4.0,13.0,1.8693,3.0,10.0,,3.0,,,,2.0,,2.0,3.0,,1.0,1.0,,3.0,,,1.0,1.0,,1.0,,,,2.0,1.0,2.0,,,,,,1.0,,2.0,,,,,,,1.0,,,,1.0,,,,,,1.0,,,,,,,,,
16,2562050,2025-12-13 15:00:00,"Anfield, Liverpool",60429.0,Away,Brighton and Hove Albion,Liverpool,0,2,L,0.0,1.0,0,0,0.0,,56.0,0.0,0.0,4.0,,,0.6225,28.0,6.0,3.0,8.0,11.0,2.0,0.0,1.0,155.0,0.0,4.0,7.0,0.0,3.0,11.0,1.0,142.0,119.0,36.0,,14.0,2.0,18.0,1.0,,,1.0,2.0,18.0,7.0,0.0,6.0,2.0,10.0,35.0,1.2152,224.0,,0.0,0.0,152.0,15.0,0.0,,0.0,,,1.0,57.0,54.0,4.0,79.0,,16.0,12.0,3.0,,0.0,0.0,7.0,1.0,119.0,3.0,10.0,0.0,150.0,694.0,,11.0,1.0,28.0,,6.0,451.0,17.0,3.0,3.0,,,2.0,7.0,1.14106,7.0,504.0,,62.0,,34.26,592031,3.0,250.0,3.0,9.0,,259.0,9.0,120116.21,0.0,,6.0,8.0,70.0,0.0,0.0,,7.0,0.0,23.0,8.0,8.0,0.0,51.0,470.0,8.0,17.0,,12.0,,46.0,0.0,0.0,1.0,0.0,0.0,3.0,2.0,,0.0,2.0,0.0,4.0,,,,51.2,6.0,,7.0,4.0,7.0,6.0,30.0,2.0,1.0,526.0,6.0,,8.0,19.0,7.0,34.0,,5.0,285.0,6.0,9.0,8.0,120.0,20.0,3.0,13.0,0.0,2.0,14.0,5.0,21.0,1.9002,6.0,2.0,1.0,1.0,,1.0,,1.0,1.0,,5.0,,3.0,1.0,1.0,,,,,2.0,,1.0,,1.0,1.0,3.0,1.0,1.0,,,,,2.0,,2.0,,,,,,,,1.0,,,,,,,,,,,1.0,,,,,,,,
17,2562057,2025-12-20 15:00:00,"American Express Stadium, Falmer",31426.0,Home,Brighton and Hove Albion,Sunderland,0,0,D,0.0,0.0,0,0,0.0,,46.0,0.0,0.0,2.0,,,0.2371,17.0,30.0,9.0,6.0,7.0,6.0,0.0,2.0,148.0,0.0,8.0,13.0,0.0,4.0,14.0,4.0,119.0,134.0,59.0,1.0,16.0,3.0,20.0,1.0,2.0,,3.0,1.0,21.0,8.0,0.0,30.0,3.0,5.0,28.0,0.6288,188.0,1.0,0.0,0.0,132.0,11.0,0.0,,0.0,1.0,1.0,,43.0,62.0,8.0,56.0,,18.0,14.0,9.0,1.0,0.0,0.0,1.0,2.0,134.0,1.0,9.0,0.0,118.0,658.0,,13.0,6.0,37.0,1.0,7.0,344.0,21.0,2.0,14.0,,2.0,2.0,6.0,1.07205,22.0,420.0,0.0525,56.0,,34.8,592031,5.0,184.0,1.0,16.0,,212.0,7.0,115938.09,0.0,1.0,7.0,6.0,57.0,0.0,0.0,1.0,4.0,0.0,16.0,5.0,6.0,0.0,42.0,364.0,13.0,2.0,1.0,19.0,1.0,45.0,0.0,0.0,,0.0,0.0,1.0,4.0,4.0,0.0,0.0,0.0,7.0,,2.0,3.0,56.8,21.0,3.0,2.0,,4.0,5.0,26.0,3.0,,441.0,7.0,,7.0,15.0,7.0,25.0,1.0,5.0,250.0,7.0,1.0,21.0,98.0,17.0,14.0,12.0,0.0,0.0,14.0,5.0,31.0,1.1278,7.0,3.0,1.0,1.0,4.0,,,1.0,1.0,1.0,4.0,,,3.0,1.0,3.0,1.0,,2.0,2.0,1.0,1.0,,,,2.0,,1.0,,,1.0,1.0,1.0,,,1.0,,,,,,,1.0,,1.0,,,,,,,,,,,,,,,,,
18,2562065,2025-12-27 15:00:00,"Emirates Stadium, London",60209.0,Away,Brighton and Hove Albion,Arsenal,1,2,L,0.0,1.0,0,0,1.0,1.0,43.0,0.0,0.0,2.0,,,1.4234,23.0,28.0,1.0,2.0,7.0,5.0,0.0,1.0,130.0,0.0,3.0,7.0,1.0,,4.0,3.0,111.0,119.0,47.0,,8.0,,10.0,2.0,,,1.0,,10.0,13.0,1.0,28.0,2.0,8.0,42.0,1.6852,135.0,,0.0,0.0,88.0,13.0,0.0,1.0,0.0,,1.0,1.0,37.0,45.0,2.0,63.0,2.0,8.0,9.0,1.0,,0.0,0.0,6.0,1.0,119.0,,22.0,0.0,103.0,584.0,,3.0,2.0,18.0,,5.0,319.0,15.0,3.0,17.0,,1.0,3.0,2.0,0.550683,12.0,388.0,,55.0,,33.51,231416,5.0,204.0,,1.0,,222.0,8.0,116209.76,1.0,,7.0,9.0,46.0,1.0,0.0,1.0,7.0,1.0,22.0,3.0,8.0,0.0,50.0,336.0,7.0,10.0,1.0,11.0,1.0,55.0,0.0,0.0,,0.0,0.0,,7.0,4.0,1.0,2.0,0.0,2.0,,1.0,1.0,47.3,8.0,1.0,3.0,,7.0,2.0,27.0,2.0,1.0,407.0,5.0,,8.0,18.0,3.0,15.0,1.0,1.0,195.0,5.0,7.0,18.0,56.0,15.0,17.0,16.0,0.0,1.0,7.0,5.0,13.0,0.8512,7.0,2.0,,1.0,,,,2.0,,1.0,9.0,,,1.0,,1.0,,,1.0,1.0,,,,1.0,1.0,,1.0,,,,2.0,2.0,1.0,,,2.0,,2.0,,,,1.0,,,,,1.0,,1.0,,,,,1.0,,,,,,,,
19,2562084,2025-12-30 19:30:00,"London Stadium, London",62438.0,Away,Brighton and Hove Albion,West Ham United,2,2,D,1.0,2.0,0,0,0.0,2.0,63.0,1.0,1.0,,,,2.7004,21.0,24.0,8.0,4.0,8.0,2.0,1.0,1.0,170.0,0.0,1.0,8.0,2.0,3.0,11.0,6.0,138.0,140.0,50.0,1.0,16.0,4.0,12.0,3.0,,,1.0,1.0,23.0,10.0,0.0,24.0,5.0,21.0,34.0,1.9461,229.0,,0.0,0.0,154.0,18.0,0.0,,0.0,2.0,,2.0,78.0,60.0,8.0,93.0,1.0,18.0,19.0,8.0,1.0,0.0,0.0,7.0,3.0,140.0,1.0,10.0,0.0,140.0,772.0,,11.0,6.0,31.0,1.0,16.0,452.0,18.0,3.0,13.0,,,5.0,3.0,0.404563,16.0,526.0,0.0401,61.0,,34.36,592031,5.0,238.0,2.0,11.0,,256.0,9.0,117067.52,1.0,,12.0,3.0,58.0,0.0,1.0,1.0,7.0,0.0,13.0,,3.0,1.0,36.0,466.0,11.0,4.0,,11.0,1.0,50.0,0.0,0.0,1.0,0.0,0.0,1.0,5.0,2.0,2.0,2.0,0.0,1.0,,2.0,1.0,61.5,15.0,,10.0,2.0,7.0,4.0,31.0,5.0,2.0,541.0,16.0,1.0,12.0,21.0,6.0,33.0,1.0,2.0,308.0,11.0,21.0,18.0,112.0,27.0,13.0,13.0,0.0,2.0,12.0,5.0,23.0,2.9414,12.0,5.0,1.0,,1.0,,2.0,1.0,1.0,,2.0,,,2.0,1.0,2.0,,,2.0,,,1.0,,1.0,1.0,1.0,1.0,,1.0,1.0,1.0,1.0,1.0,1.0,,,1.0,1.0,1.0,1.0,,,1.0,,1.0,,1.0,1.0,1.0,1.0,,,,,1.0,,,,,,,
20,2562087,2026-01-03 15:00:00,"American Express Stadium, Falmer",31373.0,Home,Brighton and Hove Albion,Burnley,2,0,W,1.0,0.0,0,0,0.0,1.0,43.0,1.0,0.0,1.0,,,0.7218,17.0,25.0,6.0,4.0,9.0,2.0,0.0,1.0,175.0,1.0,4.0,8.0,2.0,5.0,10.0,4.0,182.0,122.0,59.0,1.0,15.0,3.0,13.0,2.0,,1.0,1.0,4.0,11.0,10.0,0.0,25.0,4.0,7.0,17.0,0.1589,224.0,1.0,0.0,0.0,117.0,7.0,0.0,,2.0,1.0,3.0,,90.0,54.0,4.0,105.0,1.0,7.0,15.0,6.0,1.0,0.0,0.0,3.0,2.0,122.0,2.0,4.0,0.0,146.0,801.0,,7.0,6.0,26.0,,6.0,529.0,13.0,6.0,13.0,1.0,,0.0,6.0,0.977638,13.0,589.0,0.0547,39.0,1.0,32.44,231416,6.0,326.0,1.0,1.0,3.0,348.0,5.0,113926.1,2.0,,8.0,4.0,53.0,0.0,0.0,3.0,2.0,2.0,19.0,1.0,4.0,0.0,32.0,546.0,15.0,8.0,2.0,15.0,1.0,62.0,0.0,0.0,1.0,0.0,0.0,1.0,4.0,2.0,2.0,0.0,0.0,3.0,,,3.0,59.9,8.0,3.0,6.0,,2.0,4.0,47.0,4.0,,608.0,6.0,,11.0,7.0,7.0,18.0,1.0,4.0,271.0,8.0,6.0,19.0,91.0,21.0,13.0,17.0,0.0,0.0,10.0,5.0,22.0,1.4494,8.0,4.0,,1.0,,,,1.0,,,1.0,1.0,,2.0,,4.0,,,1.0,1.0,,,,1.0,,,1.0,,,,,,,,,,,1.0,,,,,,,,,,,,,,,,1.0,,1.0,1.0,1.0,,,,
21,2562102,2026-01-07 19:30:00,"Etihad Stadium, Manchester",51728.0,Away,Brighton and Hove Albion,Manchester City,1,1,D,0.0,1.0,0,0,0.0,,44.0,0.0,1.0,1.0,,,1.1013,18.0,24.0,1.0,,5.0,3.0,0.0,1.0,132.0,0.0,3.0,2.0,1.0,,6.0,3.0,109.0,131.0,38.0,,6.0,,14.0,2.0,1.0,1.0,1.0,2.0,9.0,12.0,0.0,24.0,2.0,11.0,35.0,1.707,66.0,,1.0,0.0,60.0,16.0,0.0,,1.0,,,,33.0,26.0,3.0,73.0,3.0,7.0,18.0,1.0,,0.0,0.0,2.0,,131.0,4.0,16.0,0.0,85.0,577.0,,3.0,12.0,15.0,1.0,20.0,295.0,24.0,5.0,10.0,1.0,1.0,6.0,2.0,1.23926,22.0,377.0,,36.0,,33.34,514254,1.0,250.0,5.0,5.0,,287.0,9.0,119474.64,1.0,,8.0,12.0,59.0,0.0,0.0,3.0,2.0,1.0,17.0,5.0,8.0,0.0,53.0,313.0,6.0,16.0,1.0,17.0,1.0,46.0,0.0,0.0,,0.0,0.0,1.0,6.0,4.0,0.0,1.0,0.0,2.0,,1.0,2.0,39.7,18.0,1.0,1.0,,2.0,1.0,23.0,2.0,,399.0,20.0,,10.0,16.0,3.0,12.0,1.0,2.0,121.0,4.0,9.0,8.0,30.0,16.0,10.0,22.0,0.0,1.0,5.0,4.0,6.0,1.1559,8.0,2.0,,1.0,,,,1.0,,,8.0,,3.0,,,4.0,,,,1.0,,,,1.0,1.0,,1.0,,1.0,,,,1.0,1.0,3.0,3.0,1.0,,1.0,1.0,,,,,,,,,,,,,,1.0,,,,2.0,,,,
22,2562106,2026-01-19 20:00:00,"American Express Stadium, Falmer",30172.0,Home,Brighton and Hove Albion,Bournemouth,1,1,D,0.0,1.0,0,0,0.0,,50.0,0.0,0.0,5.0,1.0,,1.6002,24.0,24.0,4.0,5.0,12.0,1.0,0.0,1.0,172.0,0.0,5.0,12.0,1.0,3.0,15.0,5.0,149.0,155.0,61.0,1.0,17.0,2.0,20.0,2.0,,1.0,1.0,,23.0,10.0,0.0,24.0,7.0,12.0,36.0,1.0284,276.0,,0.0,0.0,183.0,7.0,0.0,,0.0,1.0,1.0,1.0,81.0,88.0,10.0,95.0,,16.0,18.0,5.0,1.0,0.0,0.0,8.0,1.0,155.0,1.0,7.0,1.0,164.0,796.0,,12.0,5.0,45.0,1.0,2.0,471.0,15.0,3.0,11.0,1.0,,2.0,5.0,0.786873,22.0,559.0,0.0405,74.0,,33.64,513433,8.0,219.0,1.0,7.0,1.0,239.0,6.0,115861.18,1.0,1.0,8.0,6.0,51.0,0.0,0.0,1.0,2.0,1.0,21.0,4.0,6.0,0.0,40.0,490.0,6.0,6.0,2.0,8.0,6.0,55.0,1.0,0.0,,0.0,0.0,1.0,6.0,1.0,1.0,1.0,0.0,3.0,1.0,,3.0,66.9,16.0,1.0,3.0,2.0,2.0,7.0,39.0,11.0,1.0,580.0,2.0,,4.0,22.0,5.0,32.0,2.0,4.0,364.0,9.0,11.0,22.0,140.0,28.0,11.0,21.0,0.0,1.0,10.0,5.0,26.0,1.0245,8.0,11.0,,1.0,2.0,,,1.0,,,5.0,1.0,,1.0,,1.0,1.0,,2.0,,,2.0,,,,2.0,1.0,1.0,1.0,,2.0,2.0,,1.0,,2.0,1.0,1.0,1.0,1.0,,,2.0,1.0,,,,1.0,,,,,,,,,,,1.0,,,
23,2562121,2026-01-24 15:00:00,"Craven Cottage, London",27239.0,Away,Brighton and Hove Albion,Fulham,1,2,L,1.0,0.0,0,0,1.0,1.0,48.0,0.0,0.0,3.0,,,0.5131,15.0,23.0,2.0,4.0,10.0,2.0,0.0,,156.0,0.0,8.0,7.0,1.0,2.0,9.0,5.0,126.0,133.0,45.0,,13.0,1.0,12.0,4.0,,1.0,2.0,2.0,26.0,9.0,0.0,23.0,6.0,20.0,36.0,1.0612,175.0,,0.0,0.0,131.0,6.0,0.0,,1.0,,1.0,1.0,57.0,42.0,7.0,97.0,1.0,20.0,26.0,3.0,,0.0,0.0,8.0,2.0,133.0,3.0,5.0,0.0,138.0,708.0,,6.0,3.0,28.0,3.0,12.0,413.0,14.0,1.0,15.0,1.0,,1.0,2.0,1.04802,14.0,496.0,,47.0,1.0,33.68,535301,2.0,265.0,4.0,11.0,,279.0,3.0,115721.03,1.0,1.0,13.0,8.0,33.0,0.0,0.0,3.0,1.0,1.0,13.0,7.0,8.0,0.0,50.0,432.0,9.0,4.0,2.0,25.0,3.0,73.0,1.0,0.0,,0.0,0.0,1.0,6.0,1.0,1.0,2.0,0.0,5.0,1.0,,5.0,50.9,12.0,1.0,5.0,2.0,1.0,4.0,42.0,6.0,1.0,517.0,12.0,,6.0,19.0,4.0,39.0,3.0,2.0,264.0,4.0,18.0,13.0,84.0,22.0,15.0,16.0,0.0,1.0,10.0,5.0,12.0,1.5918,13.0,6.0,1.0,2.0,,,,,1.0,,3.0,,3.0,1.0,1.0,1.0,1.0,3.0,1.0,1.0,,,,,,1.0,,1.0,1.0,,3.0,3.0,,,1.0,,,1.0,,,,,,,,,1.0,,1.0,,1.0,,,,,,,,,1.0,1.0,
24,2562126,2026-01-31 15:00:00,"American Express Stadium, Falmer",31419.0,Home,Brighton and Hove Albion,Everton,1,1,D,0.0,0.0,0,0,0.0,,56.0,1.0,0.0,3.0,,,0.9976,13.0,30.0,2.0,5.0,9.0,3.0,0.0,1.0,151.0,0.0,4.0,4.0,1.0,1.0,9.0,2.0,141.0,135.0,50.0,,11.0,1.0,25.0,1.0,,1.0,1.0,3.0,13.0,9.0,0.0,30.0,5.0,2.0,37.0,1.5463,185.0,,0.0,0.0,113.0,13.0,0.0,,1.0,,,,60.0,47.0,4.0,66.0,1.0,8.0,15.0,2.0,,0.0,0.0,3.0,1.0,135.0,2.0,7.0,0.0,134.0,687.0,,7.0,3.0,23.0,,9.0,386.0,19.0,2.0,16.0,1.0,,1.0,5.0,0.966634,10.0,467.0,,50.0,,35.75,592031,7.0,227.0,2.0,5.0,,246.0,6.0,113880.94,1.0,,8.0,9.0,64.0,0.0,0.0,3.0,3.0,1.0,16.0,,9.0,0.0,42.0,408.0,13.0,4.0,1.0,20.0,3.0,69.0,0.0,0.0,,0.0,0.0,,2.0,3.0,1.0,1.0,0.0,3.0,1.0,,3.0,53.6,10.0,2.0,5.0,1.0,3.0,4.0,39.0,5.0,,492.0,9.0,,11.0,18.0,5.0,27.0,1.0,4.0,259.0,3.0,2.0,14.0,74.0,27.0,16.0,20.0,0.0,1.0,8.0,4.0,16.0,1.4393,8.0,5.0,,,,1.0,,1.0,,1.0,,,1.0,,,2.0,,2.0,,,,1.0,,,,1.0,,1.0,1.0,,2.0,2.0,1.0,,,1.0,,,,,,,,,,,,,,,,,,,,,,,,,,
25,2562137,2026-02-08 14:00:00,"American Express Stadium, Falmer",31179.0,Home,Brighton and Hove Albion,Crystal Palace,0,1,L,0.0,0.0,0,0,0.0,,58.0,0.0,0.0,2.0,,,0.2412,32.0,34.0,2.0,2.0,5.0,3.0,0.0,1.0,180.0,0.0,2.0,5.0,0.0,1.0,4.0,2.0,153.0,144.0,53.0,,7.0,1.0,17.0,1.0,1.0,,1.0,1.0,15.0,7.0,0.0,34.0,3.0,15.0,50.0,0.8665,175.0,,0.0,0.0,102.0,12.0,0.0,,0.0,,2.0,1.0,51.0,58.0,3.0,82.0,,12.0,22.0,2.0,,0.0,0.0,4.0,,144.0,,6.0,0.0,142.0,755.0,,3.0,4.0,13.0,,3.0,460.0,27.0,7.0,23.0,,1.0,1.0,1.0,0.574828,12.0,537.0,,61.0,1.0,32.27,463067,2.0,303.0,1.0,6.0,1.0,327.0,4.0,113951.63,0.0,,10.0,9.0,57.0,0.0,0.0,3.0,6.0,0.0,23.0,1.0,6.0,0.0,57.0,476.0,9.0,7.0,1.0,17.0,1.0,80.0,0.0,0.0,1.0,0.0,0.0,1.0,4.0,3.0,0.0,1.0,0.0,2.0,,,2.0,63.8,10.0,2.0,3.0,1.0,6.0,3.0,53.0,3.0,1.0,557.0,3.0,,11.0,27.0,2.0,24.0,1.0,2.0,245.0,3.0,14.0,22.0,68.0,22.0,23.0,17.0,0.0,1.0,5.0,5.0,15.0,0.7443,10.0,3.0,,,1.0,,,1.0,,,,,,,,,,,1.0,,,,,,,,,2.0,1.0,,1.0,1.0,,,,2.0,,1.0,,,,,1.0,,,,,,,,,,,,,,,,,,,
26,2562145,2026-02-11 19:30:00,"Villa Park, Birmingham",39495.0,Away,Brighton and Hove Albion,Aston Villa,0,1,L,0.0,0.0,0,0,0.0,,41.0,0.0,0.0,1.0,,,0.3344,24.0,13.0,2.0,1.0,7.0,2.0,0.0,3.0,130.0,0.0,5.0,5.0,0.0,,7.0,3.0,112.0,127.0,41.0,,9.0,,12.0,1.0,1.0,,1.0,2.0,27.0,10.0,0.0,13.0,5.0,8.0,30.0,0.0918,160.0,,0.0,0.0,105.0,15.0,0.0,1.0,0.0,,,,40.0,65.0,3.0,63.0,2.0,22.0,22.0,2.0,,0.0,0.0,8.0,,127.0,,11.0,0.0,113.0,592.0,,7.0,4.0,24.0,,13.0,329.0,18.0,6.0,7.0,,1.0,3.0,4.0,0.623651,23.0,396.0,,57.0,,33.37,451340,3.0,193.0,,14.0,,210.0,8.0,114053.66,0.0,,11.0,11.0,39.0,1.0,0.0,3.0,,0.0,12.0,5.0,10.0,0.0,52.0,348.0,9.0,2.0,,20.0,,53.0,0.0,0.0,,0.0,0.0,1.0,7.0,1.0,0.0,1.0,0.0,5.0,,3.0,3.0,50.3,17.0,2.0,3.0,3.0,,1.0,28.0,5.0,,418.0,13.0,,4.0,8.0,5.0,37.0,,5.0,235.0,5.0,8.0,11.0,71.0,19.0,7.0,16.0,0.0,1.0,6.0,5.0,12.0,0.5616,11.0,5.0,1.0,,2.0,,,,1.0,1.0,4.0,,1.0,1.0,1.0,4.0,,,,,,1.0,,1.0,,2.0,1.0,,1.0,,,,1.0,,1.0,,,,,,,1.0,,,,,,,,,,,,,,,1.0,,,,,2.0
27,2562156,2026-02-21 15:00:00,"Gtech Community Stadium, Brentford",17163.0,Away,Brighton and Hove Albion,Brentford,2,0,W,2.0,0.0,0,0,0.0,1.0,43.0,0.0,0.0,,,,1.3341,18.0,26.0,4.0,3.0,6.0,4.0,1.0,4.0,145.0,1.0,2.0,3.0,2.0,2.0,7.0,7.0,91.0,136.0,54.0,,11.0,1.0,21.0,3.0,2.0,,2.0,1.0,13.0,8.0,0.0,26.0,3.0,6.0,32.0,0.595,179.0,1.0,0.0,0.0,127.0,14.0,0.0,,0.0,1.0,1.0,2.0,56.0,54.0,5.0,79.0,1.0,10.0,10.0,5.0,,1.0,0.0,5.0,1.0,136.0,1.0,9.0,0.0,101.0,581.0,,6.0,7.0,19.0,,9.0,305.0,14.0,10.0,12.0,,2.0,2.0,2.0,0.278952,14.0,393.0,,63.0,,33.3,514254,4.0,142.0,1.0,4.0,,161.0,6.0,114945.81,1.0,,6.0,11.0,46.0,0.0,0.0,1.0,1.0,2.0,14.0,4.0,8.0,0.0,60.0,319.0,9.0,5.0,1.0,35.0,2.0,76.0,0.0,0.0,1.0,0.0,0.0,1.0,6.0,1.0,2.0,0.0,0.0,1.0,,2.0,,48.1,10.0,,4.0,1.0,1.0,1.0,34.0,4.0,2.0,416.0,9.0,,5.0,12.0,3.0,16.0,1.0,1.0,268.0,8.0,5.0,26.0,80.0,17.0,12.0,16.0,0.0,0.0,9.0,3.0,6.0,1.0941,6.0,4.0,,,2.0,,,1.0,,,,,1.0,,,1.0,2.0,,1.0,2.0,,,,1.0,,1.0,1.0,,,1.0,1.0,1.0,2.0,,,1.0,,,,,,,1.0,,,1.0,,,2.0,,,,,,,,1.0,,,,,
28,2562167,2026-03-01 14:00:00,"American Express Stadium, Falmer",31427.0,Home,Brighton and Hove Albion,Nottingham Forest,2,1,W,2.0,1.0,0,0,1.0,,44.0,2.0,0.0,1.0,,,1.1792,25.0,20.0,7.0,2.0,7.0,3.0,0.0,3.0,151.0,0.0,6.0,2.0,2.0,2.0,12.0,7.0,134.0,109.0,48.0,,14.0,1.0,10.0,2.0,,2.0,4.0,3.0,11.0,11.0,0.0,20.0,4.0,16.0,21.0,0.5813,192.0,,0.0,0.0,141.0,12.0,0.0,,1.0,1.0,,,46.0,42.0,8.0,96.0,,7.0,15.0,7.0,,0.0,0.0,3.0,3.0,109.0,2.0,7.0,0.0,141.0,696.0,,10.0,4.0,28.0,1.0,6.0,436.0,8.0,4.0,11.0,2.0,,3.0,4.0,1.29022,15.0,496.0,,55.0,,32.69,469142,5.0,267.0,2.0,4.0,1.0,281.0,6.0,115626.74,2.0,,7.0,5.0,41.0,0.0,0.0,,3.0,2.0,24.0,6.0,5.0,0.0,53.0,453.0,12.0,11.0,,25.0,2.0,65.0,0.0,0.0,2.0,0.0,0.0,,4.0,2.0,2.0,1.0,0.0,4.0,1.0,,1.0,53.5,14.0,,11.0,1.0,3.0,2.0,37.0,4.0,,522.0,6.0,,5.0,14.0,5.0,26.0,2.0,2.0,252.0,11.0,14.0,17.0,103.0,18.0,11.0,17.0,0.0,0.0,11.0,4.0,6.0,1.3187,7.0,4.0,,1.0,3.0,1.0,,,,1.0,6.0,,2.0,1.0,,,,,1.0,1.0,,,,,,1.0,,,,,,,,,1.0,,,,,,,,,,,,,,1.0,,,,,,,,,,,,,1.0
29,2562177,2026-03-04 19:30:00,"American Express Stadium, Falmer",31575.0,Home,Brighton and Hove Albion,Arsenal,0,1,L,0.0,1.0,0,0,0.0,,43.0,0.0,0.0,3.0,,,0.5554,23.0,28.0,5.0,4.0,6.0,1.0,0.0,1.0,144.0,0.0,5.0,5.0,0.0,1.0,7.0,3.0,124.0,150.0,58.0,,11.0,2.0,20.0,1.0,,,2.0,1.0,30.0,15.0,0.0,28.0,4.0,7.0,39.0,0.1403,194.0,,0.0,0.0,142.0,14.0,0.0,,0.0,1.0,,,61.0,61.0,4.0,67.0,1.0,26.0,20.0,5.0,,0.0,0.0,17.0,1.0,150.0,1.0,6.0,0.0,135.0,695.0,,7.0,7.0,29.0,1.0,11.0,368.0,23.0,4.0,17.0,,,4.0,3.0,0.592529,23.0,452.0,,62.0,,33.87,535301,5.0,196.0,2.0,9.0,,219.0,6.0,117995.99,0.0,1.0,10.0,5.0,55.0,0.0,0.0,3.0,1.0,0.0,19.0,1.0,5.0,0.0,52.0,385.0,12.0,5.0,,23.0,,61.0,0.0,0.0,,0.0,0.0,1.0,3.0,1.0,0.0,1.0,0.0,4.0,,,3.0,59.9,22.0,2.0,6.0,1.0,1.0,5.0,35.0,4.0,,470.0,11.0,,8.0,22.0,3.0,37.0,1.0,2.0,281.0,4.0,7.0,18.0,99.0,13.0,17.0,23.0,0.0,1.0,11.0,5.0,13.0,0.8199,10.0,4.0,,,2.0,1.0,,1.0,,1.0,1.0,,,1.0,,3.0,,,1.0,,,,,,,,,,,,,,,,,1.0,,1.0,,,,,1.0,,,,1.0,1.0,,,,,,,,,,,,,,
30,2562193,2026-03-14 15:00:00,"Stadium of Light, Sunderland",47197.0,Away,Brighton and Hove Albion,Sunderland,1,0,W,0.0,0.0,0,0,0.0,,54.0,0.0,0.0,4.0,,,1.3338,15.0,43.0,3.0,4.0,9.0,3.0,0.0,2.0,165.0,1.0,5.0,7.0,1.0,,9.0,4.0,105.0,131.0,56.0,,12.0,1.0,13.0,2.0,,,1.0,1.0,13.0,17.0,0.0,43.0,3.0,19.0,23.0,0.7197,163.0,1.0,0.0,0.0,113.0,12.0,0.0,,1.0,1.0,,1.0,31.0,62.0,6.0,79.0,1.0,10.0,13.0,3.0,,0.0,0.0,3.0,1.0,131.0,1.0,8.0,0.0,122.0,652.0,,9.0,8.0,31.0,,12.0,357.0,21.0,5.0,21.0,,,2.0,3.0,1.39922,9.0,448.0,,54.0,,33.28,592031,6.0,213.0,1.0,7.0,,244.0,5.0,113923.44,1.0,1.0,8.0,12.0,40.0,0.0,0.0,1.0,1.0,0.0,13.0,6.0,8.0,0.0,57.0,371.0,7.0,9.0,1.0,31.0,5.0,77.0,0.0,0.0,,0.0,0.0,,7.0,3.0,1.0,0.0,0.0,4.0,,1.0,1.0,52.0,7.0,1.0,1.0,,1.0,5.0,37.0,3.0,1.0,471.0,12.0,,2.0,9.0,3.0,18.0,1.0,2.0,240.0,7.0,16.0,16.0,74.0,24.0,21.0,26.0,0.0,0.0,7.0,4.0,12.0,1.6776,8.0,3.0,2.0,,1.0,,,3.0,2.0,,6.0,,1.0,1.0,2.0,3.0,,,1.0,1.0,,1.0,,,,1.0,,1.0,1.0,,1.0,1.0,,,1.0,2.0,,,,,,,1.0,,,,,,,,,,,,,,,1.0,,,,
31,2562197,2026-03-21 12:45:00,"American Express Stadium, Falmer",31680.0,Home,Brighton and Hove Albion,Liverpool,2,1,W,1.0,1.0,0,0,0.0,2.0,47.0,0.0,0.0,2.0,1.0,,2.4538,23.0,25.0,5.0,5.0,11.0,4.0,1.0,2.0,130.0,1.0,6.0,6.0,2.0,2.0,10.0,7.0,95.0,132.0,36.0,1.0,16.0,,10.0,3.0,2.0,1.0,2.0,2.0,16.0,6.0,0.0,25.0,3.0,7.0,35.0,1.0119,165.0,,0.0,0.0,132.0,11.0,0.0,,0.0,1.0,,1.0,84.0,50.0,7.0,65.0,2.0,13.0,23.0,5.0,1.0,0.0,0.0,6.0,3.0,132.0,5.0,10.0,0.0,90.0,575.0,,7.0,1.0,32.0,1.0,7.0,279.0,14.0,4.0,10.0,2.0,2.0,5.0,3.0,2.27447,22.0,356.0,0.0441,58.0,,34.95,592031,5.0,138.0,3.0,7.0,,156.0,8.0,115268.99,0.0,3.0,13.0,9.0,43.0,0.0,0.0,2.0,4.0,1.0,19.0,2.0,6.0,0.0,49.0,297.0,11.0,10.0,1.0,19.0,7.0,53.0,1.0,0.0,,0.0,0.0,1.0,8.0,4.0,2.0,1.0,0.0,5.0,2.0,,4.0,47.0,17.0,2.0,6.0,1.0,4.0,2.0,29.0,4.0,1.0,380.0,7.0,,5.0,23.0,7.0,22.0,1.0,4.0,240.0,7.0,7.0,8.0,91.0,17.0,10.0,11.0,1.0,1.0,7.0,5.0,13.0,2.174,13.0,4.0,1.0,1.0,2.0,,,3.0,1.0,,3.0,1.0,1.0,1.0,1.0,1.0,,,2.0,,1.0,1.0,,,,2.0,,1.0,1.0,,1.0,1.0,,,1.0,1.0,,1.0,,,,,2.0,,1.0,,1.0,,2.0,1.0,,,,,,,,,,,,
32,2562207,2026-04-11 15:00:00,"Turf Moor, Burnley",20408.0,Away,Brighton and Hove Albion,Burnley,2,0,W,1.0,0.0,0,0,0.0,,61.0,1.0,1.0,2.0,,,2.5025,19.0,26.0,4.0,7.0,9.0,4.0,1.0,3.0,165.0,0.0,8.0,7.0,2.0,2.0,12.0,6.0,121.0,125.0,52.0,,13.0,2.0,12.0,4.0,,2.0,1.0,2.0,16.0,19.0,0.0,26.0,1.0,5.0,28.0,1.092,173.0,1.0,1.0,0.0,133.0,11.0,0.0,1.0,0.0,2.0,1.0,1.0,67.0,29.0,10.0,76.0,,15.0,10.0,4.0,,0.0,0.0,6.0,1.0,125.0,1.0,8.0,0.0,115.0,681.0,,9.0,6.0,39.0,,18.0,383.0,20.0,6.0,15.0,2.0,,1.0,2.0,1.10219,11.0,462.0,,55.0,1.0,32.85,467779,5.0,232.0,1.0,8.0,1.0,248.0,5.0,117918.64,1.0,2.0,5.0,6.0,45.0,0.0,2.0,1.0,1.0,2.0,20.0,2.0,5.0,0.0,46.0,397.0,7.0,12.0,1.0,20.0,,62.0,0.0,0.0,,0.0,0.0,1.0,8.0,5.0,1.0,0.0,0.0,8.0,1.0,,,49.6,7.0,,6.0,,1.0,4.0,36.0,2.0,1.0,477.0,18.0,,7.0,10.0,3.0,30.0,,2.0,245.0,6.0,5.0,9.0,87.0,30.0,15.0,29.0,0.0,0.0,12.0,4.0,11.0,1.9334,5.0,2.0,,1.0,1.0,,,1.0,,,2.0,,,1.0,,1.0,,,1.0,1.0,1.0,,,,,,,,,,3.0,3.0,1.0,,,,,,,,,,,,,,,,,1.0,,,,,,,,1.0,,,,
33,2562224,2026-04-18 17:30:00,"Tottenham Hotspur Stadium, London",61167.0,Away,Brighton and Hove Albion,Tottenham Hotspur,2,2,D,1.0,1.0,0,0,1.0,,40.0,0.0,0.0,1.0,,,1.0588,14.0,28.0,2.0,2.0,8.0,4.0,2.0,,155.0,0.0,8.0,5.0,2.0,2.0,8.0,3.0,116.0,125.0,56.0,1.0,10.0,2.0,13.0,1.0,4.0,2.0,1.0,,28.0,7.0,0.0,28.0,5.0,8.0,30.0,1.6027,203.0,,0.0,0.0,134.0,14.0,0.0,,0.0,,1.0,,60.0,67.0,4.0,56.0,1.0,23.0,14.0,2.0,1.0,1.0,0.0,8.0,,125.0,2.0,10.0,2.0,108.0,628.0,,4.0,10.0,30.0,1.0,8.0,341.0,9.0,4.0,15.0,2.0,4.0,1.0,4.0,1.02068,20.0,412.0,0.0533,59.0,1.0,35.77,592031,5.0,169.0,2.0,14.0,2.0,184.0,11.0,111076.33,0.0,1.0,6.0,6.0,53.0,0.0,0.0,,5.0,2.0,16.0,3.0,6.0,0.0,35.0,364.0,14.0,13.0,2.0,11.0,,46.0,1.0,0.0,,0.0,0.0,2.0,7.0,4.0,2.0,2.0,0.0,7.0,2.0,,4.0,57.6,18.0,3.0,7.0,2.0,5.0,3.0,27.0,5.0,,435.0,8.0,,10.0,15.0,4.0,34.0,1.0,4.0,279.0,4.0,8.0,23.0,96.0,17.0,15.0,14.0,0.0,1.0,7.0,5.0,9.0,0.817,6.0,5.0,1.0,,,,,1.0,1.0,1.0,3.0,,2.0,,1.0,6.0,,,1.0,,1.0,1.0,,,,2.0,1.0,,,,1.0,1.0,1.0,1.0,,,,1.0,,,,,1.0,,,,2.0,,,,,,1.0,,,,,,,,,
35,2562243,2026-05-02 15:00:00,"St. James' Park, Newcastle",52099.0,Away,Brighton and Hove Albion,Newcastle United,1,3,L,0.0,2.0,0,0,0.0,1.0,47.0,0.0,0.0,1.0,,,0.8955,23.0,18.0,3.0,7.0,10.0,4.0,1.0,2.0,156.0,0.0,6.0,6.0,1.0,2.0,10.0,4.0,121.0,143.0,35.0,,13.0,2.0,22.0,3.0,,1.0,,,38.0,9.0,0.0,18.0,8.0,7.0,41.0,4.2116,239.0,,0.0,0.0,178.0,12.0,0.0,,1.0,,1.0,2.0,91.0,66.0,4.0,83.0,1.0,30.0,10.0,3.0,,1.0,0.0,18.0,,143.0,4.0,12.0,0.0,146.0,687.0,,7.0,1.0,28.0,1.0,3.0,404.0,13.0,1.0,9.0,1.0,1.0,3.0,6.0,0.792781,22.0,481.0,,70.0,,34.9,592031,7.0,193.0,3.0,11.0,1.0,209.0,7.0,109465.04,0.0,,5.0,9.0,53.0,0.0,0.0,1.0,2.0,1.0,17.0,1.0,7.0,0.0,63.0,426.0,9.0,9.0,2.0,20.0,3.0,65.0,0.0,0.0,,0.0,0.0,1.0,2.0,3.0,1.0,3.0,0.0,4.0,1.0,,3.0,67.7,22.0,2.0,7.0,2.0,3.0,3.0,34.0,10.0,2.0,506.0,3.0,,4.0,24.0,6.0,51.0,2.0,5.0,335.0,3.0,7.0,10.0,133.0,22.0,9.0,11.0,0.0,3.0,9.0,5.0,13.0,1.53,5.0,10.0,1.0,,,,,1.0,1.0,1.0,1.0,,1.0,3.0,1.0,,1.0,,,,,,,1.0,,1.0,2.0,,2.0,1.0,,,1.0,,,1.0,,1.0,,,,,,,,,2.0,,,,,,,,,,1.0,,,,,
36,2562245,2026-05-09 15:00:00,"American Express Stadium, Falmer",31587.0,Home,Brighton and Hove Albion,Wolverhampton Wanderers,3,0,W,2.0,0.0,0,0,0.0,3.0,43.0,0.0,0.0,1.0,1.0,1.0,3.2601,33.0,8.0,3.0,2.0,10.0,1.0,1.0,1.0,163.0,0.0,8.0,8.0,3.0,3.0,9.0,6.0,138.0,127.0,47.0,1.0,13.0,2.0,7.0,3.0,1.0,1.0,1.0,4.0,25.0,9.0,1.0,8.0,7.0,5.0,30.0,0.0708,209.0,1.0,0.0,0.0,133.0,9.0,0.0,1.0,2.0,1.0,3.0,1.0,80.0,64.0,7.0,92.0,1.0,18.0,15.0,3.0,1.0,1.0,0.0,6.0,1.0,127.0,3.0,4.0,0.0,160.0,742.0,1.0,5.0,3.0,36.0,2.0,9.0,465.0,15.0,3.0,6.0,2.0,1.0,1.0,2.0,1.53342,24.0,531.0,0.0195,59.0,1.0,34.91,592031,3.0,280.0,1.0,9.0,1.0,291.0,5.0,108717.88,0.0,1.0,8.0,7.0,42.0,0.0,1.0,1.0,2.0,2.0,14.0,1.0,6.0,0.0,56.0,481.0,11.0,9.0,2.0,16.0,4.0,79.0,1.0,0.0,2.0,0.0,0.0,1.0,1.0,1.0,3.0,0.0,0.0,5.0,2.0,1.0,6.0,72.2,19.0,2.0,2.0,2.0,2.0,3.0,50.0,7.0,1.0,553.0,9.0,1.0,8.0,19.0,4.0,34.0,3.0,3.0,287.0,5.0,4.0,13.0,94.0,19.0,6.0,15.0,2.0,0.0,7.0,5.0,17.0,1.4558,8.0,7.0,,,,,,,,,,,,,,,,,,,,,,,,,,,,,,,,,,,,,,,,,,,,,,,,,,,,,,,,,,,,
37,2562261,2026-05-17 15:00:00,"Elland Road, Leeds",,Away,Brighton and Hove Albion,Leeds United,0,0,D,,,0,0,0.0,,43.0,0.0,0.0,5.0,,,0.6314,13.0,34.0,4.0,5.0,15.0,1.0,0.0,4.0,171.0,0.0,13.0,6.0,0.0,1.0,17.0,8.0,145.0,140.0,44.0,,19.0,,20.0,5.0,,,3.0,1.0,36.0,3.0,0.0,34.0,8.0,12.0,28.0,0.8287,268.0,,0.0,0.0,155.0,7.0,0.0,,0.0,1.0,1.0,2.0,58.0,64.0,11.0,93.0,1.0,28.0,19.0,4.0,,0.0,0.0,12.0,1.0,140.0,3.0,3.0,0.0,147.0,764.0,,14.0,2.0,39.0,1.0,6.0,454.0,9.0,2.0,19.0,,,0.0,6.0,2.9655,19.0,536.0,,60.0,1.0,33.23,535301,8.0,216.0,3.0,15.0,1.0,238.0,3.0,111372.79,0.0,3.0,8.0,7.0,46.0,0.0,0.0,2.0,5.0,0.0,14.0,4.0,6.0,0.0,46.0,471.0,8.0,8.0,3.0,27.0,6.0,62.0,0.0,0.0,,0.0,0.0,,7.0,,0.0,1.0,0.0,8.0,,,4.0,66.3,15.0,2.0,5.0,,5.0,5.0,32.0,8.0,2.0,556.0,6.0,,7.0,18.0,6.0,46.0,5.0,5.0,354.0,10.0,11.0,24.0,113.0,20.0,19.0,6.0,0.0,1.0,11.0,5.0,11.0,3.0646,8.0,8.0,,2.0,3.0,,,1.0,,1.0,3.0,,1.0,2.0,,1.0,,,3.0,,3.0,1.0,,,,1.0,,3.0,4.0,,1.0,1.0,,,1.0,1.0,,1.0,,,,,1.0,,,,1.0,,,,,,,,,,,,,,,
38,2562265,2026-05-24 16:00:00,"American Express Stadium, Falmer",,Home,Brighton and Hove Albion,Manchester United,0,0,D,,,0,0,0.0,,49.0,0.0,0.0,2.0,,,0.3018,18.0,12.0,4.0,5.0,9.0,5.0,0.0,,133.0,0.0,4.0,2.0,0.0,3.0,9.0,2.0,130.0,123.0,40.0,1.0,13.0,3.0,4.0,2.0,1.0,,1.0,2.0,20.0,12.0,0.0,12.0,,8.0,31.0,2.1779,199.0,,0.0,0.0,144.0,11.0,0.0,,0.0,,1.0,,69.0,46.0,4.0,78.0,,20.0,16.0,4.0,1.0,0.0,0.0,6.0,1.0,123.0,,7.0,0.0,143.0,658.0,,9.0,1.0,32.0,,8.0,398.0,14.0,1.0,5.0,,1.0,0.0,5.0,0.752787,16.0,465.0,0.0609,45.0,,35.53,592031,6.0,220.0,,13.0,,235.0,9.0,108913.33,0.0,,9.0,9.0,40.0,0.0,0.0,1.0,6.0,0.0,19.0,4.0,9.0,0.0,37.0,415.0,8.0,7.0,,7.0,,52.0,0.0,0.0,2.0,0.0,0.0,,3.0,3.0,0.0,3.0,0.0,4.0,,4.0,1.0,52.4,16.0,1.0,7.0,1.0,6.0,5.0,34.0,,,484.0,8.0,,10.0,15.0,6.0,37.0,,5.0,269.0,7.0,7.0,13.0,100.0,21.0,5.0,17.0,0.0,3.0,12.0,5.0,10.0,0.7866,9.0,,,1.0,,,,3.0,,,1.0,,,2.0,,,1.0,,2.0,1.0,,1.0,,,,2.0,,,,,1.0,1.0,,,,,,,,,,,,,,,,,,,,,,,,,,,,,,
