gameweek,matchId,kickoff,ground,attendance,venue,team,opponent,goalsFor,goalsAgainst,result,halfTimeFor,halfTimeAgainst,redCardsFor,redCardsAgainst,handBall,bigChanceScored,ballRecovery,attGoalLowLeft,attGoalLowRight,savedObox,attIboxBlocked,accurateLongBalls,totalClearance,attObxCentre,attLfTotal,attemptsIbox,saves,attLfGoal,attRfTarget,fwdPass,attGoalLowCentre,accurateCross,wonContest,goals,fouledFinalThird,totalAttAssist,attCmissRight,ontargetScoringAtt,rightsidePass,possLostAll,duelWon,attPenTarget,totalScoringAtt,aerialLost,attIboxTarget,shotFastbreak,attBxRight,postScoringAtt,accurateKeeperSweeper,goalAssistOpenplay,goalFastbreak,attMissLeft,totalCross,wonTackle,attOboxTarget,effectiveClearance,totalCornersIntobox,totalLayoffs,totalChippedPass,attOneOnOne,accurateFwdZonePass,penaltyWon,yellowCard,totalFinalThirdPasses,fkFoulLost,ptsGainedLosingPos,divingSave,totalFastbreak,attSvHighLeft,attSvLowLeft,goodHighClaim,passesLeft,passesRight,ontargetAttAssist,backwardPass,interceptionsInBox,attMissRight,totalCrossNocorner,putThrough,attemptsObox,attOboxMiss,possLostCtrl,bigChanceCreated,attemptsConcededIbox,leftsidePass,touches,attAssistOpenplay,totalFlickOn,touchesInOppBox,hitWoodwork,interception,successfulOpenPlayPass,possWonDef3rd,accurateLaunches,headClearance,goalAssist,totalKeeperSweeper,totalYelCard,outfielderBlock,offtargetAttAssist,totalThrows,openPlayPass,finalThirdEntries,accurateThroughBall,fastestPlayer_playerId,attBxCentre,accurateBackZonePass,bigChanceMissed,crosses18yard,attSetpiece,totalBackZonePass,attemptedTackleFoul,attRfGoal,blockedPass,goalKicks,duelLost,totalThroughBall,defenderGoals,totalOffside,accurateKeeperThrows,goalsOpenplay,unsuccessfulTouch,attemptsConcededObox,accurateGoalKicks,attPenGoal,totalLongBalls,accuratePass,fkFoulWon,challengeLost,totalLaunches,longPassOwnToOpp,attFastbreak,attCmissLeft,punches,redCard,overrun,lostCorners,savedIbox,attIboxGoal,attOboxPost,goalsConceded,accurateFlickOn,totalRedCard,goalAssistIntentional,shieldBallOop,attHdTotal,possessionPercentage,accurateThrows,possWonAtt3rd,keeperThrows,blockedScoringAtt,longPassOwnToOppSuccess,cornerTaken,totalHighClaim,totalPass,interceptionWon,dispossessed,accurateChippedPass,shotOffTarget,attPostRight,penAreaEntries,accurateCornersIntobox,attIboxMiss,totalFwdZonePass,attRfTotal,accurateLayoffs,aerialWon,successfulFinalThirdPasses,possWonMid3rd,forwardGoals,effectiveBlockedCross,effectiveHeadClearance,totalTackle,attHdGoal,goalsConcededIbox,attOpenplay,subsMade,totalContest,blockedCross,successfulPutThrough,wonCorners,attLfTarget,attFreekickTotal,attOboxBlocked,attMissHighRight,attSvHighRight,freekickCross,freekickTotal,crosses18yardplus,accurateFreekickCross,attMissHigh,attAssistSetplay,attSvLowRight,accurateCrossNocorner,foulThrowIn,attHdMiss,attBxLeft,attFreekickMiss,attSvLowCentre,contentiousDecision,attCmissHigh,ownGoals,attIboxOwnGoal,goalAssistSetplay,goalAssistDeadball,attGoalHighCentre,penaltySave,attIboxPost,cleanSheet,attMissHighLeft,penaltyConceded,penaltyFaced,attOboxGoal,midfielderGoals,attGoalHighLeft,attFreekickGoal,attCmissHighRight,errorLeadToGoal,accuratePullBack,totalPullBack,goalsConcededObox,attHdTarget,errorLeadToShot,sixYardBlock,attLgCentre,attHdPost,attPostHigh,attGoalHighRight,attObxdLeft,attObxLeft,attCmissHighLeft,clearanceOffLine,penGoalsConceded,attFreekickTarget,attSvHighCentre,attCorner,attPostLeft
1,695281,2013-08-17 15:00:00,"Emirates Stadium, London",60003,Away,Aston Villa,Arsenal,3,1,W,1,1,0,1,1.0,3.0,64.0,1.0,1.0,1.0,1.0,28.0,31.0,4.0,3.0,6.0,3.0,1.0,2.0,138.0,1.0,2.0,11.0,3.0,2.0,7.0,1.0,5.0,62.0,117.0,65.0,1.0,10.0,20.0,1.0,1.0,1.0,1.0,2.0,1.0,1.0,2.0,7.0,14.0,1.0,30.0,3.0,9.0,16.0,1.0,104.0,2.0,0.0,84.0,19.0,3.0,3.0,2.0,1.0,1.0,4.0,27.0,68.0,3.0,54.0,3.0,1.0,4.0,15.0,4.0,2.0,117.0,1.0,9.0,52.0,481.0,6.0,12.0,12.0,1.0,14.0,195.0,22.0,8.0,7.0,1.0,2.0,5.0,6.0,4.0,12.0,268.0,55.0,1.0,83572,4.0,114.0,1.0,4.0,1.0,125.0,7.0,1.0,6.0,9.0,60.0,3.0,1.0,1.0,3.0,1.0,8.0,6.0,5.0,1.0,63.0,216.0,15.0,14.0,26.0,78.0,1.0,1.0,2.0,0.0,2.0,4.0,2.0,3.0,1.0,1.0,5.0,0.0,1.0,1.0,1.0,36.2,11.0,2.0,3.0,1.0,38.0,3.0,4.0,306.0,14.0,2.0,5.0,4.0,1.0,14.0,2.0,1.0,188.0,6.0,7.0,19.0,38.0,23.0,2.0,4.0,6.0,21.0,1.0,1.0,7.0,2.0,19.0,4.0,6.0,3.0,,,,,,,,,,,,,,,,,,,,,,,,,,,,,,,,,,,,,,,,,,,,,,,,,,,,,,,,
2,694911,2013-08-24 17:30:00,"Villa Park, Birmingham",42098,Home,Aston Villa,Liverpool,0,1,L,0,1,0,0,1.0,,56.0,,,,1.0,38.0,18.0,10.0,4.0,,,,2.0,160.0,,6.0,11.0,,3.0,12.0,,3.0,113.0,152.0,64.0,,17.0,18.0,2.0,,1.0,,2.0,,,6.0,23.0,24.0,1.0,18.0,8.0,6.0,24.0,,232.0,,0.0,127.0,10.0,,,1.0,,1.0,3.0,93.0,66.0,7.0,82.0,,,15.0,15.0,,5.0,152.0,1.0,3.0,126.0,704.0,10.0,11.0,,,20.0,394.0,18.0,6.0,4.0,,2.0,3.0,2.0,5.0,25.0,469.0,76.0,2.0,90255,3.0,178.0,1.0,11.0,2.0,190.0,3.0,,15.0,6.0,57.0,2.0,,2.0,2.0,,18.0,2.0,1.0,,57.0,404.0,8.0,9.0,13.0,85.0,,,,0.0,2.0,2.0,,,,1.0,4.0,0.0,,,3.0,47.4,18.0,3.0,2.0,5.0,57.0,8.0,3.0,481.0,20.0,20.0,10.0,9.0,,17.0,2.0,4.0,314.0,10.0,6.0,15.0,81.0,28.0,,1.0,4.0,31.0,,1.0,10.0,3.0,14.0,1.0,9.0,8.0,1.0,2.0,4.0,2.0,1.0,1.0,2.0,3.0,1.0,1.0,2.0,1.0,4.0,1.0,3.0,2.0,1.0,,,,,,,,,,,,,,,,,,,,,,,,,,,,,,,,,,,,,,,
3,694922,2013-08-21 19:45:00,"Stamford Bridge, London",41527,Away,Aston Villa,Chelsea,1,2,L,1,1,0,0,2.0,,42.0,1.0,,1.0,,26.0,26.0,3.0,2.0,,2.0,1.0,1.0,138.0,,2.0,6.0,1.0,1.0,6.0,1.0,3.0,54.0,143.0,49.0,,7.0,18.0,2.0,,,,2.0,1.0,,2.0,9.0,10.0,,26.0,2.0,8.0,26.0,,107.0,,0.0,100.0,16.0,,2.0,,,,1.0,47.0,39.0,3.0,43.0,1.0,1.0,7.0,7.0,,3.0,143.0,2.0,6.0,51.0,459.0,5.0,14.0,,,11.0,181.0,23.0,12.0,7.0,1.0,2.0,4.0,3.0,3.0,24.0,262.0,54.0,,90255,4.0,92.0,2.0,4.0,2.0,110.0,4.0,,7.0,13.0,53.0,,,5.0,2.0,1.0,11.0,10.0,4.0,,52.0,197.0,12.0,6.0,32.0,79.0,,,,0.0,2.0,1.0,1.0,1.0,,2.0,2.0,0.0,1.0,1.0,1.0,30.8,20.0,,2.0,,40.0,2.0,1.0,286.0,11.0,11.0,12.0,4.0,,12.0,,1.0,185.0,4.0,8.0,22.0,50.0,10.0,1.0,2.0,7.0,13.0,,2.0,5.0,2.0,11.0,2.0,3.0,2.0,1.0,,,,,,,3.0,,1.0,,1.0,2.0,,1.0,,,1.0,2.0,1.0,1.0,1.0,,,,,,,,,,,,,,,,,,,,,,,,,,,,,,,,,,
4,694931,2013-09-14 15:00:00,"Villa Park, Birmingham",37554,Home,Aston Villa,Newcastle United,1,2,L,0,1,0,0,1.0,,53.0,,,5.0,2.0,40.0,20.0,4.0,5.0,,6.0,,,183.0,,6.0,11.0,1.0,2.0,8.0,2.0,1.0,103.0,144.0,70.0,,10.0,22.0,,1.0,1.0,,,,,2.0,17.0,20.0,,20.0,4.0,22.0,25.0,,180.0,,0.0,154.0,10.0,,3.0,1.0,,,,47.0,55.0,4.0,82.0,,2.0,13.0,16.0,,2.0,144.0,1.0,8.0,101.0,665.0,6.0,16.0,,,16.0,355.0,20.0,17.0,12.0,1.0,,1.0,1.0,4.0,25.0,448.0,84.0,1.0,90255,2.0,193.0,1.0,8.0,,209.0,5.0,,16.0,10.0,59.0,3.0,,1.0,6.0,,7.0,9.0,7.0,,65.0,367.0,11.0,14.0,39.0,92.0,1.0,1.0,,0.0,2.0,2.0,1.0,1.0,,2.0,4.0,0.0,1.0,,1.0,54.7,22.0,1.0,6.0,4.0,60.0,4.0,,469.0,16.0,5.0,11.0,5.0,,19.0,4.0,3.0,277.0,4.0,20.0,26.0,89.0,20.0,1.0,2.0,12.0,24.0,1.0,2.0,8.0,3.0,20.0,2.0,8.0,4.0,,,2.0,1.0,,1.0,,4.0,,,1.0,,2.0,1.0,,3.0,,,,,,,1.0,1.0,1.0,,,,,,,,,,,,,,,,,,,,,,,,,,,,,,,
5,694947,2013-09-21 12:45:00,"Carrow Road, Norwich",26813,Away,Aston Villa,Norwich City,1,0,W,1,0,0,0,2.0,1.0,55.0,,1.0,,2.0,17.0,45.0,7.0,5.0,,2.0,,2.0,119.0,,4.0,6.0,1.0,3.0,14.0,,4.0,48.0,136.0,64.0,,16.0,21.0,1.0,1.0,2.0,1.0,,1.0,,3.0,13.0,20.0,2.0,45.0,4.0,6.0,6.0,1.0,105.0,,0.0,81.0,12.0,,3.0,1.0,,1.0,9.0,39.0,18.0,6.0,45.0,,2.0,9.0,11.0,,3.0,136.0,2.0,9.0,52.0,493.0,12.0,11.0,,1.0,9.0,178.0,15.0,10.0,25.0,1.0,,0.0,4.0,8.0,18.0,243.0,46.0,1.0,90255,5.0,82.0,1.0,6.0,,102.0,4.0,1.0,11.0,12.0,50.0,1.0,,2.0,3.0,1.0,15.0,4.0,3.0,,48.0,183.0,15.0,5.0,43.0,75.0,1.0,1.0,,0.0,,7.0,2.0,1.0,,,3.0,0.0,1.0,1.0,1.0,35.8,13.0,3.0,4.0,4.0,31.0,4.0,9.0,264.0,9.0,5.0,2.0,8.0,1.0,14.0,3.0,4.0,175.0,10.0,6.0,22.0,47.0,23.0,1.0,7.0,25.0,25.0,,,13.0,3.0,15.0,7.0,6.0,4.0,1.0,1.0,2.0,1.0,,2.0,1.0,1.0,,,1.0,,1.0,,1.0,2.0,,2.0,,,,,,,,1.0,1.0,1.0,1.0,1.0,1.0,,,,,,,,,,,,,,,,,,,,,,,,,
6,694951,2013-09-28 15:00:00,"Villa Park, Birmingham",34063,Home,Aston Villa,Manchester City,3,2,W,0,1,0,0,,1.0,42.0,1.0,,2.0,,17.0,29.0,6.0,2.0,,5.0,,1.0,115.0,1.0,,7.0,3.0,2.0,5.0,,4.0,57.0,125.0,51.0,,8.0,21.0,1.0,,1.0,,,2.0,,,6.0,14.0,,29.0,2.0,10.0,21.0,1.0,80.0,,0.0,70.0,13.0,,2.0,,,,5.0,35.0,18.0,3.0,43.0,2.0,1.0,4.0,10.0,,3.0,125.0,1.0,12.0,58.0,451.0,3.0,9.0,,,11.0,180.0,15.0,5.0,11.0,2.0,,1.0,6.0,2.0,17.0,251.0,50.0,1.0,90255,1.0,112.0,,3.0,1.0,140.0,4.0,3.0,10.0,18.0,60.0,1.0,,,2.0,2.0,7.0,9.0,7.0,,49.0,192.0,9.0,14.0,27.0,67.0,,,1.0,0.0,1.0,13.0,3.0,1.0,,2.0,4.0,0.0,1.0,1.0,,33.3,14.0,3.0,3.0,1.0,28.0,2.0,5.0,273.0,11.0,5.0,9.0,3.0,,6.0,,,139.0,6.0,8.0,19.0,34.0,13.0,1.0,3.0,11.0,18.0,,2.0,5.0,1.0,16.0,3.0,9.0,2.0,,2.0,1.0,1.0,,,2.0,1.0,,,,,,1.0,,,1.0,1.0,,,,,,,,,,,1.0,,,2.0,2.0,1.0,1.0,1.0,1.0,,,,,,,,,,,,,,,,,,,
7,694963,2013-10-05 15:00:00,"The MKM Stadium, Hull",24396,Away,Aston Villa,Hull City,0,0,D,0,0,0,0,2.0,,50.0,,,1.0,3.0,52.0,48.0,10.0,5.0,,1.0,,3.0,154.0,,5.0,14.0,,2.0,13.0,1.0,4.0,119.0,132.0,56.0,,18.0,24.0,1.0,,1.0,,,,,,17.0,19.0,3.0,48.0,6.0,14.0,19.0,,153.0,,0.0,112.0,11.0,,,,,3.0,5.0,34.0,45.0,8.0,84.0,3.0,3.0,11.0,13.0,,2.0,132.0,,4.0,104.0,677.0,11.0,8.0,,,8.0,370.0,26.0,7.0,25.0,,,1.0,1.0,5.0,25.0,449.0,70.0,,90255,7.0,228.0,,5.0,1.0,240.0,4.0,,13.0,6.0,49.0,,,2.0,7.0,,8.0,2.0,1.0,,82.0,376.0,7.0,2.0,30.0,84.0,,,,0.0,1.0,7.0,,,,,3.0,0.0,,,3.0,54.3,22.0,,7.0,8.0,41.0,7.0,5.0,461.0,8.0,8.0,12.0,6.0,,14.0,3.0,4.0,238.0,10.0,9.0,15.0,64.0,13.0,,2.0,25.0,20.0,,,14.0,2.0,20.0,2.0,5.0,7.0,1.0,,5.0,2.0,,2.0,,4.0,,1.0,2.0,1.0,2.0,2.0,3.0,,,,,,,,,,,,,1.0,,,,,,,,,,1.0,1.0,,,,,,,,,,,,,,,,,
8,694971,2013-10-20 16:00:00,"Villa Park, Birmingham",35391,Home,Aston Villa,Tottenham Hotspur,0,2,L,0,1,0,0,1.0,,62.0,,,2.0,1.0,17.0,29.0,9.0,5.0,,4.0,,,137.0,,6.0,9.0,,4.0,10.0,1.0,2.0,56.0,155.0,55.0,,15.0,15.0,1.0,,1.0,,2.0,,,1.0,19.0,11.0,1.0,29.0,4.0,11.0,23.0,,111.0,,0.0,103.0,13.0,,3.0,,,,1.0,41.0,32.0,3.0,48.0,1.0,1.0,15.0,22.0,,7.0,155.0,1.0,7.0,69.0,537.0,9.0,16.0,,,20.0,205.0,23.0,3.0,12.0,,2.0,3.0,1.0,7.0,34.0,291.0,58.0,,90255,5.0,109.0,1.0,8.0,1.0,127.0,3.0,,22.0,9.0,54.0,3.0,,2.0,1.0,,15.0,6.0,6.0,,44.0,214.0,12.0,11.0,19.0,73.0,,,,0.0,2.0,7.0,2.0,,,2.0,1.0,0.0,,1.0,3.0,37.1,28.0,1.0,1.0,2.0,32.0,4.0,1.0,310.0,20.0,12.0,10.0,11.0,,15.0,1.0,4.0,202.0,7.0,10.0,17.0,51.0,27.0,,1.0,12.0,17.0,,1.0,11.0,3.0,15.0,1.0,12.0,4.0,1.0,1.0,1.0,2.0,,3.0,1.0,4.0,,2.0,1.0,1.0,5.0,,2.0,,1.0,1.0,,,,,,,,,,,5.0,,,,,,,,,,,1.0,1.0,1.0,1.0,,,,,,,,,,,,,
9,694981,2013-10-26 15:00:00,"Villa Park, Birmingham",35154,Home,Aston Villa,Everton,0,2,L,0,0,0,0,,,47.0,,,,2.0,25.0,17.0,8.0,4.0,,2.0,,3.0,161.0,,2.0,9.0,,1.0,8.0,,3.0,85.0,163.0,46.0,1.0,14.0,18.0,3.0,,,,,,,1.0,22.0,14.0,,17.0,8.0,13.0,20.0,1.0,153.0,1.0,0.0,106.0,14.0,,2.0,,1.0,,4.0,60.0,38.0,4.0,58.0,1.0,3.0,14.0,16.0,,6.0,163.0,1.0,8.0,79.0,596.0,7.0,7.0,,,11.0,289.0,18.0,8.0,6.0,,,0.0,6.0,4.0,23.0,369.0,71.0,1.0,90255,4.0,148.0,2.0,9.0,,162.0,6.0,,16.0,9.0,63.0,3.0,,2.0,7.0,,15.0,7.0,3.0,,53.0,299.0,8.0,6.0,28.0,91.0,,,,0.0,4.0,6.0,2.0,,,2.0,2.0,0.0,,,,46.9,17.0,,7.0,5.0,51.0,8.0,4.0,383.0,11.0,12.0,12.0,6.0,,12.0,1.0,,243.0,9.0,12.0,15.0,60.0,21.0,,3.0,6.0,15.0,,1.0,12.0,2.0,23.0,3.0,10.0,8.0,,,3.0,1.0,1.0,,,5.0,,,1.0,1.0,1.0,,,1.0,,,,,,,,,,,,,1.0,,,,,,,,,,,1.0,,,,1.0,,,,,,,,,,,,
10,694999,2013-11-02 15:00:00,"Boleyn Ground, London",34977,Away,Aston Villa,West Ham United,0,0,D,0,0,0,0,1.0,,58.0,,,1.0,,28.0,45.0,4.0,2.0,,4.0,,,149.0,,3.0,4.0,,,8.0,,2.0,88.0,140.0,57.0,,8.0,15.0,2.0,,,1.0,,,,2.0,8.0,20.0,,45.0,1.0,23.0,21.0,,124.0,,0.0,87.0,15.0,,1.0,,,,4.0,34.0,46.0,4.0,72.0,3.0,,7.0,8.0,,2.0,140.0,2.0,10.0,66.0,561.0,7.0,8.0,,1.0,13.0,259.0,21.0,6.0,22.0,,1.0,2.0,6.0,4.0,18.0,359.0,66.0,,90590,3.0,147.0,2.0,2.0,,172.0,6.0,,8.0,14.0,45.0,,,1.0,4.0,,7.0,7.0,4.0,,65.0,268.0,8.0,10.0,40.0,101.0,,,2.0,0.0,1.0,5.0,3.0,,,,2.0,0.0,,,2.0,40.6,15.0,4.0,4.0,2.0,40.0,1.0,5.0,375.0,13.0,3.0,11.0,4.0,,13.0,1.0,1.0,211.0,4.0,19.0,21.0,45.0,22.0,,1.0,22.0,24.0,,,7.0,1.0,7.0,1.0,6.0,1.0,2.0,,2.0,1.0,,,,5.0,,,1.0,1.0,2.0,,1.0,1.0,,1.0,,,,,,,,,1.0,1.0,,,,,,,,,,,,,,,,,1.0,1.0,,,,,,,,,,
11,695001,2013-11-09 15:00:00,"Villa Park, Birmingham",35809,Home,Aston Villa,Cardiff City,2,0,W,0,0,0,0,,,49.0,,1.0,1.0,,32.0,24.0,10.0,2.0,,2.0,,3.0,146.0,,7.0,8.0,2.0,2.0,12.0,1.0,6.0,67.0,164.0,58.0,,17.0,26.0,1.0,1.0,1.0,,1.0,1.0,,2.0,25.0,18.0,3.0,24.0,4.0,2.0,22.0,,136.0,,0.0,107.0,10.0,,1.0,1.0,,3.0,1.0,62.0,37.0,7.0,54.0,2.0,4.0,21.0,22.0,,3.0,164.0,,5.0,74.0,543.0,10.0,14.0,,,10.0,228.0,19.0,9.0,13.0,1.0,1.0,1.0,1.0,5.0,31.0,325.0,66.0,,90590,5.0,110.0,,12.0,,136.0,2.0,1.0,22.0,7.0,52.0,1.0,,5.0,,1.0,11.0,3.0,3.0,,69.0,239.0,3.0,3.0,43.0,96.0,1.0,2.0,1.0,0.0,1.0,3.0,1.0,1.0,,,2.0,0.0,1.0,1.0,5.0,43.1,23.0,4.0,,4.0,53.0,5.0,1.0,341.0,10.0,9.0,12.0,7.0,,19.0,3.0,4.0,230.0,10.0,2.0,26.0,63.0,21.0,1.0,1.0,13.0,22.0,1.0,,15.0,2.0,14.0,1.0,13.0,5.0,,1.0,4.0,,,,1.0,9.0,,,1.0,1.0,4.0,,3.0,,,,,,,,,,,,,1.0,1.0,,,1.0,1.0,,1.0,,,1.0,2.0,,1.0,1.0,,,,,1.0,1.0,,,,,,,,
12,695018,2013-11-25 20:00:00,"The Hawthorns, West Bromwich",24902,Away,Aston Villa,West Bromwich Albion,2,2,D,0,2,0,0,1.0,1.0,52.0,,1.0,2.0,,44.0,33.0,12.0,4.0,,2.0,,3.0,170.0,1.0,2.0,1.0,2.0,1.0,10.0,,7.0,94.0,176.0,52.0,,15.0,32.0,1.0,,1.0,1.0,1.0,1.0,,,15.0,14.0,4.0,33.0,2.0,10.0,33.0,,151.0,,0.0,136.0,14.0,,,,,3.0,4.0,45.0,33.0,6.0,68.0,,2.0,13.0,21.0,,4.0,176.0,1.0,9.0,88.0,609.0,9.0,16.0,,1.0,12.0,283.0,16.0,18.0,20.0,1.0,1.0,2.0,2.0,4.0,24.0,394.0,93.0,,90255,1.0,151.0,,6.0,2.0,179.0,1.0,2.0,21.0,7.0,65.0,,,5.0,3.0,2.0,11.0,2.0,3.0,,76.0,300.0,8.0,11.0,42.0,92.0,,,1.0,0.0,4.0,4.0,,1.0,1.0,2.0,6.0,0.0,1.0,,,48.6,15.0,3.0,3.0,2.0,42.0,2.0,4.0,420.0,12.0,8.0,17.0,6.0,,16.0,,1.0,256.0,11.0,8.0,23.0,80.0,19.0,,,20.0,20.0,,2.0,12.0,3.0,3.0,,8.0,2.0,2.0,,2.0,1.0,,1.0,,6.0,,1.0,,,2.0,,,1.0,,2.0,,,,,,,,,,,1.0,,,1.0,2.0,,,,1.0,,,,,,,,,1.0,,,,,,,,,,
13,695021,2013-11-30 15:00:00,"Villa Park, Birmingham",33036,Home,Aston Villa,Sunderland,0,0,D,0,0,0,0,1.0,,52.0,,,,1.0,25.0,16.0,7.0,2.0,,1.0,,4.0,161.0,,3.0,7.0,,1.0,11.0,,4.0,98.0,163.0,43.0,,13.0,21.0,1.0,,1.0,,,,,4.0,31.0,9.0,3.0,16.0,7.0,12.0,25.0,,230.0,,0.0,139.0,14.0,,1.0,,,1.0,,72.0,75.0,4.0,74.0,,,24.0,13.0,,4.0,163.0,,3.0,99.0,627.0,8.0,7.0,,,10.0,327.0,20.0,3.0,8.0,,,2.0,1.0,7.0,33.0,410.0,85.0,,90255,4.0,114.0,,15.0,,133.0,1.0,,13.0,6.0,55.0,,,2.0,2.0,,19.0,4.0,4.0,,54.0,341.0,12.0,7.0,31.0,88.0,,3.0,,0.0,,6.0,1.0,,,,1.0,0.0,,,2.0,50.9,27.0,2.0,2.0,2.0,48.0,7.0,,432.0,10.0,8.0,15.0,7.0,,15.0,1.0,3.0,330.0,8.0,8.0,17.0,95.0,23.0,,2.0,8.0,10.0,,,11.0,3.0,14.0,2.0,11.0,7.0,,,1.0,1.0,,1.0,,8.0,,,3.0,2.0,2.0,,2.0,,,1.0,,,,,,,,,,1.0,2.0,,,,,,,1.0,,,,,,,,,,,,,1.0,1.0,,,,,,
14,695035,2013-12-04 19:45:00,"St. Mary's Stadium, Southampton",29814,Away,Aston Villa,Southampton,3,2,W,1,0,0,0,1.0,2.0,52.0,,1.0,2.0,,18.0,35.0,3.0,1.0,,7.0,1.0,,107.0,1.0,3.0,3.0,3.0,,5.0,,3.0,33.0,145.0,57.0,,6.0,16.0,,2.0,,,1.0,3.0,2.0,,8.0,17.0,,35.0,2.0,10.0,24.0,1.0,60.0,,0.0,52.0,13.0,,6.0,4.0,,,3.0,34.0,40.0,3.0,22.0,1.0,1.0,6.0,10.0,,1.0,145.0,2.0,12.0,34.0,397.0,1.0,9.0,,,16.0,87.0,22.0,9.0,16.0,3.0,2.0,2.0,5.0,2.0,19.0,170.0,42.0,,90255,3.0,46.0,,4.0,,67.0,3.0,1.0,10.0,10.0,47.0,,,6.0,1.0,3.0,10.0,9.0,6.0,,50.0,103.0,9.0,6.0,35.0,82.0,2.0,,1.0,0.0,4.0,8.0,5.0,2.0,,2.0,3.0,0.0,2.0,3.0,2.0,21.9,12.0,2.0,1.0,1.0,35.0,2.0,3.0,196.0,16.0,11.0,6.0,2.0,,7.0,2.0,1.0,137.0,3.0,6.0,25.0,16.0,18.0,2.0,6.0,16.0,24.0,1.0,2.0,5.0,3.0,8.0,6.0,7.0,2.0,,,1.0,1.0,,,,2.0,,,1.0,,1.0,,1.0,,,,,,,,,,,,,,,,,1.0,1.0,1.0,,,,,1.0,,,,,,,,,,,,,,,,,
15,695043,2013-12-08 13:30:00,"Craven Cottage, London",22288,Away,Aston Villa,Fulham,0,2,L,0,2,0,0,1.0,,56.0,,,2.0,1.0,34.0,53.0,6.0,3.0,,6.0,,2.0,165.0,,3.0,11.0,,4.0,8.0,1.0,2.0,64.0,150.0,67.0,,10.0,21.0,,1.0,,,1.0,,,,24.0,15.0,2.0,53.0,7.0,21.0,29.0,,134.0,,0.0,125.0,13.0,,4.0,1.0,,,2.0,33.0,38.0,5.0,58.0,3.0,2.0,17.0,11.0,,1.0,150.0,,17.0,88.0,618.0,7.0,18.0,,,13.0,274.0,24.0,10.0,31.0,,2.0,2.0,6.0,3.0,22.0,353.0,87.0,,90255,3.0,154.0,,12.0,1.0,165.0,1.0,,11.0,10.0,63.0,,,1.0,2.0,,6.0,5.0,6.0,,70.0,285.0,11.0,12.0,36.0,94.0,1.0,,,0.0,4.0,4.0,6.0,,,2.0,3.0,0.0,,1.0,2.0,47.1,18.0,3.0,2.0,4.0,47.0,7.0,2.0,375.0,13.0,8.0,15.0,4.0,,22.0,,3.0,234.0,5.0,17.0,25.0,64.0,18.0,,,31.0,22.0,,2.0,8.0,3.0,23.0,,9.0,7.0,,1.0,3.0,,1.0,1.0,1.0,4.0,,1.0,1.0,,3.0,,2.0,,1.0,1.0,2.0,,,,,,,,,,1.0,1.0,1.0,,,,,,1.0,,,,,,,,,,,,,,2.0,1.0,,,,
16,695051,2013-12-15 13:30:00,"Villa Park, Birmingham",42682,Home,Aston Villa,Manchester United,0,3,L,0,2,0,0,,,44.0,,,,3.0,29.0,17.0,8.0,2.0,,2.0,,6.0,148.0,,7.0,6.0,,3.0,13.0,,6.0,106.0,136.0,48.0,,17.0,13.0,2.0,,3.0,,,,,2.0,24.0,19.0,4.0,17.0,3.0,5.0,27.0,,198.0,,0.0,134.0,15.0,,,,,1.0,2.0,55.0,66.0,8.0,59.0,1.0,2.0,21.0,9.0,,2.0,136.0,,12.0,81.0,588.0,13.0,15.0,,,11.0,297.0,16.0,8.0,6.0,,,4.0,3.0,5.0,26.0,378.0,85.0,,90255,5.0,117.0,,11.0,,134.0,4.0,,9.0,11.0,52.0,,,2.0,,,13.0,2.0,10.0,,46.0,308.0,8.0,9.0,21.0,79.0,,,,0.0,1.0,4.0,2.0,,,3.0,5.0,0.0,,1.0,2.0,44.0,25.0,1.0,,5.0,50.0,3.0,2.0,394.0,11.0,9.0,16.0,6.0,,15.0,1.0,4.0,284.0,13.0,5.0,14.0,86.0,20.0,,3.0,6.0,21.0,,3.0,16.0,3.0,12.0,3.0,7.0,3.0,,1.0,2.0,,1.0,2.0,1.0,8.0,1.0,2.0,,1.0,6.0,,2.0,1.0,,3.0,,,,,,,,,,,,,,,,,,,1.0,,,,,,,,,,,,,,,,1.0,,,
17,695067,2013-12-21 15:00:00,"bet365 Stadium, Stoke",26003,Away,Aston Villa,Stoke City,1,2,L,0,0,0,0,,1.0,49.0,,1.0,,1.0,16.0,19.0,8.0,4.0,,,,1.0,135.0,,3.0,6.0,1.0,4.0,10.0,1.0,4.0,41.0,168.0,52.0,,14.0,47.0,3.0,,1.0,,,,,1.0,21.0,20.0,,19.0,5.0,8.0,36.0,1.0,103.0,,0.0,115.0,17.0,,,,,1.0,3.0,49.0,43.0,7.0,35.0,,1.0,16.0,10.0,,3.0,168.0,,8.0,45.0,455.0,9.0,7.0,,,6.0,145.0,14.0,5.0,8.0,,,5.0,3.0,3.0,28.0,232.0,88.0,,90255,5.0,58.0,,5.0,,77.0,4.0,1.0,10.0,10.0,78.0,,,3.0,3.0,1.0,12.0,4.0,1.0,,51.0,158.0,13.0,3.0,28.0,89.0,,,,0.0,3.0,6.0,,1.0,,2.0,,0.0,,,1.0,46.5,19.0,3.0,3.0,6.0,28.0,7.0,3.0,256.0,6.0,10.0,8.0,4.0,,22.0,1.0,1.0,200.0,9.0,6.0,16.0,59.0,19.0,1.0,5.0,8.0,22.0,,2.0,11.0,2.0,12.0,5.0,7.0,7.0,1.0,1.0,5.0,2.0,,3.0,1.0,8.0,1.0,,1.0,,2.0,,,,,1.0,,,,,,,,,,,,,,,,,,,1.0,,,,1.0,,,,,,,,,,,,,1.0,,
19,695081,2013-12-28 15:00:00,"Villa Park, Birmingham",37028,Home,Aston Villa,Swansea City,1,1,D,1,1,0,0,,1.0,50.0,1.0,,1.0,,18.0,32.0,5.0,2.0,,2.0,,,137.0,,1.0,5.0,1.0,,5.0,1.0,3.0,38.0,152.0,48.0,,7.0,17.0,,,,,,1.0,,,15.0,18.0,2.0,32.0,2.0,7.0,19.0,1.0,77.0,,0.0,85.0,13.0,,,,1.0,,4.0,30.0,34.0,3.0,37.0,1.0,1.0,13.0,13.0,,2.0,152.0,1.0,7.0,42.0,444.0,4.0,15.0,,,14.0,136.0,22.0,10.0,12.0,1.0,,3.0,9.0,2.0,26.0,231.0,70.0,1.0,90255,1.0,70.0,,9.0,,95.0,4.0,1.0,12.0,12.0,48.0,1.0,,1.0,3.0,1.0,8.0,10.0,6.0,,59.0,146.0,8.0,11.0,40.0,92.0,,,,0.0,1.0,8.0,1.0,1.0,,1.0,2.0,0.0,1.0,,,27.0,19.0,4.0,3.0,1.0,36.0,2.0,4.0,254.0,14.0,5.0,4.0,3.0,,11.0,1.0,1.0,174.0,5.0,6.0,14.0,35.0,10.0,1.0,1.0,12.0,22.0,,1.0,7.0,3.0,7.0,1.0,8.0,2.0,2.0,,1.0,2.0,,,,4.0,,,,1.0,,,,,,,,,,,,,,,,,,,,,,,,,,,,,,,,,,,,,,,,,,,,
20,695098,2014-01-01 15:00:00,"Stadium of Light, Sunderland",39757,Away,Aston Villa,Sunderland,1,0,W,1,0,0,0,1.0,1.0,46.0,,,1.0,3.0,21.0,28.0,4.0,7.0,,1.0,1.0,3.0,121.0,1.0,1.0,7.0,1.0,,10.0,,5.0,56.0,120.0,42.0,,13.0,10.0,2.0,1.0,2.0,,,,,,9.0,13.0,2.0,28.0,2.0,16.0,19.0,2.0,127.0,,0.0,91.0,11.0,,1.0,2.0,,1.0,2.0,53.0,39.0,6.0,58.0,,2.0,7.0,11.0,,2.0,120.0,2.0,6.0,50.0,479.0,10.0,4.0,,,10.0,205.0,18.0,8.0,15.0,,,3.0,8.0,4.0,20.0,267.0,52.0,1.0,83564,3.0,88.0,3.0,3.0,,107.0,1.0,,11.0,10.0,47.0,1.0,,1.0,4.0,1.0,13.0,11.0,8.0,,44.0,214.0,6.0,10.0,28.0,68.0,1.0,,,0.0,1.0,10.0,,1.0,,,1.0,0.0,,,,35.2,14.0,3.0,4.0,3.0,38.0,2.0,3.0,285.0,10.0,9.0,9.0,5.0,,13.0,1.0,3.0,187.0,6.0,13.0,10.0,59.0,15.0,1.0,10.0,15.0,19.0,,,13.0,1.0,15.0,10.0,7.0,2.0,1.0,,,1.0,1.0,,,4.0,,2.0,,2.0,,1.0,,4.0,,,,,,,,,,,,1.0,,,,,,,,,,1.0,1.0,,,,1.0,,,,,,,,,,,,,
21,695101,2014-01-13 20:00:00,"Villa Park, Birmingham",36097,Home,Aston Villa,Arsenal,1,2,L,0,2,0,0,,1.0,66.0,1.0,,1.0,,47.0,21.0,7.0,4.0,4.0,2.0,,1.0,149.0,,5.0,2.0,1.0,2.0,8.0,1.0,5.0,73.0,152.0,52.0,,11.0,18.0,1.0,,,,1.0,1.0,,,22.0,16.0,3.0,21.0,3.0,7.0,28.0,,161.0,,0.0,135.0,12.0,,1.0,,1.0,,1.0,30.0,71.0,5.0,73.0,2.0,2.0,19.0,12.0,7.0,2.0,152.0,2.0,5.0,74.0,552.0,7.0,13.0,16.0,,11.0,261.0,27.0,22.0,7.0,1.0,1.0,2.0,2.0,3.0,17.0,346.0,85.0,,90255,4.0,121.0,1.0,8.0,,138.0,3.0,,9.0,5.0,63.0,1.0,,4.0,1.0,1.0,14.0,3.0,2.0,,74.0,277.0,9.0,9.0,44.0,81.0,,,2.0,0.0,,5.0,1.0,1.0,,2.0,5.0,0.0,1.0,,2.0,36.0,17.0,5.0,1.0,2.0,48.0,3.0,1.0,369.0,11.0,18.0,15.0,4.0,,34.0,,2.0,253.0,5.0,7.0,19.0,77.0,26.0,1.0,1.0,7.0,22.0,1.0,2.0,9.0,2.0,9.0,1.0,9.0,3.0,2.0,1.0,2.0,,,1.0,1.0,10.0,,1.0,,2.0,5.0,,,,,1.0,,1.0,,,,,,,,,1.0,,,,,,,,1.0,,,,1.0,,,,,,,,,,,,,,1.0,
22,695114,2014-01-18 17:30:00,"Anfield, Liverpool",44737,Away,Aston Villa,Liverpool,2,2,D,2,1,0,0,,2.0,49.0,,,2.0,3.0,28.0,28.0,3.0,3.0,,4.0,,1.0,160.0,2.0,4.0,4.0,2.0,2.0,9.0,2.0,3.0,73.0,173.0,63.0,,12.0,13.0,1.0,1.0,2.0,1.0,,2.0,,2.0,21.0,15.0,,28.0,3.0,8.0,30.0,1.0,139.0,,0.0,146.0,18.0,,2.0,1.0,,,2.0,52.0,33.0,4.0,48.0,,2.0,18.0,16.0,,3.0,173.0,3.0,6.0,54.0,524.0,5.0,19.0,,1.0,3.0,207.0,22.0,16.0,10.0,2.0,,4.0,1.0,5.0,23.0,312.0,88.0,1.0,90255,5.0,86.0,1.0,16.0,,105.0,6.0,1.0,16.0,17.0,55.0,2.0,,1.0,2.0,2.0,9.0,8.0,9.0,,57.0,221.0,12.0,9.0,38.0,102.0,1.0,,,0.0,3.0,2.0,2.0,2.0,,2.0,6.0,0.0,2.0,2.0,3.0,44.2,19.0,5.0,2.0,3.0,51.0,3.0,2.0,335.0,3.0,9.0,10.0,6.0,1.0,23.0,2.0,2.0,251.0,6.0,7.0,29.0,79.0,15.0,2.0,,10.0,20.0,1.0,2.0,8.0,3.0,11.0,,7.0,3.0,,,,1.0,,1.0,,1.0,,,2.0,,2.0,1.0,1.0,,,1.0,1.0,,,,,,,,1.0,,,1.0,1.0,,,,,,,,1.0,,,,1.0,,1.0,,,,,,,1.0,,,,
23,695121,2014-01-29 19:45:00,"Villa Park, Birmingham",36083,Home,Aston Villa,West Bromwich Albion,4,3,W,3,3,0,0,,2.0,55.0,1.0,1.0,2.0,,42.0,14.0,2.0,3.0,,2.0,1.0,1.0,149.0,,6.0,6.0,4.0,2.0,8.0,1.0,6.0,80.0,162.0,53.0,,10.0,12.0,2.0,,,,,2.0,,1.0,16.0,19.0,,14.0,3.0,8.0,27.0,1.0,153.0,1.0,0.0,114.0,14.0,,,,,,1.0,68.0,38.0,6.0,57.0,,1.0,13.0,19.0,,,162.0,2.0,6.0,72.0,549.0,6.0,15.0,,,16.0,235.0,22.0,16.0,5.0,2.0,,1.0,2.0,2.0,22.0,332.0,85.0,,90255,5.0,104.0,1.0,7.0,,130.0,3.0,3.0,19.0,14.0,53.0,,,8.0,1.0,3.0,7.0,7.0,9.0,1.0,77.0,251.0,9.0,6.0,46.0,100.0,,,,0.0,,3.0,,4.0,,3.0,3.0,0.0,1.0,1.0,,43.7,19.0,4.0,1.0,2.0,52.0,3.0,1.0,358.0,16.0,12.0,15.0,2.0,,13.0,2.0,2.0,244.0,7.0,6.0,14.0,62.0,19.0,2.0,4.0,5.0,23.0,,2.0,8.0,3.0,16.0,4.0,11.0,3.0,1.0,,2.0,,,,,6.0,,,,,4.0,,,2.0,,1.0,,,1.0,1.0,,,2.0,,,,,,,,2.0,,,,,,,1.0,,,,,,,,,,,,,,1.0,,
24,695133,2014-02-01 15:00:00,"Goodison Park, Liverpool",39469,Away,Aston Villa,Everton,1,2,L,1,0,0,0,1.0,,35.0,,,1.0,,17.0,31.0,3.0,,,4.0,,,124.0,1.0,2.0,1.0,1.0,,3.0,,1.0,31.0,133.0,44.0,,4.0,12.0,,,1.0,,1.0,1.0,,,5.0,14.0,,31.0,1.0,14.0,11.0,,76.0,,0.0,87.0,18.0,,,,,,1.0,62.0,18.0,2.0,38.0,,,4.0,12.0,,2.0,133.0,,8.0,46.0,403.0,1.0,13.0,,,12.0,132.0,14.0,14.0,14.0,1.0,1.0,0.0,5.0,1.0,32.0,216.0,63.0,,90255,,66.0,,1.0,,85.0,4.0,1.0,12.0,6.0,52.0,,,3.0,,1.0,2.0,5.0,2.0,,52.0,140.0,4.0,9.0,55.0,82.0,,,,0.0,1.0,13.0,3.0,1.0,,2.0,3.0,0.0,1.0,1.0,,29.0,25.0,,,1.0,28.0,1.0,1.0,239.0,12.0,10.0,5.0,2.0,,13.0,1.0,,159.0,4.0,10.0,21.0,38.0,14.0,,5.0,14.0,18.0,,1.0,3.0,3.0,5.0,5.0,8.0,1.0,,,1.0,2.0,,,,3.0,,,1.0,,1.0,,,,,,,,,,,,,,,,,,,,1.0,,,,,,,1.0,,,,,,,,,,,,,,,,
25,695141,2014-02-08 15:00:00,"Villa Park, Birmingham",36261,Home,Aston Villa,West Ham United,0,2,L,0,0,0,0,1.0,,55.0,,,,1.0,43.0,22.0,7.0,4.0,,,,,206.0,,7.0,1.0,,1.0,14.0,,1.0,132.0,177.0,40.0,,16.0,24.0,1.0,,,2.0,,,,6.0,43.0,7.0,,22.0,8.0,8.0,28.0,,275.0,,0.0,196.0,8.0,,,,,,3.0,65.0,84.0,5.0,74.0,,,35.0,7.0,,2.0,177.0,1.0,8.0,111.0,721.0,11.0,22.0,,2.0,8.0,403.0,17.0,20.0,10.0,,,0.0,5.0,9.0,34.0,507.0,100.0,,90255,8.0,146.0,1.0,18.0,1.0,170.0,1.0,,7.0,10.0,46.0,,,2.0,2.0,,10.0,2.0,7.0,,66.0,414.0,8.0,4.0,42.0,87.0,,5.0,1.0,0.0,2.0,10.0,,,1.0,2.0,7.0,0.0,,2.0,6.0,67.8,31.0,2.0,2.0,5.0,56.0,8.0,3.0,523.0,8.0,6.0,13.0,10.0,,33.0,4.0,6.0,396.0,6.0,6.0,24.0,134.0,29.0,,7.0,10.0,8.0,,2.0,11.0,3.0,6.0,7.0,2.0,8.0,,,4.0,1.0,1.0,1.0,,16.0,,1.0,3.0,,3.0,1.0,4.0,1.0,,,,,,,,,,,1.0,,,,,,,,,,1.0,,,,1.0,,,,1.0,1.0,,,,,,,,,,1.0
26,695152,2014-02-11 19:45:00,"Cardiff City Stadium, Cardiff",27597,Away,Aston Villa,Cardiff City,0,0,D,0,0,0,0,,,56.0,,,,2.0,28.0,35.0,9.0,4.0,,3.0,,3.0,175.0,,14.0,9.0,,,15.0,,6.0,79.0,190.0,75.0,,18.0,28.0,4.0,,1.0,,1.0,,,4.0,44.0,16.0,2.0,35.0,8.0,8.0,23.0,,191.0,,0.0,145.0,9.0,,1.0,,,1.0,1.0,71.0,56.0,9.0,58.0,1.0,,36.0,10.0,,5.0,190.0,2.0,7.0,81.0,643.0,13.0,18.0,,,18.0,265.0,19.0,13.0,14.0,,1.0,0.0,3.0,6.0,34.0,382.0,75.0,,90255,8.0,97.0,2.0,21.0,,125.0,5.0,,10.0,6.0,61.0,,,3.0,3.0,,9.0,5.0,2.0,,63.0,274.0,5.0,9.0,48.0,103.0,,3.0,1.0,0.0,1.0,7.0,3.0,,,,4.0,0.0,,1.0,3.0,54.6,26.0,,3.0,4.0,50.0,9.0,2.0,393.0,18.0,9.0,10.0,8.0,,26.0,2.0,3.0,312.0,9.0,6.0,38.0,94.0,30.0,,3.0,14.0,24.0,,,14.0,1.0,16.0,3.0,7.0,9.0,1.0,,2.0,2.0,1.0,1.0,,14.0,1.0,1.0,2.0,1.0,12.0,,1.0,,,3.0,,1.0,,,,,,,,1.0,1.0,,,,,,,,,,1.0,,2.0,,,,,,,,,1.0,,,,,,
27,695166,2014-02-23 13:30:00,"St. James' Park, Newcastle",50417,Away,Aston Villa,Newcastle United,0,1,L,0,0,0,0,,,60.0,,,3.0,1.0,33.0,34.0,7.0,3.0,,4.0,,1.0,168.0,,4.0,3.0,,4.0,6.0,1.0,2.0,69.0,166.0,62.0,,10.0,27.0,1.0,1.0,2.0,,2.0,,,2.0,18.0,18.0,1.0,34.0,1.0,10.0,35.0,,147.0,,0.0,118.0,10.0,,2.0,1.0,1.0,,2.0,30.0,53.0,4.0,54.0,,2.0,17.0,13.0,,4.0,166.0,,7.0,58.0,564.0,6.0,21.0,,,15.0,225.0,25.0,21.0,21.0,,2.0,2.0,5.0,2.0,23.0,326.0,80.0,,90255,1.0,96.0,,11.0,1.0,122.0,4.0,,13.0,11.0,68.0,,,3.0,3.0,,7.0,16.0,7.0,,68.0,239.0,12.0,10.0,50.0,96.0,1.0,1.0,,0.0,3.0,10.0,1.0,,,1.0,7.0,0.0,,,,45.3,20.0,2.0,3.0,3.0,54.0,1.0,2.0,349.0,15.0,14.0,13.0,5.0,,25.0,1.0,1.0,245.0,7.0,9.0,27.0,66.0,21.0,,8.0,21.0,20.0,,1.0,7.0,2.0,11.0,8.0,7.0,1.0,1.0,2.0,2.0,,,1.0,2.0,5.0,,1.0,,,3.0,,,,1.0,,,1.0,,,,,,,,,,,,,,,,,,,,,,2.0,,,,,,,,,,,1.0,1.0,,
28,695171,2014-03-02 16:30:00,"Villa Park, Birmingham",30303,Home,Aston Villa,Norwich City,4,1,W,4,1,0,0,,,52.0,2.0,,2.0,,31.0,21.0,3.0,3.0,,3.0,1.0,,177.0,,6.0,4.0,4.0,1.0,9.0,,4.0,104.0,164.0,59.0,,10.0,12.0,1.0,1.0,1.0,,,2.0,1.0,,22.0,20.0,,21.0,6.0,14.0,29.0,,231.0,,0.0,141.0,12.0,,2.0,2.0,,,,70.0,61.0,6.0,105.0,,2.0,16.0,19.0,,,164.0,,4.0,103.0,700.0,5.0,20.0,,,14.0,367.0,18.0,15.0,13.0,3.0,,0.0,1.0,3.0,39.0,470.0,89.0,1.0,90255,4.0,155.0,,7.0,,180.0,6.0,1.0,19.0,8.0,45.0,1.0,,1.0,2.0,2.0,10.0,3.0,6.0,,71.0,380.0,9.0,2.0,49.0,105.0,1.0,,,0.0,3.0,2.0,1.0,4.0,,1.0,7.0,0.0,2.0,2.0,3.0,55.1,35.0,1.0,2.0,3.0,59.0,6.0,,489.0,14.0,11.0,12.0,3.0,,24.0,5.0,3.0,331.0,4.0,11.0,21.0,92.0,25.0,2.0,,13.0,25.0,1.0,1.0,8.0,2.0,12.0,,14.0,6.0,,,3.0,,,1.0,,8.0,,1.0,1.0,1.0,1.0,,1.0,1.0,,,,,,,1.0,1.0,,,,,,,,,1.0,1.0,,,,,1.0,,1.0,1.0,,,,,,,,,,,,,,
29,695185,2014-05-07 19:45:00,"Etihad Stadium, Manchester",47023,Away,Aston Villa,Manchester City,0,4,L,0,0,0,0,,,34.0,,,2.0,,19.0,36.0,2.0,1.0,,5.0,,,104.0,,3.0,3.0,,2.0,5.0,,,54.0,110.0,35.0,,5.0,17.0,,1.0,,1.0,1.0,,,,11.0,13.0,,36.0,2.0,2.0,17.0,,95.0,,0.0,76.0,9.0,,4.0,1.0,,,3.0,39.0,46.0,3.0,42.0,2.0,1.0,9.0,8.0,,,110.0,1.0,12.0,57.0,427.0,5.0,8.0,,1.0,14.0,175.0,13.0,3.0,18.0,,1.0,2.0,4.0,2.0,19.0,238.0,49.0,,90255,,91.0,1.0,6.0,1.0,109.0,8.0,,8.0,9.0,42.0,,,,6.0,,7.0,6.0,4.0,,54.0,183.0,7.0,6.0,25.0,63.0,1.0,,,0.0,1.0,7.0,3.0,,,4.0,2.0,0.0,,,1.0,26.7,14.0,,6.0,3.0,26.0,2.0,3.0,257.0,14.0,9.0,5.0,2.0,,7.0,,1.0,159.0,3.0,2.0,10.0,39.0,9.0,,4.0,18.0,16.0,,3.0,4.0,3.0,4.0,4.0,5.0,2.0,,,3.0,,,1.0,,2.0,1.0,,,,3.0,,,,,,,,,,,,,,1.0,,,,,,,,,,,,,1.0,,,,1.0,1.0,1.0,,,,,,,,,,
30,695191,2014-03-15 17:30:00,"Villa Park, Birmingham",40084,Home,Aston Villa,Chelsea,1,0,W,0,0,0,2,,,65.0,,1.0,1.0,1.0,30.0,42.0,6.0,4.0,,2.0,1.0,1.0,135.0,,4.0,14.0,1.0,1.0,12.0,2.0,4.0,59.0,140.0,70.0,,13.0,20.0,2.0,,1.0,,3.0,1.0,,1.0,21.0,21.0,1.0,42.0,3.0,10.0,27.0,,147.0,,0.0,113.0,14.0,,1.0,,1.0,,2.0,40.0,62.0,6.0,43.0,1.0,4.0,18.0,13.0,,3.0,140.0,1.0,7.0,63.0,522.0,10.0,19.0,,1.0,14.0,197.0,19.0,16.0,16.0,1.0,3.0,4.0,6.0,6.0,17.0,279.0,56.0,,90255,6.0,70.0,1.0,9.0,,85.0,9.0,,13.0,10.0,55.0,7.0,,3.0,1.0,1.0,11.0,8.0,4.0,,53.0,213.0,6.0,14.0,30.0,87.0,,1.0,,0.0,1.0,5.0,1.0,1.0,,,4.0,0.0,1.0,1.0,3.0,38.6,10.0,3.0,1.0,3.0,49.0,4.0,2.0,300.0,14.0,4.0,12.0,6.0,,20.0,2.0,3.0,236.0,6.0,7.0,24.0,68.0,32.0,,4.0,16.0,26.0,,,12.0,2.0,18.0,4.0,6.0,4.0,1.0,,2.0,,,1.0,,8.0,,1.0,1.0,,2.0,,2.0,,,1.0,,,,,,,,,,1.0,,,,,1.0,,,,,1.0,1.0,,1.0,,,,,,,,,,,,,1.0,,
31,695201,2014-03-23 16:00:00,"Villa Park, Birmingham",30292,Home,Aston Villa,Stoke City,1,4,L,1,3,0,0,,,49.0,,,1.0,3.0,25.0,15.0,5.0,5.0,,1.0,1.0,,164.0,,5.0,6.0,1.0,6.0,10.0,,3.0,116.0,154.0,42.0,,12.0,29.0,1.0,,1.0,,,1.0,,2.0,28.0,14.0,1.0,15.0,4.0,7.0,17.0,,229.0,,0.0,159.0,16.0,,1.0,,,,1.0,85.0,59.0,6.0,68.0,,1.0,24.0,8.0,,3.0,154.0,,4.0,116.0,668.0,7.0,6.0,,,8.0,366.0,16.0,4.0,9.0,1.0,,5.0,1.0,4.0,35.0,447.0,71.0,,90255,6.0,156.0,,10.0,2.0,175.0,9.0,,8.0,5.0,67.0,,,2.0,6.0,1.0,24.0,6.0,3.0,,53.0,380.0,10.0,9.0,17.0,76.0,,,,0.0,3.0,3.0,,1.0,,4.0,2.0,0.0,1.0,,3.0,50.4,33.0,3.0,6.0,4.0,41.0,5.0,1.0,464.0,8.0,10.0,5.0,5.0,,21.0,2.0,2.0,317.0,4.0,7.0,7.0,117.0,21.0,1.0,1.0,9.0,20.0,,3.0,8.0,3.0,10.0,1.0,3.0,5.0,1.0,1.0,1.0,1.0,,3.0,1.0,11.0,1.0,,2.0,2.0,3.0,,2.0,,1.0,,,,,,,,,,,,1.0,,,,,1.0,,,1.0,1.0,1.0,1.0,1.0,,,,,,,,,,,,,,,
32,695215,2014-03-29 12:45:00,"Old Trafford, Manchester",75368,Away,Aston Villa,Manchester United,1,4,L,1,2,0,0,,,49.0,,,1.0,1.0,30.0,18.0,5.0,1.0,,2.0,,,142.0,,5.0,4.0,1.0,3.0,9.0,1.0,1.0,80.0,142.0,45.0,,10.0,14.0,,,,,1.0,,,2.0,19.0,20.0,,18.0,5.0,16.0,29.0,1.0,171.0,,0.0,116.0,17.0,,1.0,,,,4.0,59.0,57.0,2.0,61.0,1.0,2.0,14.0,17.0,,3.0,142.0,3.0,7.0,89.0,561.0,7.0,5.0,,,7.0,279.0,16.0,7.0,7.0,,1.0,4.0,2.0,6.0,28.0,354.0,74.0,,90255,2.0,122.0,3.0,9.0,1.0,133.0,9.0,1.0,17.0,6.0,54.0,,,2.0,4.0,,14.0,2.0,2.0,,63.0,288.0,9.0,6.0,32.0,83.0,,,,0.0,,,1.0,,,4.0,1.0,0.0,,2.0,2.0,44.1,22.0,2.0,4.0,2.0,38.0,5.0,4.0,372.0,7.0,12.0,13.0,7.0,,14.0,,4.0,258.0,7.0,15.0,9.0,73.0,19.0,,3.0,7.0,24.0,,4.0,8.0,2.0,10.0,3.0,10.0,5.0,,1.0,1.0,,,2.0,1.0,3.0,1.0,3.0,1.0,,5.0,,2.0,2.0,,,,1.0,,,,,,,,,,1.0,1.0,1.0,1.0,1.0,1.0,,,,,,,,,,,,,,,,,1.0,,,,
33,695221,2014-04-05 15:00:00,"Villa Park, Birmingham",33532,Home,Aston Villa,Fulham,1,2,L,0,0,0,0,,,50.0,,1.0,3.0,,42.0,35.0,4.0,2.0,,5.0,,4.0,161.0,,6.0,8.0,1.0,3.0,10.0,1.0,6.0,96.0,152.0,43.0,,12.0,25.0,4.0,,3.0,,,,,,23.0,10.0,1.0,35.0,2.0,8.0,30.0,,141.0,,0.0,119.0,10.0,,3.0,,,1.0,,45.0,58.0,7.0,61.0,,2.0,21.0,15.0,,,152.0,,5.0,92.0,612.0,9.0,4.0,,1.0,4.0,300.0,30.0,11.0,16.0,1.0,,3.0,5.0,3.0,28.0,395.0,72.0,,90255,4.0,174.0,,11.0,,202.0,5.0,,15.0,9.0,61.0,,,,3.0,,8.0,11.0,7.0,,81.0,309.0,13.0,12.0,41.0,81.0,,,,0.0,2.0,7.0,3.0,1.0,,2.0,,0.0,1.0,2.0,3.0,50.1,21.0,3.0,3.0,3.0,42.0,2.0,,410.0,4.0,12.0,11.0,3.0,,22.0,2.0,3.0,231.0,7.0,7.0,10.0,70.0,10.0,1.0,4.0,16.0,12.0,1.0,1.0,11.0,2.0,11.0,4.0,9.0,2.0,1.0,,3.0,,3.0,2.0,,8.0,,1.0,,1.0,4.0,,2.0,1.0,,,,1.0,,,1.0,1.0,,,,,,,,,,,,,,1.0,2.0,1.0,,1.0,,,,,,,,,1.0,,,,,
34,695231,2014-04-12 15:07:00,"Selhurst Park, London",25564,Away,Aston Villa,Crystal Palace,0,1,L,0,0,0,0,1.0,,47.0,,,1.0,,35.0,36.0,4.0,2.0,,3.0,,2.0,157.0,,4.0,4.0,,,7.0,1.0,4.0,109.0,150.0,57.0,,7.0,27.0,2.0,,,,,,,,23.0,17.0,2.0,36.0,3.0,9.0,41.0,1.0,210.0,,0.0,134.0,12.0,,,,,1.0,2.0,60.0,78.0,4.0,75.0,1.0,2.0,20.0,9.0,,1.0,150.0,1.0,9.0,116.0,667.0,5.0,8.0,,,11.0,352.0,20.0,6.0,15.0,,,2.0,1.0,2.0,28.0,440.0,75.0,,90255,3.0,156.0,1.0,11.0,,176.0,3.0,,9.0,8.0,62.0,,,,4.0,,8.0,5.0,5.0,,73.0,362.0,6.0,6.0,25.0,87.0,,,,0.0,,2.0,2.0,,,1.0,4.0,0.0,,,1.0,57.1,25.0,2.0,4.0,1.0,38.0,4.0,3.0,457.0,11.0,13.0,13.0,2.0,,19.0,1.0,1.0,304.0,4.0,7.0,22.0,82.0,15.0,,3.0,15.0,25.0,,1.0,6.0,2.0,13.0,3.0,5.0,4.0,1.0,,1.0,,,,,9.0,,,1.0,1.0,3.0,,,,,2.0,,,,,,,,,,,,,,,,,,,,,,,1.0,,,,,,,,,,,,,,,
35,695241,2014-04-19 15:00:00,"Villa Park, Birmingham",35134,Home,Aston Villa,Southampton,0,0,D,0,0,0,0,,,54.0,,,,1.0,32.0,21.0,4.0,2.0,,2.0,,,129.0,,4.0,4.0,,2.0,5.0,,1.0,59.0,160.0,50.0,,6.0,23.0,,,2.0,,,,,2.0,23.0,14.0,1.0,21.0,5.0,4.0,25.0,,97.0,,0.0,83.0,11.0,,1.0,,1.0,,3.0,48.0,34.0,1.0,31.0,,2.0,18.0,15.0,,3.0,160.0,,3.0,44.0,456.0,4.0,13.0,,,10.0,156.0,22.0,11.0,5.0,,,0.0,1.0,4.0,29.0,245.0,58.0,,90255,,76.0,,11.0,,105.0,5.0,,15.0,8.0,54.0,,,5.0,2.0,,14.0,,3.0,,61.0,169.0,11.0,4.0,30.0,77.0,,1.0,,0.0,,3.0,2.0,,,,2.0,0.0,,,,31.6,24.0,2.0,2.0,1.0,38.0,5.0,3.0,263.0,10.0,11.0,10.0,4.0,,17.0,1.0,1.0,181.0,4.0,4.0,18.0,47.0,19.0,,3.0,5.0,18.0,,,6.0,2.0,10.0,3.0,9.0,5.0,1.0,,,,,3.0,,4.0,1.0,,1.0,,3.0,1.0,,,,,,,,,,,,,,1.0,,,,,,,,,,,1.0,,,,,,,,,,,,,,,,,
36,695259,2014-04-26 15:00:00,"Swansea.com Stadium, Swansea",20701,Away,Aston Villa,Swansea City,1,4,L,1,2,0,0,,1.0,57.0,,,3.0,,37.0,25.0,9.0,2.0,,4.0,,2.0,152.0,1.0,3.0,9.0,1.0,5.0,8.0,,3.0,106.0,145.0,44.0,,11.0,16.0,,,,,,1.0,,1.0,30.0,10.0,2.0,25.0,5.0,7.0,28.0,,223.0,,0.0,172.0,12.0,,4.0,,,,5.0,74.0,92.0,5.0,64.0,,,25.0,15.0,,3.0,145.0,1.0,5.0,93.0,610.0,7.0,5.0,,,14.0,314.0,17.0,5.0,13.0,1.0,,3.0,1.0,3.0,32.0,397.0,82.0,,90255,,109.0,,15.0,,130.0,3.0,1.0,15.0,5.0,41.0,,,1.0,5.0,1.0,9.0,6.0,2.0,,53.0,329.0,9.0,7.0,24.0,74.0,,,2.0,0.0,3.0,9.0,1.0,1.0,,4.0,1.0,0.0,1.0,1.0,,52.4,24.0,4.0,5.0,5.0,44.0,6.0,6.0,415.0,14.0,6.0,16.0,3.0,,13.0,,,315.0,9.0,4.0,15.0,123.0,28.0,1.0,4.0,13.0,11.0,,2.0,7.0,3.0,11.0,4.0,6.0,6.0,,3.0,5.0,1.0,,1.0,3.0,9.0,,,,1.0,3.0,,,,,,1.0,,,,,,,,,,1.0,1.0,1.0,,,,,,,,,2.0,,,,,,,,,1.0,,,1.0,1.0,1.0,,
37,695262,2014-05-03 15:00:00,"Villa Park, Birmingham",37182,Home,Aston Villa,Hull City,3,1,W,3,1,0,0,1.0,1.0,57.0,,2.0,2.0,1.0,20.0,29.0,4.0,3.0,,2.0,,2.0,155.0,,6.0,2.0,3.0,2.0,9.0,,9.0,72.0,158.0,57.0,,15.0,23.0,6.0,,3.0,,1.0,2.0,,,22.0,10.0,,29.0,8.0,11.0,28.0,,157.0,,0.0,137.0,14.0,,2.0,,,,5.0,75.0,58.0,6.0,51.0,,1.0,14.0,19.0,,3.0,158.0,,6.0,80.0,554.0,6.0,14.0,,1.0,17.0,247.0,17.0,3.0,15.0,2.0,1.0,0.0,2.0,3.0,27.0,340.0,68.0,,90255,6.0,100.0,,8.0,,121.0,5.0,1.0,19.0,6.0,46.0,,,,4.0,2.0,8.0,3.0,1.0,,62.0,251.0,9.0,,37.0,88.0,,,,0.0,5.0,5.0,,3.0,,1.0,4.0,0.0,2.0,,5.0,44.2,22.0,2.0,4.0,2.0,32.0,8.0,5.0,358.0,17.0,7.0,14.0,4.0,,15.0,3.0,1.0,259.0,7.0,9.0,36.0,79.0,28.0,2.0,2.0,15.0,12.0,2.0,1.0,12.0,3.0,7.0,2.0,10.0,8.0,1.0,,1.0,2.0,1.0,2.0,,4.0,,1.0,1.0,1.0,3.0,,,,,2.0,1.0,,1.0,1.0,,,,,,,,,,,1.0,1.0,,,,1.0,2.0,,3.0,,,,,,,,,,,,,2.0,,
38,695279,2014-05-11 15:00:00,"White Hart Lane, London",35826,Away,Aston Villa,Tottenham Hotspur,0,3,L,0,3,0,0,1.0,,44.0,,,,1.0,34.0,20.0,3.0,2.0,,4.0,,,143.0,,6.0,3.0,,3.0,3.0,,1.0,106.0,140.0,41.0,,4.0,21.0,,,,,2.0,,,1.0,16.0,12.0,1.0,20.0,1.0,3.0,34.0,,237.0,,0.0,176.0,11.0,,3.0,,,1.0,1.0,89.0,80.0,2.0,86.0,1.0,1.0,15.0,10.0,,2.0,140.0,,9.0,126.0,639.0,3.0,7.0,,,23.0,351.0,15.0,10.0,11.0,,2.0,0.0,2.0,1.0,25.0,440.0,70.0,,90255,1.0,136.0,,5.0,,159.0,5.0,,10.0,7.0,54.0,,,,3.0,,9.0,4.0,1.0,,60.0,367.0,11.0,7.0,30.0,76.0,,1.0,,0.0,2.0,5.0,4.0,,,3.0,2.0,0.0,,,,45.3,23.0,1.0,3.0,1.0,40.0,1.0,1.0,461.0,23.0,14.0,17.0,2.0,,19.0,1.0,,318.0,2.0,3.0,11.0,123.0,23.0,,3.0,11.0,17.0,,3.0,4.0,2.0,6.0,3.0,6.0,1.0,1.0,,,,,2.0,,8.0,,,,,5.0,,,,,,,,1.0,1.0,,,,,,,,1.0,1.0,,,,,,,,,,,,,,,,,,,,,1.0,,,,
