gameweek,matchId,kickoff,ground,attendance,venue,team,opponent,goalsFor,goalsAgainst,result,halfTimeFor,halfTimeAgainst,redCardsFor,redCardsAgainst,handBall,ballRecovery,attIboxBlocked,accurateLongBalls,totalClearance,attObxCentre,attLfTotal,attemptsIbox,saves,attRfTarget,fwdPass,accurateCross,wonContest,fouledFinalThird,totalAttAssist,ontargetScoringAtt,rightsidePass,possLostAll,duelWon,attFreekickTotal,totalScoringAtt,attOboxBlocked,aerialLost,attIboxTarget,attSvLowCentre,totalCross,wonTackle,attOboxTarget,effectiveClearance,totalCornersIntobox,totalLayoffs,totalChippedPass,accurateFwdZonePass,attMissHighRight,yellowCard,totalFinalThirdPasses,fkFoulLost,freekickCross,passesLeft,passesRight,ontargetAttAssist,backwardPass,interceptionsInBox,attMissRight,totalCrossNocorner,putThrough,attemptsObox,freekickTotal,crosses18yardplus,attOboxMiss,possLostCtrl,contentiousDecision,attemptsConcededIbox,leftsidePass,touches,attAssistOpenplay,totalFlickOn,touchesInOppBox,attHdTarget,interception,successfulOpenPlayPass,possWonDef3rd,attMissHighLeft,accurateLaunches,headClearance,totalYelCard,offtargetAttAssist,totalThrows,openPlayPass,finalThirdEntries,accurateFreekickCross,fastestPlayer_playerId,attBxCentre,accurateBackZonePass,crosses18yard,sixYardBlock,attSetpiece,totalBackZonePass,attemptedTackleFoul,blockedPass,goalKicks,duelLost,ownGoals,totalThroughBall,accurateKeeperThrows,unsuccessfulTouch,attemptsConcededObox,accurateGoalKicks,totalLongBalls,accuratePass,fkFoulWon,challengeLost,totalLaunches,attCorner,longPassOwnToOpp,redCard,overrun,lostCorners,savedIbox,goalsConceded,accurateFlickOn,totalRedCard,accurateCrossNocorner,attHdTotal,possessionPercentage,accurateThrows,possWonAtt3rd,keeperThrows,blockedScoringAtt,longPassOwnToOppSuccess,cornerTaken,totalHighClaim,totalPass,interceptionWon,dispossessed,accurateChippedPass,shotOffTarget,penAreaEntries,attIboxMiss,totalFwdZonePass,attRfTotal,accurateLayoffs,aerialWon,successfulFinalThirdPasses,possWonMid3rd,effectiveBlockedCross,attIboxOwnGoal,effectiveHeadClearance,totalTackle,goalsConcededIbox,attOpenplay,subsMade,totalContest,blockedCross,successfulPutThrough,wonCorners,postScoringAtt,attMissLeft,attIboxPost,bigChanceCreated,attHdPost,hitWoodwork,outfielderBlock,accurateThroughBall,bigChanceMissed,totalOffside,attMissHigh,attAssistSetplay,attSvLowRight,attPostHigh,attHdMiss,attBxLeft,accurateCornersIntobox,attLfTarget,attGoalLowLeft,savedObox,goals,attBxRight,goalAssistOpenplay,divingSave,goodHighClaim,goalAssist,totalKeeperSweeper,penaltyConceded,attRfGoal,attCmissHigh,goalsOpenplay,attIboxGoal,attCmissHighRight,goalAssistIntentional,penaltyFaced,penGoalsConceded,forwardGoals,bigChanceScored,attSvHighRight,attSvHighLeft,ptsDroppedWinningPos,attGoalLowCentre,attCmissRight,shotFastbreak,penaltyWon,ptsGainedLosingPos,totalFastbreak,midfielderGoals,attSvLowLeft,attObxdRight,attObxdLeft,attPenGoal,attFastbreak,attFreekickTarget,attSvHighCentre,goalsConcededObox,accurateKeeperSweeper,attCmissLeft,shieldBallOop,attOneOnOne,cleanSheet,punches,attObxLeft,errorLeadToGoal,foulThrowIn,attLfGoal,accuratePullBack,secondYellow,totalPullBack,attCmissHighLeft,errorLeadToShot,attFreekickMiss,attGoalHighCentre,clearanceOffLine,goalAssistSetplay,attGoalHighRight,attGoalLowRight,goalFastbreak,attPenTarget,attHdGoal,defenderGoals,goalAssistDeadball,attGoalHighLeft,attPostRight,penaltySave
1,1059708,2019-08-10 15:00:00,"Vicarage Road, Watford",20245.0,Home,Watford,Brighton and Hove Albion,0,3,L,0,1,0,0,1.0,49.0,1.0,24.0,10.0,7.0,3.0,4.0,1.0,2.0,154.0,4.0,9.0,4.0,5.0,3.0,102.0,145.0,46.0,2.0,11.0,3.0,19.0,2.0,3.0,14.0,4.0,1.0,10.0,4.0,3.0,25.0,177.0,2.0,0.0,118.0,15.0,2.0,63.0,49.0,3.0,60.0,2.0,1.0,10.0,19.0,7.0,2.0,3.0,3.0,145.0,1.0,4.0,98.0,602.0,5.0,10.0,15.0,1.0,12.0,308.0,18.0,1.0,9.0,7.0,0.0,2.0,26.0,392.0,59.0,1.0,94924,4.0,152.0,5.0,1.0,3.0,170.0,9.0,19.0,7.0,62.0,1.0,1.0,2.0,11.0,2.0,4.0,44.0,325.0,11.0,6.0,19.0,1.0,62.0,0.0,3.0,2.0,1.0,3.0,4.0,0.0,4.0,1.0,48.2,18.0,3.0,2.0,4.0,37.0,5.0,1.0,414.0,12.0,18.0,14.0,4.0,29.0,1.0,258.0,7.0,3.0,14.0,72.0,24.0,3.0,1.0,7.0,12.0,3.0,5.0,2.0,15.0,3.0,11.0,5.0,,,,,,,,,,,,,,,,,,,,,,,,,,,,,,,,,,,,,,,,,,,,,,,,,,,,,,,,,,,,,,,,,,,,,,,,,,,,,,,,,,,,,
2,1059716,2019-08-17 15:00:00,"Goodison Park, Liverpool",39066.0,Away,Watford,Everton,0,1,L,0,1,0,0,,47.0,1.0,32.0,13.0,3.0,,5.0,1.0,2.0,142.0,6.0,8.0,3.0,6.0,2.0,91.0,168.0,79.0,,8.0,1.0,28.0,1.0,,20.0,19.0,1.0,13.0,6.0,5.0,34.0,132.0,,0.0,140.0,11.0,3.0,55.0,44.0,4.0,63.0,,,14.0,17.0,3.0,,5.0,1.0,168.0,1.0,7.0,92.0,611.0,5.0,16.0,29.0,,9.0,267.0,18.0,,8.0,6.0,3.0,2.0,38.0,365.0,62.0,,94924,3.0,154.0,6.0,,,170.0,6.0,17.0,8.0,76.0,,2.0,2.0,13.0,5.0,2.0,68.0,280.0,11.0,19.0,26.0,3.0,75.0,0.0,4.0,4.0,1.0,1.0,7.0,0.0,4.0,2.0,55.9,30.0,2.0,2.0,2.0,31.0,7.0,,388.0,9.0,11.0,14.0,4.0,43.0,2.0,238.0,6.0,4.0,27.0,86.0,23.0,,,6.0,34.0,1.0,5.0,3.0,17.0,,12.0,7.0,1.0,2.0,1.0,2.0,1.0,1.0,4.0,1.0,3.0,1.0,1.0,1.0,2.0,1.0,1.0,1.0,2.0,,,,,,,,,,,,,,,,,,,,,,,,,,,,,,,,,,,,,,,,,,,,,,,,,,,,,,,,,,,,,,,,,,,,
3,1059730,2019-08-24 15:00:00,"Vicarage Road, Watford",20035.0,Home,Watford,West Ham United,1,3,L,1,1,0,0,,61.0,7.0,20.0,12.0,4.0,6.0,19.0,7.0,1.0,153.0,6.0,8.0,2.0,22.0,3.0,141.0,123.0,53.0,,23.0,3.0,17.0,2.0,2.0,26.0,12.0,,12.0,7.0,2.0,29.0,232.0,3.0,0.0,164.0,12.0,2.0,59.0,65.0,13.0,64.0,4.0,,19.0,15.0,4.0,,6.0,1.0,123.0,,13.0,107.0,667.0,18.0,1.0,42.0,,11.0,370.0,15.0,2.0,3.0,4.0,1.0,9.0,15.0,443.0,57.0,1.0,94924,10.0,164.0,11.0,1.0,2.0,180.0,8.0,15.0,5.0,56.0,,,8.0,9.0,3.0,5.0,39.0,390.0,11.0,10.0,11.0,3.0,61.0,0.0,,7.0,6.0,3.0,,0.0,4.0,1.0,54.9,15.0,5.0,9.0,10.0,45.0,8.0,1.0,465.0,11.0,12.0,15.0,10.0,53.0,8.0,311.0,14.0,1.0,16.0,119.0,29.0,1.0,,4.0,17.0,3.0,18.0,3.0,13.0,1.0,9.0,8.0,1.0,2.0,1.0,3.0,,1.0,2.0,,3.0,1.0,2.0,3.0,,1.0,1.0,3.0,2.0,1.0,1.0,1.0,1.0,4.0,1.0,2.0,1.0,1.0,1.0,1.0,1.0,1.0,1.0,1.0,1.0,1.0,1.0,1.0,1.0,,,,,,,,,,,,,,,,,,,,,,,,,,,,,,,,,,,,,,,,,,,,,,,,
4,1059739,2019-08-31 15:00:00,"St. James' Park, Newcastle",44157.0,Away,Watford,Newcastle United,1,1,D,1,1,0,0,,62.0,2.0,22.0,24.0,5.0,2.0,8.0,4.0,1.0,168.0,4.0,7.0,,8.0,3.0,143.0,160.0,50.0,,13.0,3.0,18.0,1.0,,13.0,9.0,1.0,24.0,5.0,6.0,35.0,195.0,,0.0,126.0,11.0,1.0,52.0,63.0,5.0,61.0,1.0,1.0,8.0,18.0,5.0,,2.0,1.0,160.0,1.0,8.0,126.0,682.0,6.0,4.0,20.0,1.0,12.0,375.0,19.0,1.0,4.0,8.0,3.0,3.0,17.0,476.0,53.0,,94924,6.0,193.0,5.0,1.0,,211.0,6.0,18.0,7.0,52.0,,1.0,7.0,23.0,5.0,2.0,68.0,384.0,5.0,13.0,21.0,4.0,90.0,0.0,,6.0,1.0,1.0,,0.0,1.0,2.0,51.2,14.0,5.0,7.0,5.0,41.0,5.0,1.0,498.0,12.0,7.0,14.0,5.0,22.0,4.0,300.0,9.0,6.0,24.0,73.0,22.0,1.0,,8.0,14.0,1.0,9.0,3.0,11.0,1.0,9.0,5.0,,2.0,,,,,5.0,1.0,,,1.0,2.0,,,1.0,1.0,3.0,,1.0,3.0,1.0,,,2.0,1.0,,,,1.0,,1.0,1.0,,,,,1.0,1.0,1.0,1.0,2.0,,,,,,,,,,,,,,,,,,,,,,,,,,,,,,,,,,,,,,,,,,,,
5,1059750,2019-09-15 16:30:00,"Vicarage Road, Watford",21360.0,Home,Watford,Arsenal,2,2,D,0,2,0,0,2.0,63.0,1.0,22.0,15.0,13.0,6.0,16.0,2.0,7.0,119.0,5.0,16.0,2.0,23.0,10.0,157.0,97.0,45.0,1.0,31.0,5.0,4.0,3.0,2.0,22.0,9.0,5.0,15.0,7.0,4.0,20.0,298.0,1.0,0.0,184.0,14.0,,102.0,86.0,12.0,80.0,1.0,6.0,15.0,11.0,15.0,1.0,5.0,5.0,97.0,1.0,4.0,143.0,679.0,21.0,4.0,48.0,,10.0,434.0,16.0,1.0,2.0,5.0,3.0,11.0,10.0,488.0,37.0,,96767,13.0,149.0,10.0,,,164.0,7.0,11.0,6.0,42.0,,,5.0,9.0,3.0,3.0,34.0,442.0,4.0,13.0,3.0,4.0,58.0,0.0,,1.0,2.0,2.0,3.0,0.0,3.0,1.0,52.4,10.0,12.0,5.0,6.0,46.0,7.0,,499.0,10.0,7.0,12.0,15.0,31.0,10.0,357.0,24.0,3.0,8.0,156.0,30.0,,,5.0,17.0,2.0,25.0,3.0,22.0,,8.0,7.0,,3.0,,2.0,,,1.0,,1.0,1.0,4.0,1.0,1.0,,1.0,3.0,2.0,1.0,1.0,,2.0,,1.0,1.0,,1.0,,,2.0,,1.0,2.0,,,,,,2.0,1.0,,,1.0,2.0,1.0,1.0,1.0,1.0,1.0,1.0,1.0,1.0,1.0,1.0,1.0,3.0,,,,,,,,,,,,,,,,,,,,,,,,,,,,,,
6,1059758,2019-09-21 15:00:00,"Etihad Stadium, Manchester",54273.0,Away,Watford,Manchester City,0,8,L,0,5,0,0,,47.0,1.0,18.0,20.0,1.0,1.0,4.0,3.0,2.0,112.0,,7.0,2.0,4.0,4.0,86.0,108.0,28.0,1.0,5.0,,11.0,3.0,3.0,4.0,5.0,1.0,20.0,4.0,4.0,22.0,71.0,,0.0,46.0,9.0,,25.0,46.0,4.0,68.0,2.0,,,10.0,1.0,1.0,,,108.0,,20.0,70.0,486.0,3.0,2.0,11.0,1.0,12.0,253.0,22.0,,5.0,9.0,2.0,,15.0,312.0,27.0,,96767,,194.0,,,,208.0,7.0,10.0,10.0,56.0,,,5.0,10.0,8.0,,58.0,265.0,5.0,18.0,23.0,,65.0,0.0,1.0,5.0,1.0,8.0,1.0,0.0,,1.0,31.3,13.0,6.0,5.0,1.0,25.0,4.0,1.0,336.0,12.0,7.0,7.0,,12.0,,132.0,3.0,3.0,4.0,21.0,11.0,1.0,,9.0,12.0,7.0,3.0,3.0,18.0,1.0,6.0,4.0,,,,,,,4.0,,,2.0,,1.0,,,,1.0,,1.0,,2.0,,1.0,,2.0,1.0,,,1.0,,,,,,,1.0,1.0,,,,1.0,,,,1.0,,,1.0,,,,,,1.0,1.0,,1.0,,,,,,,,,,,,,,,,,,,,,,,,,,,,,
7,1059771,2019-09-28 15:00:00,"Molineux Stadium, Wolverhampton",30711.0,Away,Watford,Wolverhampton Wanderers,0,2,L,0,1,0,0,1.0,60.0,2.0,23.0,7.0,4.0,2.0,10.0,1.0,2.0,175.0,4.0,8.0,3.0,11.0,5.0,185.0,154.0,50.0,,14.0,1.0,12.0,4.0,1.0,20.0,10.0,1.0,7.0,5.0,4.0,37.0,295.0,,0.0,158.0,6.0,2.0,71.0,109.0,6.0,99.0,,1.0,15.0,10.0,4.0,,8.0,2.0,154.0,,7.0,169.0,801.0,11.0,2.0,24.0,1.0,5.0,522.0,17.0,,3.0,3.0,1.0,5.0,32.0,612.0,69.0,,94924,2.0,239.0,5.0,,,256.0,2.0,10.0,6.0,46.0,1.0,,2.0,14.0,,1.0,58.0,530.0,5.0,8.0,16.0,1.0,92.0,0.0,,1.0,1.0,2.0,,0.0,3.0,2.0,60.9,28.0,5.0,2.0,3.0,55.0,6.0,,628.0,5.0,13.0,13.0,6.0,36.0,4.0,392.0,9.0,2.0,22.0,111.0,33.0,,1.0,3.0,15.0,2.0,13.0,2.0,16.0,,8.0,6.0,,4.0,,,,,,,1.0,1.0,1.0,,2.0,,1.0,4.0,1.0,2.0,,,,,,,,,1.0,,,,,,,,,,,,,,,,,,,,,,2.0,,,,,,,,1.0,2.0,1.0,,,,,,,,,,,,,,,,,,,,,,,,,,
8,1059780,2019-10-05 15:00:00,"Vicarage Road, Watford",20811.0,Home,Watford,Sheffield United,0,0,D,0,0,0,0,,65.0,,15.0,34.0,3.0,1.0,5.0,3.0,1.0,155.0,3.0,10.0,,7.0,2.0,85.0,163.0,59.0,,8.0,2.0,25.0,2.0,2.0,20.0,7.0,,34.0,5.0,4.0,37.0,145.0,1.0,0.0,123.0,7.0,,30.0,86.0,4.0,49.0,4.0,1.0,15.0,3.0,3.0,,7.0,1.0,163.0,,5.0,71.0,542.0,6.0,7.0,16.0,1.0,9.0,241.0,30.0,,7.0,18.0,0.0,3.0,16.0,341.0,47.0,,94924,4.0,110.0,8.0,,1.0,135.0,1.0,3.0,7.0,53.0,,,3.0,15.0,4.0,4.0,57.0,252.0,6.0,7.0,31.0,2.0,77.0,0.0,2.0,7.0,2.0,,3.0,0.0,3.0,3.0,39.5,13.0,2.0,4.0,2.0,26.0,7.0,,360.0,9.0,6.0,14.0,4.0,25.0,3.0,245.0,4.0,4.0,26.0,84.0,25.0,3.0,,18.0,17.0,,4.0,3.0,19.0,3.0,2.0,7.0,,1.0,,3.0,,,2.0,,3.0,2.0,1.0,1.0,,,2.0,,,,,1.0,,,,1.0,,,1.0,,,1.0,,,,,,,,,,,,,,1.0,,,1.0,,,,,,1.0,,,,1.0,,1.0,1.0,1.0,1.0,,,,,,,,,,,,,,,,,,,,,,,
9,1059790,2019-10-19 15:00:00,"Tottenham Hotspur Stadium, London",58754.0,Away,Watford,Tottenham Hotspur,1,1,D,1,0,0,0,1.0,65.0,2.0,17.0,52.0,2.0,2.0,4.0,1.0,1.0,145.0,2.0,14.0,2.0,4.0,2.0,53.0,135.0,57.0,2.0,7.0,1.0,16.0,,,5.0,12.0,1.0,52.0,2.0,2.0,28.0,82.0,,0.0,71.0,9.0,,48.0,37.0,3.0,60.0,1.0,1.0,3.0,9.0,3.0,2.0,2.0,1.0,135.0,1.0,7.0,55.0,503.0,3.0,8.0,10.0,,14.0,200.0,32.0,,5.0,28.0,3.0,1.0,15.0,290.0,44.0,,94924,3.0,126.0,1.0,,,150.0,3.0,9.0,8.0,47.0,,,3.0,9.0,5.0,1.0,77.0,206.0,5.0,12.0,39.0,,87.0,0.0,,11.0,,1.0,2.0,0.0,1.0,,30.6,11.0,2.0,3.0,3.0,32.0,2.0,2.0,313.0,14.0,9.0,13.0,2.0,9.0,1.0,168.0,5.0,1.0,18.0,35.0,20.0,3.0,,28.0,20.0,1.0,5.0,3.0,16.0,3.0,3.0,2.0,,1.0,,1.0,,,6.0,,,1.0,,,,,,1.0,1.0,,1.0,1.0,1.0,,1.0,1.0,1.0,1.0,2.0,,1.0,,1.0,1.0,,1.0,,,,1.0,1.0,,2.0,,,1.0,,,1.0,1.0,,,,,1.0,1.0,,,2.0,,2.0,,,,1.0,1.0,,,,,,,,,,,,,,,,,,,,,
10,1059800,2019-10-26 15:00:00,"Vicarage Road, Watford",20821.0,Home,Watford,Bournemouth,0,0,D,0,0,0,0,,64.0,1.0,27.0,23.0,4.0,5.0,3.0,5.0,1.0,131.0,1.0,9.0,1.0,3.0,3.0,78.0,148.0,47.0,,7.0,,15.0,1.0,1.0,19.0,13.0,2.0,23.0,5.0,6.0,31.0,139.0,1.0,0.0,99.0,14.0,2.0,50.0,59.0,2.0,60.0,4.0,,14.0,17.0,4.0,,4.0,2.0,148.0,,6.0,68.0,545.0,3.0,4.0,16.0,,12.0,246.0,25.0,2.0,7.0,11.0,5.0,1.0,18.0,320.0,45.0,1.0,96767,3.0,115.0,8.0,,,133.0,6.0,17.0,4.0,55.0,,,5.0,21.0,9.0,2.0,59.0,253.0,6.0,10.0,26.0,2.0,72.0,0.0,,10.0,3.0,,1.0,0.0,1.0,,40.2,15.0,2.0,5.0,1.0,39.0,5.0,1.0,337.0,12.0,9.0,18.0,3.0,27.0,1.0,223.0,2.0,5.0,12.0,65.0,28.0,3.0,,11.0,20.0,,5.0,3.0,16.0,3.0,7.0,5.0,,,,,,1.0,7.0,,1.0,5.0,,,1.0,,,,,2.0,,2.0,,,,4.0,1.0,,1.0,,,,,,,,,,,,,,,,,,,,,,1.0,,,,,,,,1.0,,,,1.0,1.0,,,1.0,,,,,,,,,,,,,,,,,,,,
11,1059810,2019-11-02 17:30:00,"Vicarage Road, Watford",21011.0,Home,Watford,Chelsea,1,2,L,0,1,0,0,,69.0,1.0,20.0,20.0,4.0,5.0,8.0,8.0,,129.0,6.0,10.0,2.0,11.0,3.0,84.0,128.0,42.0,,12.0,3.0,12.0,2.0,1.0,17.0,6.0,,20.0,1.0,4.0,24.0,161.0,,0.0,101.0,8.0,1.0,60.0,61.0,6.0,57.0,,,16.0,15.0,4.0,,6.0,1.0,128.0,1.0,11.0,103.0,555.0,10.0,9.0,25.0,1.0,8.0,282.0,22.0,1.0,4.0,6.0,4.0,5.0,16.0,361.0,42.0,1.0,96767,7.0,137.0,9.0,,2.0,151.0,5.0,15.0,6.0,50.0,,,5.0,14.0,5.0,4.0,51.0,292.0,5.0,14.0,21.0,1.0,72.0,0.0,2.0,6.0,6.0,2.0,2.0,0.0,6.0,4.0,32.8,12.0,7.0,5.0,4.0,42.0,1.0,,373.0,8.0,8.0,13.0,5.0,19.0,4.0,239.0,3.0,4.0,11.0,66.0,31.0,,,6.0,16.0,2.0,8.0,3.0,18.0,,6.0,2.0,,4.0,,1.0,,,4.0,,1.0,,,1.0,1.0,,3.0,,,1.0,1.0,2.0,1.0,1.0,,5.0,,,,,1.0,,,1.0,,,,,,1.0,,,,,,,1.0,,,1.0,,,,1.0,,,,,,1.0,1.0,,,,,,,,,,,,,,,,,,,,,,,,,,
12,1059818,2019-11-08 20:00:00,"Carrow Road, Norwich",27074.0,Away,Watford,Norwich City,2,0,W,1,0,1,0,,79.0,2.0,24.0,36.0,5.0,5.0,7.0,5.0,,132.0,3.0,14.0,1.0,8.0,2.0,56.0,125.0,56.0,,12.0,2.0,8.0,,,10.0,13.0,,36.0,4.0,7.0,30.0,143.0,1.0,0.0,91.0,13.0,1.0,72.0,33.0,3.0,51.0,3.0,1.0,6.0,22.0,5.0,,1.0,3.0,125.0,,7.0,76.0,522.0,6.0,9.0,20.0,,15.0,219.0,37.0,1.0,8.0,14.0,2.0,5.0,13.0,292.0,34.0,,94924,4.0,92.0,4.0,,,117.0,9.0,22.0,8.0,56.0,,,2.0,15.0,10.0,4.0,56.0,232.0,7.0,17.0,21.0,1.0,59.0,0.0,1.0,10.0,2.0,,3.0,1.0,2.0,1.0,34.2,12.0,8.0,2.0,4.0,33.0,4.0,,315.0,15.0,10.0,14.0,6.0,13.0,3.0,208.0,6.0,6.0,10.0,61.0,22.0,2.0,,14.0,25.0,,11.0,3.0,22.0,2.0,8.0,4.0,,1.0,,1.0,,,5.0,,1.0,,2.0,1.0,,,1.0,1.0,1.0,,2.0,3.0,2.0,1.0,1.0,2.0,,1.0,1.0,,1.0,,2.0,2.0,,1.0,,,1.0,1.0,,,,,,1.0,,,1.0,,,,,,1.0,,,,1.0,,,,1.0,,,,,1.0,2.0,1.0,2.0,1.0,,,,,,,,,,,,,,,
13,1059830,2019-11-23 15:00:00,"Vicarage Road, Watford",19711.0,Home,Watford,Burnley,0,3,L,0,0,0,0,,56.0,5.0,24.0,23.0,7.0,3.0,8.0,2.0,4.0,149.0,6.0,6.0,6.0,11.0,4.0,73.0,148.0,60.0,3.0,15.0,2.0,23.0,2.0,1.0,33.0,9.0,2.0,23.0,6.0,6.0,40.0,158.0,1.0,0.0,138.0,14.0,3.0,69.0,54.0,8.0,64.0,,,27.0,9.0,7.0,3.0,11.0,3.0,148.0,,7.0,110.0,582.0,10.0,3.0,28.0,,1.0,290.0,28.0,,6.0,17.0,1.0,3.0,27.0,380.0,52.0,1.0,96767,6.0,150.0,13.0,3.0,2.0,171.0,9.0,9.0,3.0,51.0,,,3.0,16.0,4.0,2.0,62.0,302.0,13.0,8.0,24.0,1.0,68.0,0.0,1.0,5.0,2.0,3.0,1.0,0.0,6.0,1.0,61.9,25.0,3.0,3.0,7.0,28.0,7.0,1.0,396.0,1.0,5.0,16.0,4.0,38.0,1.0,258.0,10.0,6.0,31.0,96.0,22.0,1.0,,17.0,11.0,3.0,9.0,3.0,7.0,1.0,2.0,7.0,,1.0,,,,1.0,3.0,,,2.0,2.0,1.0,1.0,,1.0,1.0,,,,,,,,1.0,1.0,,1.0,1.0,,,,,,,1.0,1.0,,,,,,,,,,,,,,,,,,1.0,2.0,,1.0,,1.0,,,1.0,,,,,,,1.0,,1.0,1.0,,,,,,,,,,,,,
14,1059839,2019-11-30 17:30:00,"St. Mary's Stadium, Southampton",26929.0,Away,Watford,Southampton,1,2,L,1,0,0,0,,60.0,,14.0,32.0,2.0,1.0,4.0,3.0,2.0,148.0,5.0,7.0,,4.0,3.0,62.0,167.0,52.0,,6.0,,12.0,1.0,2.0,20.0,10.0,1.0,32.0,6.0,3.0,34.0,102.0,,0.0,88.0,10.0,2.0,52.0,40.0,1.0,54.0,2.0,1.0,14.0,15.0,2.0,,4.0,1.0,167.0,1.0,7.0,51.0,519.0,3.0,4.0,14.0,,13.0,193.0,22.0,,6.0,10.0,0.0,3.0,26.0,297.0,46.0,1.0,96767,2.0,107.0,8.0,,1.0,148.0,6.0,15.0,7.0,59.0,,,5.0,11.0,4.0,3.0,62.0,204.0,6.0,20.0,39.0,1.0,63.0,0.0,2.0,6.0,3.0,2.0,2.0,0.0,5.0,1.0,37.2,19.0,3.0,5.0,,25.0,7.0,2.0,315.0,13.0,9.0,15.0,3.0,25.0,2.0,187.0,4.0,3.0,21.0,49.0,26.0,3.0,,10.0,18.0,1.0,4.0,3.0,15.0,3.0,7.0,7.0,,1.0,,,,,3.0,,,4.0,1.0,1.0,,,1.0,,,,,1.0,1.0,2.0,,,2.0,,2.0,,1.0,1.0,1.0,1.0,,,,,1.0,1.0,,,3.0,,,,,,,,,,,,,,,1.0,2.0,,,1.0,,,,,,,,,,,,,1.0,1.0,,,,,,,,,,,
15,1059844,2019-12-04 19:30:00,"King Power Stadium, Leicester",31763.0,Away,Watford,Leicester City,0,2,L,0,0,0,0,,55.0,1.0,26.0,30.0,2.0,2.0,2.0,3.0,,127.0,5.0,7.0,1.0,4.0,1.0,77.0,160.0,57.0,,4.0,1.0,23.0,,1.0,23.0,12.0,1.0,30.0,1.0,3.0,44.0,140.0,,0.0,101.0,16.0,4.0,33.0,80.0,3.0,43.0,1.0,1.0,22.0,19.0,2.0,,8.0,,160.0,,12.0,77.0,526.0,4.0,7.0,20.0,,15.0,214.0,19.0,,6.0,11.0,2.0,1.0,27.0,299.0,47.0,,96767,2.0,91.0,10.0,,,111.0,5.0,19.0,4.0,62.0,,,1.0,19.0,,,63.0,226.0,10.0,13.0,27.0,,72.0,0.0,3.0,7.0,4.0,2.0,2.0,0.0,4.0,1.0,37.0,17.0,,1.0,2.0,34.0,2.0,,324.0,15.0,3.0,21.0,1.0,21.0,1.0,236.0,1.0,2.0,23.0,61.0,27.0,1.0,,11.0,17.0,2.0,4.0,3.0,15.0,1.0,7.0,2.0,,,,,,,3.0,,,1.0,,,,,1.0,,1.0,1.0,,,,,,,,,,1.0,,,,,,,1.0,1.0,,,,,,,,,,,,,,,,,,,,,,,,,,,,,,,,,1.0,,,,,1.0,,,,,,,,,,,
16,1059860,2019-12-07 15:00:00,"Vicarage Road, Watford",20070.0,Home,Watford,Crystal Palace,0,0,D,0,0,0,0,,59.0,3.0,40.0,15.0,5.0,2.0,8.0,,1.0,165.0,6.0,12.0,3.0,11.0,3.0,84.0,161.0,69.0,1.0,13.0,3.0,22.0,3.0,1.0,28.0,10.0,,15.0,5.0,2.0,39.0,155.0,2.0,0.0,142.0,15.0,4.0,49.0,58.0,7.0,68.0,,1.0,23.0,11.0,5.0,1.0,5.0,2.0,161.0,,3.0,67.0,580.0,10.0,9.0,26.0,1.0,11.0,271.0,24.0,1.0,12.0,4.0,4.0,4.0,27.0,360.0,82.0,1.0,96767,5.0,131.0,14.0,,2.0,152.0,5.0,11.0,8.0,61.0,,,2.0,14.0,,4.0,90.0,280.0,16.0,12.0,35.0,1.0,79.0,0.0,,2.0,,,3.0,0.0,4.0,2.0,50.2,22.0,8.0,3.0,6.0,35.0,6.0,3.0,384.0,11.0,6.0,18.0,4.0,34.0,2.0,260.0,9.0,2.0,28.0,81.0,21.0,1.0,,4.0,14.0,,9.0,2.0,20.0,1.0,5.0,6.0,,,,2.0,,,1.0,,2.0,1.0,,1.0,,,1.0,2.0,2.0,1.0,,,,,,,3.0,,,,,,,,,,,,,,,1.0,,,1.0,2.0,,,2.0,,1.0,,,,2.0,,,,,,1.0,,1.0,,,,,,,,1.0,1.0,,,,,,,,,,,,,,,
17,1059867,2019-12-14 12:30:00,"Anfield, Liverpool",53311.0,Away,Watford,Liverpool,0,2,L,0,1,0,0,1.0,67.0,,20.0,35.0,3.0,1.0,5.0,4.0,2.0,149.0,1.0,10.0,2.0,6.0,2.0,57.0,160.0,49.0,,8.0,,25.0,2.0,2.0,9.0,15.0,,35.0,3.0,6.0,34.0,120.0,1.0,0.0,109.0,6.0,3.0,79.0,23.0,2.0,51.0,3.0,2.0,6.0,14.0,3.0,,1.0,3.0,160.0,,14.0,52.0,514.0,6.0,6.0,18.0,,13.0,192.0,28.0,,6.0,16.0,1.0,4.0,15.0,279.0,59.0,,96767,4.0,79.0,2.0,,1.0,99.0,3.0,14.0,11.0,53.0,,1.0,2.0,16.0,2.0,1.0,66.0,198.0,7.0,10.0,23.0,,71.0,0.0,2.0,6.0,4.0,2.0,1.0,0.0,1.0,,32.1,10.0,4.0,2.0,,23.0,3.0,1.0,309.0,13.0,11.0,11.0,6.0,24.0,3.0,219.0,7.0,5.0,11.0,51.0,22.0,2.0,,16.0,21.0,2.0,7.0,2.0,13.0,2.0,11.0,3.0,,2.0,,1.0,,1.0,2.0,,2.0,4.0,1.0,,,,,,,,,,,,,2.0,1.0,,1.0,,,,,,,,,,,,,,,,,,,,,,,,,,,,,,1.0,,,,,,,,,,2.0,,2.0,,,,,,,,,,,,,,,,
18,1059880,2019-12-22 14:00:00,"Vicarage Road, Watford",21488.0,Home,Watford,Manchester United,2,0,W,0,0,0,0,2.0,62.0,4.0,9.0,15.0,3.0,2.0,8.0,8.0,1.0,124.0,4.0,13.0,3.0,6.0,3.0,64.0,156.0,53.0,,11.0,1.0,25.0,,1.0,12.0,9.0,1.0,15.0,3.0,6.0,22.0,123.0,,0.0,120.0,16.0,2.0,71.0,22.0,4.0,54.0,3.0,2.0,9.0,12.0,3.0,,3.0,1.0,156.0,1.0,10.0,71.0,511.0,5.0,8.0,36.0,,14.0,201.0,26.0,1.0,2.0,7.0,3.0,2.0,22.0,283.0,47.0,1.0,94924,7.0,90.0,4.0,2.0,2.0,107.0,6.0,12.0,12.0,73.0,,,3.0,11.0,7.0,3.0,58.0,209.0,10.0,17.0,24.0,1.0,64.0,0.0,3.0,5.0,5.0,,3.0,0.0,4.0,1.0,36.1,15.0,6.0,3.0,5.0,23.0,3.0,,313.0,14.0,8.0,7.0,3.0,22.0,2.0,218.0,8.0,6.0,11.0,66.0,20.0,1.0,,7.0,19.0,,7.0,3.0,23.0,1.0,7.0,3.0,,,,,,,3.0,,,5.0,,,,,1.0,,,,,3.0,2.0,,,2.0,,1.0,1.0,,2.0,,,2.0,,1.0,,,1.0,1.0,,,,1.0,1.0,1.0,1.0,,1.0,1.0,,,,1.0,1.0,,,,1.0,,1.0,,1.0,,,,,,1.0,,2.0,,,,,,1.0,1.0,,,,,,,,,
19,1059889,2019-12-26 15:00:00,"Bramall Lane, Sheffield",30222.0,Away,Watford,Sheffield United,1,1,D,1,1,0,0,,58.0,1.0,31.0,27.0,2.0,,3.0,3.0,1.0,162.0,1.0,6.0,3.0,3.0,2.0,85.0,181.0,50.0,2.0,5.0,,35.0,1.0,,10.0,3.0,,27.0,1.0,4.0,27.0,132.0,,0.0,95.0,8.0,2.0,64.0,40.0,3.0,51.0,,1.0,9.0,18.0,2.0,2.0,4.0,2.0,181.0,,12.0,88.0,583.0,2.0,11.0,16.0,,8.0,256.0,27.0,,6.0,15.0,3.0,,24.0,357.0,57.0,,94924,,134.0,3.0,,,167.0,4.0,18.0,9.0,72.0,,,2.0,25.0,4.0,4.0,82.0,265.0,11.0,12.0,37.0,,89.0,0.0,,9.0,3.0,1.0,3.0,0.0,1.0,,41.9,17.0,2.0,2.0,1.0,31.0,1.0,1.0,386.0,8.0,8.0,15.0,2.0,12.0,,229.0,5.0,3.0,26.0,54.0,19.0,3.0,,15.0,7.0,1.0,3.0,3.0,16.0,3.0,10.0,1.0,,,,1.0,,,6.0,,,1.0,1.0,,1.0,,,,,,,,1.0,3.0,1.0,4.0,1.0,1.0,,1.0,1.0,,1.0,1.0,,1.0,1.0,1.0,,1.0,,,2.0,,1.0,,,,,1.0,,,,,,,,,,,,1.0,,,,,,,,,,,,2.0,,,,,1.0,,,,,,,,
20,1059900,2019-12-28 15:00:00,"Vicarage Road, Watford",21348.0,Home,Watford,Aston Villa,3,0,W,1,0,1,0,1.0,68.0,5.0,30.0,23.0,8.0,7.0,12.0,2.0,2.0,148.0,5.0,7.0,4.0,14.0,6.0,102.0,129.0,44.0,,20.0,4.0,22.0,2.0,1.0,21.0,10.0,1.0,23.0,6.0,4.0,40.0,188.0,,0.0,155.0,16.0,2.0,46.0,81.0,11.0,63.0,1.0,,15.0,11.0,8.0,,5.0,3.0,129.0,3.0,5.0,104.0,600.0,11.0,11.0,35.0,,9.0,322.0,29.0,1.0,7.0,9.0,3.0,3.0,19.0,399.0,57.0,1.0,94924,8.0,148.0,8.0,,2.0,163.0,9.0,11.0,3.0,57.0,,,1.0,11.0,6.0,1.0,63.0,331.0,9.0,10.0,24.0,4.0,63.0,0.0,1.0,3.0,1.0,,2.0,1.0,3.0,1.0,48.8,16.0,6.0,1.0,9.0,34.0,6.0,1.0,417.0,9.0,8.0,27.0,5.0,31.0,2.0,275.0,11.0,4.0,14.0,107.0,25.0,,,9.0,14.0,,13.0,3.0,10.0,,3.0,6.0,,2.0,,2.0,,,6.0,,2.0,1.0,2.0,2.0,,,1.0,,2.0,1.0,,1.0,3.0,2.0,1.0,1.0,,1.0,,,2.0,2.0,2.0,3.0,,1.0,,,2.0,3.0,,,,1.0,,1.0,1.0,,2.0,1.0,1.0,,,1.0,1.0,,1.0,,,,,,1.0,,,,,1.0,,1.0,2.0,,,,,,,,2.0,1.0,,,,,,,
21,1059910,2020-01-01 15:00:00,"Vicarage Road, Watford",20584.0,Home,Watford,Wolverhampton Wanderers,2,1,W,1,0,1,0,,60.0,1.0,22.0,34.0,3.0,3.0,6.0,3.0,,146.0,2.0,10.0,1.0,8.0,3.0,73.0,143.0,50.0,,9.0,1.0,18.0,1.0,1.0,8.0,7.0,,34.0,1.0,4.0,34.0,138.0,,0.0,108.0,12.0,,51.0,55.0,5.0,56.0,1.0,2.0,7.0,12.0,3.0,,1.0,2.0,143.0,1.0,8.0,68.0,519.0,6.0,15.0,20.0,,12.0,234.0,31.0,,9.0,20.0,3.0,3.0,17.0,315.0,51.0,,94924,3.0,114.0,6.0,,,127.0,6.0,12.0,12.0,71.0,,,1.0,14.0,8.0,5.0,61.0,250.0,4.0,19.0,23.0,1.0,77.0,0.0,,7.0,2.0,1.0,6.0,1.0,2.0,,36.4,12.0,4.0,1.0,2.0,38.0,4.0,1.0,343.0,12.0,10.0,11.0,4.0,14.0,2.0,224.0,6.0,4.0,24.0,64.0,16.0,3.0,,20.0,13.0,,7.0,3.0,23.0,3.0,6.0,4.0,,,,2.0,,,5.0,,1.0,1.0,2.0,,,,,2.0,,1.0,,1.0,2.0,1.0,2.0,2.0,1.0,2.0,,,2.0,,2.0,2.0,,2.0,,,,1.0,,,,,1.0,,,,,2.0,,,,,,,,1.0,,,1.0,,,,,,1.0,,,,,,,,,,,1.0,1.0,,,,,,,,
22,1059912,2020-01-12 14:00:00,"Vitality Stadium, Bournemouth",10384.0,Away,Watford,Bournemouth,3,0,W,1,0,0,0,,69.0,2.0,19.0,36.0,5.0,6.0,13.0,1.0,1.0,169.0,8.0,10.0,,14.0,6.0,80.0,154.0,81.0,,18.0,4.0,30.0,3.0,,18.0,15.0,,36.0,4.0,,32.0,166.0,,0.0,108.0,13.0,,47.0,64.0,10.0,72.0,2.0,2.0,14.0,21.0,5.0,,8.0,1.0,154.0,,2.0,90.0,609.0,11.0,9.0,27.0,,7.0,290.0,29.0,1.0,8.0,22.0,1.0,4.0,16.0,392.0,45.0,,94924,11.0,138.0,6.0,,,168.0,8.0,21.0,11.0,59.0,,3.0,1.0,8.0,8.0,3.0,59.0,296.0,3.0,9.0,24.0,2.0,85.0,0.0,1.0,5.0,,,3.0,0.0,6.0,2.0,43.3,9.0,4.0,1.0,6.0,41.0,5.0,3.0,411.0,7.0,5.0,12.0,6.0,22.0,5.0,261.0,9.0,,42.0,69.0,29.0,2.0,,22.0,27.0,,16.0,3.0,13.0,2.0,12.0,5.0,,2.0,,2.0,,,2.0,1.0,1.0,5.0,1.0,1.0,2.0,,2.0,2.0,2.0,2.0,1.0,1.0,3.0,,2.0,1.0,2.0,2.0,,,2.0,,3.0,3.0,,1.0,,,1.0,2.0,,,,,1.0,2.0,,,2.0,1.0,1.0,,,,2.0,,,,,,2.0,,1.0,1.0,,,,1.0,,,,,,,2.0,,,,,,,,,,,,
23,1059930,2020-01-18 12:30:00,"Vicarage Road, Watford",21366.0,Home,Watford,Tottenham Hotspur,0,0,D,0,0,0,0,1.0,72.0,4.0,35.0,11.0,4.0,2.0,11.0,4.0,1.0,146.0,6.0,11.0,5.0,11.0,2.0,70.0,171.0,82.0,1.0,15.0,1.0,16.0,2.0,,25.0,7.0,,11.0,1.0,6.0,39.0,160.0,3.0,0.0,138.0,13.0,2.0,51.0,60.0,5.0,55.0,,3.0,24.0,13.0,4.0,1.0,8.0,3.0,171.0,2.0,11.0,71.0,551.0,11.0,10.0,41.0,1.0,13.0,221.0,29.0,,14.0,5.0,2.0,6.0,22.0,317.0,57.0,,94924,7.0,82.0,14.0,,1.0,102.0,8.0,13.0,9.0,61.0,,,,19.0,5.0,3.0,65.0,236.0,12.0,16.0,32.0,,76.0,0.0,,3.0,4.0,,2.0,0.0,5.0,1.0,41.5,14.0,6.0,,5.0,40.0,3.0,,342.0,13.0,7.0,27.0,8.0,37.0,5.0,265.0,12.0,6.0,34.0,87.0,31.0,2.0,,5.0,25.0,,12.0,2.0,21.0,2.0,3.0,3.0,,2.0,,3.0,,,6.0,,4.0,2.0,,,,,,1.0,1.0,,,1.0,,1.0,,2.0,,,1.0,,,,,,,,,,,,,1.0,,,3.0,1.0,1.0,,1.0,,1.0,,,,1.0,,,,1.0,,1.0,,1.0,1.0,,,,,1.0,,3.0,,,1.0,,1.0,,,,,1.0,,,,,,
24,1059933,2020-01-21 19:30:00,"Villa Park, Birmingham",40867.0,Away,Watford,Aston Villa,1,2,L,1,0,0,0,,60.0,3.0,21.0,33.0,,2.0,8.0,3.0,1.0,137.0,5.0,10.0,2.0,6.0,2.0,61.0,145.0,61.0,,8.0,,34.0,1.0,1.0,14.0,11.0,,33.0,1.0,7.0,33.0,120.0,,0.0,115.0,18.0,1.0,53.0,44.0,3.0,60.0,2.0,,13.0,21.0,,,5.0,,145.0,,13.0,56.0,522.0,5.0,10.0,14.0,,22.0,203.0,27.0,,3.0,14.0,2.0,3.0,24.0,287.0,70.0,,94924,3.0,99.0,7.0,,,116.0,11.0,21.0,11.0,71.0,,,1.0,10.0,3.0,2.0,64.0,214.0,10.0,11.0,26.0,,72.0,0.0,1.0,6.0,3.0,2.0,3.0,0.0,5.0,1.0,35.5,11.0,6.0,1.0,3.0,26.0,3.0,,314.0,22.0,5.0,15.0,3.0,16.0,3.0,212.0,4.0,6.0,20.0,60.0,23.0,5.0,,14.0,21.0,2.0,8.0,3.0,14.0,5.0,12.0,3.0,,3.0,,2.0,,,2.0,,2.0,3.0,,,,,,2.0,,,,,1.0,,1.0,1.0,,1.0,,,,,1.0,1.0,,1.0,,,1.0,1.0,,,3.0,,,1.0,,,1.0,,,,,,1.0,,,,,1.0,,,,,,,,,,,,,,,1.0,,,,,,,1.0,,,,,
25,1059950,2020-02-01 15:00:00,"Vicarage Road, Watford",21229.0,Home,Watford,Everton,2,3,L,2,2,0,1,,68.0,3.0,26.0,20.0,3.0,2.0,8.0,2.0,,178.0,1.0,7.0,4.0,6.0,2.0,61.0,168.0,68.0,,11.0,,26.0,,,12.0,7.0,,20.0,4.0,7.0,32.0,129.0,,0.0,109.0,17.0,4.0,53.0,31.0,4.0,54.0,3.0,2.0,8.0,13.0,3.0,,2.0,3.0,168.0,1.0,9.0,71.0,549.0,3.0,19.0,14.0,,9.0,237.0,24.0,,12.0,9.0,2.0,2.0,21.0,338.0,63.0,,94924,4.0,124.0,2.0,,3.0,152.0,11.0,13.0,8.0,76.0,,,2.0,12.0,3.0,5.0,68.0,252.0,13.0,11.0,38.0,2.0,80.0,0.0,1.0,4.0,2.0,3.0,4.0,0.0,,1.0,44.6,11.0,5.0,2.0,3.0,35.0,4.0,,364.0,9.0,9.0,15.0,6.0,26.0,3.0,224.0,8.0,5.0,33.0,62.0,32.0,1.0,,9.0,15.0,3.0,6.0,3.0,20.0,1.0,6.0,4.0,,2.0,,1.0,,,3.0,,,,2.0,1.0,,,1.0,3.0,1.0,,,,2.0,,2.0,1.0,,2.0,,,1.0,,2.0,2.0,,2.0,,,,1.0,,,3.0,,1.0,,,,,1.0,,,,,,,,,,,,,,1.0,,,,1.0,,,,,,,1.0,,,,1.0,,,,1.0,,,,
26,1059954,2020-02-08 17:30:00,"American Express Stadium, Falmer",30443.0,Away,Watford,Brighton and Hove Albion,1,1,D,1,0,0,0,,54.0,,21.0,28.0,2.0,1.0,3.0,2.0,,139.0,1.0,6.0,,4.0,2.0,54.0,150.0,59.0,,5.0,1.0,38.0,1.0,,7.0,15.0,,28.0,1.0,3.0,33.0,98.0,,0.0,90.0,12.0,,44.0,40.0,2.0,52.0,1.0,1.0,6.0,8.0,2.0,,1.0,1.0,150.0,,8.0,56.0,491.0,3.0,6.0,17.0,1.0,18.0,183.0,21.0,,5.0,15.0,2.0,2.0,22.0,273.0,48.0,,94924,1.0,96.0,5.0,,,119.0,6.0,8.0,11.0,65.0,1.0,,4.0,14.0,3.0,3.0,77.0,193.0,9.0,5.0,29.0,1.0,75.0,0.0,1.0,3.0,2.0,1.0,2.0,0.0,,1.0,32.8,16.0,4.0,4.0,1.0,25.0,2.0,,301.0,18.0,12.0,14.0,2.0,14.0,1.0,189.0,3.0,3.0,19.0,42.0,13.0,,1.0,15.0,25.0,1.0,4.0,2.0,7.0,,4.0,2.0,,1.0,,,,,3.0,,,2.0,,,,,,2.0,1.0,,,,1.0,,1.0,1.0,,1.0,,,1.0,,1.0,1.0,,,,,,,,,2.0,,,1.0,,,2.0,1.0,,,,,1.0,,1.0,,,1.0,,,,2.0,,,,,,,,,,,,,,,1.0,1.0,,,,,,,
27,1059968,2020-02-23 14:00:00,"Old Trafford, Manchester",73347.0,Away,Watford,Manchester United,0,3,L,0,1,0,0,1.0,68.0,1.0,26.0,6.0,2.0,2.0,4.0,5.0,1.0,158.0,3.0,7.0,2.0,5.0,2.0,88.0,170.0,51.0,1.0,7.0,2.0,18.0,1.0,1.0,21.0,9.0,1.0,6.0,4.0,7.0,37.0,191.0,,0.0,124.0,15.0,,95.0,35.0,4.0,70.0,1.0,,17.0,18.0,3.0,1.0,5.0,,170.0,1.0,15.0,104.0,601.0,3.0,8.0,16.0,,17.0,299.0,21.0,,7.0,1.0,1.0,1.0,21.0,391.0,50.0,,94924,,126.0,12.0,1.0,,145.0,12.0,18.0,14.0,67.0,,,2.0,19.0,6.0,6.0,57.0,314.0,6.0,14.0,21.0,2.0,81.0,0.0,,3.0,4.0,3.0,2.0,0.0,2.0,,42.0,16.0,6.0,2.0,3.0,41.0,5.0,1.0,420.0,17.0,10.0,19.0,2.0,24.0,1.0,296.0,4.0,6.0,22.0,82.0,32.0,,,1.0,16.0,3.0,4.0,3.0,18.0,,9.0,5.0,1.0,1.0,1.0,,,1.0,4.0,,,1.0,,2.0,,1.0,,2.0,1.0,1.0,,2.0,,,,,1.0,,,1.0,,,,,,,1.0,1.0,,,,,,,,,,,,,1.0,,1.0,,,1.0,,,,1.0,,,,,,,,,,,,,1.0,,,1.0,,,,,,,,,,,
28,1059980,2020-02-29 17:30:00,"Vicarage Road, Watford",21634.0,Home,Watford,Liverpool,3,0,W,0,0,0,0,1.0,67.0,2.0,23.0,41.0,4.0,2.0,10.0,1.0,1.0,147.0,3.0,6.0,2.0,10.0,5.0,53.0,143.0,47.0,,14.0,,17.0,1.0,1.0,13.0,7.0,1.0,41.0,2.0,2.0,35.0,110.0,,0.0,91.0,4.0,1.0,67.0,44.0,5.0,49.0,1.0,4.0,11.0,13.0,4.0,,4.0,3.0,143.0,,3.0,50.0,485.0,7.0,14.0,24.0,,17.0,187.0,34.0,,6.0,22.0,0.0,5.0,19.0,270.0,35.0,,94924,5.0,91.0,6.0,,,118.0,3.0,13.0,14.0,37.0,,1.0,1.0,12.0,4.0,5.0,56.0,198.0,8.0,9.0,22.0,,66.0,0.0,1.0,5.0,1.0,,4.0,0.0,2.0,,29.2,13.0,4.0,1.0,2.0,27.0,3.0,1.0,299.0,17.0,4.0,19.0,7.0,21.0,4.0,194.0,12.0,1.0,20.0,55.0,20.0,3.0,,22.0,13.0,,13.0,3.0,10.0,3.0,3.0,3.0,,1.0,,4.0,,,2.0,1.0,3.0,5.0,2.0,,,,,2.0,1.0,1.0,,,3.0,2.0,2.0,1.0,1.0,3.0,,,3.0,1.0,2.0,3.0,,3.0,,,1.0,3.0,,,,2.0,3.0,,,,,2.0,,,,,,,1.0,,,1.0,2.0,2.0,1.0,1.0,,,,,,,,,,,1.0,,1.0,,,,,,,,,,
29,1059985,2020-03-07 15:00:00,"Selhurst Park, London",25461.0,Away,Watford,Crystal Palace,0,1,L,0,1,0,0,,68.0,4.0,23.0,18.0,3.0,2.0,7.0,2.0,3.0,188.0,3.0,4.0,1.0,7.0,3.0,107.0,184.0,69.0,,10.0,1.0,31.0,2.0,1.0,29.0,11.0,1.0,18.0,8.0,3.0,43.0,187.0,,0.0,158.0,16.0,1.0,60.0,65.0,5.0,76.0,,1.0,21.0,11.0,3.0,,6.0,1.0,184.0,1.0,5.0,93.0,665.0,7.0,8.0,26.0,,6.0,337.0,26.0,,6.0,13.0,4.0,2.0,25.0,443.0,54.0,,9089,4.0,165.0,14.0,1.0,1.0,188.0,12.0,11.0,6.0,82.0,,1.0,3.0,16.0,5.0,2.0,50.0,349.0,11.0,14.0,19.0,1.0,87.0,0.0,1.0,8.0,2.0,1.0,3.0,0.0,3.0,1.0,55.8,21.0,6.0,3.0,5.0,49.0,8.0,,464.0,6.0,12.0,23.0,2.0,44.0,1.0,305.0,7.0,1.0,34.0,105.0,31.0,,,13.0,22.0,,8.0,3.0,13.0,,4.0,8.0,,1.0,,,,,4.0,,,1.0,,,1.0,,1.0,,,,,,,2.0,,1.0,,,1.0,,,,,,,,,,,,,,,,1.0,,,,,,,,,,,,1.0,1.0,1.0,,,,,,,,,,,,,,,,,,,,,,,,,,,,
30,1060000,2020-06-20 12:30:00,"Vicarage Road, Watford",,Home,Watford,Leicester City,1,1,D,0,0,0,0,,59.0,1.0,29.0,22.0,1.0,2.0,7.0,1.0,2.0,130.0,4.0,5.0,3.0,6.0,4.0,42.0,162.0,51.0,,8.0,,21.0,3.0,2.0,16.0,9.0,,22.0,2.0,7.0,36.0,120.0,1.0,0.0,120.0,15.0,3.0,41.0,62.0,5.0,39.0,1.0,1.0,14.0,22.0,1.0,,2.0,1.0,162.0,,5.0,43.0,459.0,3.0,3.0,29.0,,10.0,144.0,31.0,,9.0,11.0,0.0,1.0,30.0,224.0,58.0,1.0,9089,5.0,43.0,9.0,1.0,2.0,74.0,11.0,22.0,12.0,68.0,,1.0,,14.0,10.0,4.0,70.0,159.0,12.0,5.0,23.0,2.0,64.0,0.0,,7.0,,1.0,2.0,0.0,3.0,1.0,31.7,17.0,5.0,1.0,1.0,31.0,2.0,1.0,254.0,10.0,13.0,14.0,3.0,34.0,2.0,196.0,4.0,5.0,22.0,76.0,17.0,2.0,,11.0,13.0,1.0,4.0,5.0,19.0,2.0,12.0,2.0,,1.0,,3.0,,,6.0,1.0,2.0,,,2.0,,,1.0,1.0,1.0,1.0,,1.0,1.0,,1.0,1.0,1.0,1.0,1.0,,1.0,,,1.0,,,,,,1.0,,,,1.0,,1.0,,1.0,1.0,,,,,,1.0,,1.0,,1.0,1.0,,1.0,,,,,,,,,,,,,,,,,,,,,1.0,,,,
31,1060002,2020-06-25 18:00:00,"Turf Moor, Burnley",,Away,Watford,Burnley,0,1,L,0,0,0,0,,56.0,,22.0,13.0,3.0,3.0,7.0,3.0,1.0,153.0,7.0,4.0,5.0,6.0,4.0,73.0,188.0,72.0,1.0,10.0,,41.0,4.0,1.0,30.0,9.0,,13.0,7.0,5.0,46.0,119.0,,0.0,133.0,15.0,4.0,48.0,56.0,3.0,36.0,,1.0,23.0,12.0,3.0,1.0,5.0,3.0,188.0,,7.0,67.0,500.0,1.0,12.0,12.0,3.0,4.0,197.0,26.0,1.0,5.0,11.0,0.0,3.0,37.0,310.0,70.0,1.0,9089,5.0,91.0,14.0,,1.0,129.0,7.0,12.0,4.0,69.0,,,2.0,13.0,2.0,,74.0,203.0,12.0,4.0,33.0,6.0,75.0,0.0,,1.0,4.0,1.0,3.0,0.0,3.0,5.0,44.8,23.0,2.0,2.0,,23.0,7.0,,329.0,4.0,8.0,13.0,6.0,47.0,3.0,230.0,2.0,3.0,40.0,72.0,17.0,1.0,,11.0,16.0,1.0,2.0,4.0,7.0,1.0,5.0,7.0,,1.0,,,,,1.0,,,,3.0,5.0,2.0,,2.0,,4.0,,,,,,,1.0,,,2.0,,,2.0,,,,,,,,,,,,,,,,,,,,,,,,,1.0,,2.0,,,,,,,,1.0,,,,,,,1.0,,1.0,,,,,,,,,,,
32,1060020,2020-06-28 16:30:00,"Vicarage Road, Watford",,Home,Watford,Southampton,1,3,L,0,1,0,0,,76.0,2.0,31.0,10.0,5.0,4.0,3.0,4.0,,171.0,2.0,10.0,2.0,2.0,,76.0,197.0,60.0,,8.0,4.0,38.0,,,22.0,8.0,,10.0,4.0,5.0,46.0,132.0,,0.0,131.0,18.0,1.0,49.0,64.0,2.0,63.0,2.0,1.0,18.0,17.0,5.0,,7.0,1.0,197.0,,6.0,86.0,587.0,2.0,9.0,14.0,,14.0,262.0,32.0,,9.0,5.0,3.0,,28.0,375.0,65.0,,9089,2.0,141.0,10.0,6.0,1.0,180.0,12.0,17.0,5.0,85.0,,,6.0,17.0,5.0,1.0,81.0,271.0,9.0,9.0,38.0,3.0,83.0,0.0,3.0,3.0,2.0,3.0,3.0,0.0,2.0,,47.6,19.0,2.0,8.0,6.0,33.0,5.0,,396.0,14.0,11.0,22.0,2.0,30.0,1.0,238.0,4.0,5.0,28.0,76.0,28.0,,,5.0,13.0,1.0,4.0,4.0,19.0,,9.0,5.0,,,,,,,1.0,,,1.0,1.0,,,,,1.0,,,,2.0,1.0,,,,,,1.0,,,,,1.0,,,,,,,,,,,,,,,,,,,,,,,,2.0,1.0,,,,,,,1.0,,,,,1.0,,,,,,,,,,,,,,,,
33,1060023,2020-07-04 20:00:00,"Stamford Bridge, London",,Away,Watford,Chelsea,0,3,L,0,2,0,0,,55.0,,27.0,21.0,4.0,2.0,3.0,6.0,1.0,115.0,1.0,6.0,4.0,4.0,3.0,63.0,119.0,50.0,2.0,7.0,,18.0,1.0,1.0,11.0,15.0,2.0,21.0,3.0,6.0,28.0,91.0,,0.0,74.0,12.0,2.0,47.0,31.0,2.0,60.0,1.0,1.0,8.0,13.0,4.0,2.0,2.0,2.0,119.0,,12.0,62.0,480.0,3.0,4.0,13.0,,11.0,216.0,28.0,,6.0,9.0,2.0,2.0,16.0,283.0,43.0,1.0,9089,3.0,140.0,4.0,,1.0,161.0,6.0,13.0,6.0,49.0,,,5.0,14.0,9.0,6.0,53.0,230.0,9.0,7.0,19.0,1.0,51.0,0.0,2.0,5.0,5.0,3.0,,0.0,1.0,2.0,29.6,8.0,5.0,5.0,,29.0,3.0,1.0,300.0,11.0,10.0,13.0,4.0,18.0,2.0,150.0,3.0,4.0,11.0,39.0,14.0,,,9.0,24.0,3.0,3.0,4.0,9.0,,3.0,3.0,,1.0,,1.0,,,8.0,,1.0,2.0,2.0,1.0,1.0,,2.0,,,2.0,,1.0,,,,3.0,,,,1.0,,,,,,,1.0,1.0,,,,,,,,,,,,,1.0,,,,,1.0,,,,,,,,1.0,,,,,1.0,,2.0,,,1.0,,,,,,,,,,,,,
34,1060040,2020-07-07 18:00:00,"Vicarage Road, Watford",,Home,Watford,Norwich City,2,1,W,1,1,0,0,,49.0,,24.0,8.0,2.0,1.0,7.0,2.0,1.0,155.0,5.0,5.0,7.0,6.0,4.0,82.0,160.0,70.0,,9.0,,13.0,2.0,1.0,24.0,10.0,,8.0,3.0,1.0,41.0,159.0,2.0,0.0,134.0,11.0,6.0,66.0,72.0,3.0,63.0,1.0,2.0,21.0,18.0,2.0,,5.0,2.0,160.0,,8.0,75.0,564.0,3.0,9.0,22.0,1.0,14.0,262.0,23.0,,5.0,4.0,2.0,3.0,23.0,353.0,63.0,1.0,9089,4.0,121.0,10.0,,2.0,143.0,5.0,18.0,9.0,58.0,,,3.0,14.0,4.0,4.0,59.0,275.0,15.0,16.0,21.0,2.0,62.0,0.0,1.0,3.0,1.0,1.0,2.0,0.0,3.0,5.0,43.5,17.0,5.0,3.0,,32.0,4.0,,375.0,14.0,14.0,22.0,5.0,34.0,3.0,256.0,3.0,1.0,30.0,82.0,15.0,2.0,,4.0,21.0,1.0,5.0,2.0,10.0,2.0,7.0,4.0,,,,1.0,,,3.0,,,,1.0,2.0,1.0,,3.0,,2.0,,,1.0,2.0,1.0,,1.0,,1.0,,,1.0,1.0,1.0,2.0,,1.0,,,,1.0,,,,,1.0,1.0,,3.0,1.0,1.0,,,,,1.0,,,,,,,,,1.0,,,1.0,,,,,,,,,,1.0,,,1.0,,1.0,1.0,1.0,2.0,,
35,1060050,2020-07-11 12:30:00,"Vicarage Road, Watford",,Home,Watford,Newcastle United,2,1,W,0,1,0,0,1.0,57.0,6.0,27.0,10.0,2.0,2.0,15.0,3.0,2.0,143.0,4.0,7.0,7.0,13.0,5.0,80.0,148.0,68.0,,17.0,1.0,26.0,3.0,1.0,17.0,9.0,,10.0,2.0,1.0,32.0,110.0,,0.0,118.0,23.0,4.0,41.0,47.0,9.0,34.0,1.0,2.0,15.0,13.0,2.0,,7.0,1.0,148.0,1.0,5.0,59.0,488.0,11.0,12.0,36.0,,5.0,203.0,30.0,1.0,10.0,5.0,1.0,4.0,29.0,299.0,58.0,3.0,9089,11.0,110.0,4.0,1.0,7.0,134.0,11.0,13.0,3.0,68.0,,,2.0,16.0,3.0,3.0,57.0,216.0,15.0,8.0,27.0,,63.0,0.0,,4.0,2.0,1.0,1.0,0.0,4.0,4.0,47.7,26.0,6.0,2.0,7.0,33.0,2.0,,316.0,5.0,11.0,16.0,5.0,31.0,4.0,199.0,10.0,1.0,35.0,65.0,17.0,1.0,,5.0,12.0,1.0,8.0,2.0,9.0,1.0,8.0,2.0,,2.0,,1.0,,,,,1.0,3.0,,2.0,,,4.0,2.0,,1.0,,1.0,2.0,,,1.0,,,,,2.0,,,2.0,,,,,2.0,2.0,,1.0,,1.0,,,2.0,3.0,,,,,,2.0,,,1.0,,,,,,,1.0,,,,,,,1.0,,,,,,,,,,,,,,1.0,,
36,1060061,2020-07-17 20:00:00,"London Stadium, London",,Away,Watford,West Ham United,1,3,L,0,3,0,0,,57.0,4.0,29.0,18.0,2.0,3.0,12.0,1.0,1.0,186.0,5.0,7.0,1.0,10.0,3.0,102.0,164.0,56.0,,14.0,1.0,40.0,2.0,1.0,28.0,9.0,,18.0,2.0,5.0,40.0,210.0,1.0,0.0,147.0,11.0,1.0,56.0,87.0,5.0,56.0,,,26.0,14.0,2.0,,5.0,1.0,164.0,2.0,5.0,95.0,652.0,9.0,9.0,29.0,1.0,11.0,323.0,27.0,1.0,5.0,12.0,2.0,5.0,31.0,417.0,69.0,,9089,7.0,131.0,20.0,,,163.0,5.0,14.0,6.0,75.0,,,6.0,15.0,5.0,3.0,63.0,336.0,11.0,11.0,22.0,1.0,76.0,0.0,2.0,9.0,,3.0,4.0,0.0,4.0,3.0,59.4,25.0,1.0,6.0,5.0,39.0,3.0,2.0,439.0,11.0,8.0,21.0,6.0,44.0,4.0,304.0,7.0,4.0,22.0,105.0,22.0,7.0,,12.0,16.0,2.0,13.0,4.0,12.0,7.0,5.0,3.0,1.0,1.0,1.0,1.0,,1.0,4.0,,1.0,2.0,2.0,1.0,1.0,,2.0,2.0,1.0,,,1.0,1.0,3.0,,1.0,2.0,,2.0,,,1.0,1.0,1.0,,,,,1.0,1.0,,,,,,,,,,,,,,,,,,1.0,2.0,1.0,3.0,,,1.0,,,,1.0,,,,,,,,,,,1.0,,,,,,,1.0,
37,1060070,2020-07-21 18:00:00,"Vicarage Road, Watford",,Home,Watford,Manchester City,0,4,L,0,2,0,0,,51.0,,21.0,21.0,,2.0,2.0,6.0,,107.0,,9.0,2.0,1.0,,46.0,130.0,55.0,,2.0,,12.0,,,5.0,9.0,,21.0,,1.0,32.0,49.0,,0.0,60.0,14.0,1.0,40.0,17.0,,38.0,2.0,1.0,5.0,12.0,,,2.0,,130.0,,17.0,41.0,410.0,1.0,6.0,5.0,,11.0,139.0,32.0,,4.0,11.0,2.0,1.0,15.0,200.0,40.0,,9089,,105.0,2.0,,,126.0,4.0,12.0,10.0,61.0,,,1.0,17.0,9.0,3.0,64.0,154.0,11.0,13.0,20.0,,57.0,0.0,1.0,8.0,2.0,4.0,2.0,0.0,,,23.1,12.0,2.0,1.0,,17.0,,3.0,232.0,11.0,15.0,12.0,2.0,14.0,2.0,111.0,,,17.0,27.0,8.0,2.0,,11.0,18.0,4.0,1.0,3.0,16.0,2.0,7.0,,,1.0,,,,,10.0,,,4.0,,,,,,1.0,,,,4.0,,1.0,,5.0,3.0,,,1.0,,,,,,,1.0,,,,,,,,,,,,,,,,,,,,,,,1.0,2.0,,,,,,,,,,,,,,,,,,,,,,,,,,1.0
38,1060072,2020-07-26 16:00:00,"Emirates Stadium, London",,Away,Watford,Arsenal,2,3,L,1,3,0,0,,47.0,4.0,27.0,6.0,3.0,5.0,16.0,2.0,4.0,146.0,13.0,9.0,4.0,13.0,6.0,110.0,131.0,48.0,1.0,19.0,2.0,14.0,4.0,3.0,38.0,5.0,,6.0,8.0,2.0,32.0,219.0,,0.0,158.0,12.0,2.0,38.0,87.0,8.0,53.0,2.0,2.0,30.0,20.0,3.0,1.0,10.0,1.0,131.0,,11.0,89.0,589.0,8.0,7.0,44.0,,10.0,322.0,21.0,2.0,6.0,,3.0,5.0,24.0,383.0,57.0,1.0,9089,12.0,127.0,18.0,,1.0,140.0,7.0,20.0,5.0,56.0,,,4.0,19.0,2.0,2.0,47.0,333.0,9.0,16.0,16.0,4.0,50.0,0.0,1.0,4.0,2.0,3.0,3.0,0.0,8.0,4.0,48.9,21.0,6.0,4.0,6.0,35.0,8.0,1.0,398.0,10.0,9.0,23.0,7.0,47.0,6.0,296.0,8.0,2.0,23.0,121.0,15.0,,,,7.0,3.0,10.0,4.0,14.0,,5.0,8.0,,1.0,,5.0,,,4.0,,5.0,3.0,2.0,4.0,,,4.0,1.0,5.0,,,,2.0,,1.0,2.0,1.0,1.0,,1.0,1.0,1.0,1.0,2.0,,1.0,1.0,1.0,2.0,2.0,,,,1.0,1.0,,1.0,,,,1.0,,,1.0,,,,,,1.0,,,,,,,1.0,1.0,1.0,,1.0,1.0,,1.0,,,,,1.0,,,,,,,,
