gameweek,matchId,kickoff,ground,attendance,venue,team,opponent,goalsFor,goalsAgainst,result,halfTimeFor,halfTimeAgainst,redCardsFor,redCardsAgainst,bigChanceScored,ballRecovery,attGoalLowLeft,savedObox,goalAssistSetplay,goalAssistDeadball,accurateLongBalls,totalClearance,attObxCentre,attLfTotal,attemptsIbox,saves,attRfTarget,fwdPass,accurateCross,wonContest,goals,fouledFinalThird,totalAttAssist,attCmissRight,ontargetScoringAtt,rightsidePass,possLostAll,duelWon,totalScoringAtt,attOboxBlocked,aerialLost,attIboxTarget,attObxLeft,attBxRight,attSvLowCentre,attMissLeft,totalCross,wonTackle,attOboxTarget,effectiveClearance,totalCornersIntobox,totalLayoffs,totalChippedPass,accurateFwdZonePass,attMissHighRight,cleanSheet,yellowCard,totalFinalThirdPasses,fkFoulLost,divingSave,attSvLowLeft,freekickCross,goodHighClaim,passesLeft,passesRight,ontargetAttAssist,backwardPass,interceptionsInBox,attMissRight,totalCrossNocorner,putThrough,attemptsObox,crosses18yardplus,attOboxMiss,possLostCtrl,bigChanceCreated,attemptsConcededIbox,leftsidePass,touches,attAssistOpenplay,totalFlickOn,touchesInOppBox,attHdTarget,interception,successfulOpenPlayPass,possWonDef3rd,attMissHighLeft,accurateLaunches,headClearance,goalAssist,totalYelCard,outfielderBlock,offtargetAttAssist,totalThrows,openPlayPass,finalThirdEntries,accurateThroughBall,accurateFreekickCross,fastestPlayer_playerId,attBxCentre,accurateBackZonePass,crosses18yard,attSetpiece,totalBackZonePass,attemptedTackleFoul,blockedPass,goalKicks,duelLost,attCmissHigh,totalThroughBall,defenderGoals,totalOffside,accurateKeeperThrows,unsuccessfulTouch,attemptsConcededObox,accurateGoalKicks,attMissHigh,totalLongBalls,accuratePass,fkFoulWon,challengeLost,attAssistSetplay,totalLaunches,longPassOwnToOpp,attSvLowRight,attCmissLeft,redCard,lostCorners,savedIbox,attIboxGoal,accurateFlickOn,attCmissHighRight,totalRedCard,accurateCrossNocorner,goalAssistIntentional,shieldBallOop,attHdTotal,possessionPercentage,accurateThrows,attHdMiss,possWonAtt3rd,attBxLeft,keeperThrows,blockedScoringAtt,longPassOwnToOppSuccess,cornerTaken,totalHighClaim,totalPass,interceptionWon,dispossessed,accurateChippedPass,shotOffTarget,penAreaEntries,accurateCornersIntobox,attIboxMiss,totalFwdZonePass,attRfTotal,accurateLayoffs,aerialWon,successfulFinalThirdPasses,possWonMid3rd,effectiveBlockedCross,effectiveHeadClearance,totalTackle,attHdGoal,attOpenplay,subsMade,totalContest,blockedCross,successfulPutThrough,wonCorners,attGoalLowRight,attIboxBlocked,attFreekickTotal,goalAssistOpenplay,freekickTotal,attObxdRight,sixYardBlock,attRfGoal,attCmissHighLeft,goalsOpenplay,overrun,attFreekickMiss,postScoringAtt,attIboxPost,midfielderGoals,attHdPost,attLgCentre,hitWoodwork,punches,attPostHigh,goalsConceded,attSvHighCentre,goalsConcededIbox,ptsDroppedWinningPos,errorLeadToGoal,goalsConcededObox,attLfTarget,attGoalLowCentre,bigChanceMissed,handBall,accurateKeeperSweeper,contentiousDecision,totalKeeperSweeper,penaltyConceded,penaltyFaced,penGoalsConceded,attLfGoal,shotFastbreak,goalFastbreak,attOneOnOne,totalFastbreak,attFastbreak,forwardGoals,attGoalHighRight,attOboxGoal,totalPullBack,attFreekickGoal,attSvHighRight,attGoalHighCentre,attFreekickTarget,attSvHighLeft,ownGoals,attOboxPost,attIboxOwnGoal,errorLeadToShot,clearanceOffLine,penaltyWon,ptsGainedLosingPos,attPenGoal,attGoalHighLeft,accuratePullBack,attLgLeft,attObpGoal
1,918902,2017-08-12 15:00:00,"The Hawthorns, West Bromwich",25011,Home,West Bromwich Albion,Bournemouth,1,0,W,1,0,0,0,1.0,58.0,1.0,1.0,1.0,1.0,26.0,26.0,4.0,3.0,11.0,2.0,4.0,128.0,6.0,1.0,1.0,1.0,15.0,1.0,6.0,39.0,130.0,34.0,16.0,1.0,18.0,3.0,1.0,2.0,1.0,3.0,16.0,15.0,2.0,26.0,7.0,1.0,29.0,96.0,1.0,1.0,0.0,97.0,15.0,1.0,1.0,1.0,1.0,38.0,49.0,6.0,37.0,8.0,1.0,9.0,10.0,5.0,1.0,2.0,130.0,1.0,5.0,38.0,419.0,12.0,8.0,19.0,1.0,14.0,149.0,29.0,1.0,9.0,11.0,1.0,3.0,5.0,9.0,30.0,225.0,59.0,2.0,1.0,9089,2.0,67.0,7.0,1.0,92.0,8.0,10.0,8.0,52.0,2.0,2.0,1.0,2.0,1.0,4.0,4.0,3.0,3.0,76.0,157.0,2.0,5.0,2.0,39.0,67.0,3.0,2.0,0.0,2.0,1.0,1.0,1.0,1.0,0.0,2.0,1.0,2.0,4.0,28.7,17.0,2.0,1.0,2.0,1.0,1.0,29.0,8.0,1.0,242.0,14.0,6.0,15.0,9.0,32.0,4.0,7.0,166.0,9.0,1.0,12.0,52.0,19.0,4.0,11.0,19.0,1.0,9.0,3.0,11.0,4.0,3.0,8.0,,,,,,,,,,,,,,,,,,,,,,,,,,,,,,,,,,,,,,,,,,,,,,,,,,,,,,,,,,,,,,,
2,918904,2017-08-19 15:00:00,"Turf Moor, Burnley",19619,Away,West Bromwich Albion,Burnley,1,0,W,0,0,1,0,,37.0,,,,,24.0,36.0,2.0,3.0,5.0,,,139.0,4.0,6.0,1.0,2.0,5.0,,1.0,29.0,157.0,44.0,8.0,,24.0,,,,,1.0,13.0,3.0,,36.0,5.0,3.0,20.0,66.0,2.0,1.0,0.0,76.0,11.0,,,2.0,1.0,36.0,47.0,2.0,29.0,1.0,1.0,8.0,8.0,3.0,3.0,3.0,157.0,,11.0,31.0,405.0,2.0,11.0,9.0,,8.0,116.0,19.0,1.0,7.0,28.0,1.0,0.0,5.0,3.0,29.0,200.0,65.0,,1.0,9089,2.0,65.0,3.0,2.0,91.0,6.0,8.0,17.0,52.0,,,,3.0,,19.0,9.0,9.0,,73.0,127.0,11.0,9.0,2.0,43.0,85.0,,1.0,0.0,6.0,,1.0,3.0,,1.0,2.0,1.0,2.0,2.0,32.2,16.0,2.0,2.0,1.0,1.0,2.0,26.0,5.0,1.0,228.0,8.0,7.0,10.0,5.0,20.0,2.0,2.0,150.0,2.0,2.0,20.0,27.0,12.0,3.0,28.0,9.0,,4.0,2.0,8.0,3.0,3.0,5.0,1.0,2.0,1.0,1.0,1.0,1.0,1.0,1.0,1.0,1.0,2.0,1.0,,,,,,,,,,,,,,,,,,,,,,,,,,,,,,,,,,,,,,,,,,,,,,,,,,,
3,918922,2017-08-27 13:30:00,"The Hawthorns, West Bromwich",22704,Home,West Bromwich Albion,Stoke City,1,1,D,0,0,0,0,1.0,40.0,1.0,1.0,,,20.0,24.0,1.0,3.0,8.0,1.0,,124.0,9.0,4.0,1.0,3.0,7.0,,2.0,74.0,135.0,41.0,10.0,,29.0,1.0,,,,3.0,34.0,13.0,,24.0,10.0,6.0,15.0,138.0,1.0,,0.0,98.0,10.0,1.0,,2.0,3.0,59.0,50.0,2.0,46.0,,3.0,24.0,14.0,2.0,11.0,2.0,135.0,1.0,8.0,70.0,494.0,3.0,4.0,16.0,1.0,3.0,229.0,25.0,,7.0,18.0,1.0,2.0,5.0,5.0,21.0,294.0,53.0,,1.0,9089,4.0,110.0,11.0,1.0,131.0,6.0,14.0,11.0,68.0,,1.0,,2.0,1.0,10.0,8.0,2.0,,58.0,239.0,8.0,10.0,3.0,28.0,69.0,,1.0,0.0,4.0,,1.0,,,0.0,7.0,1.0,,5.0,42.8,18.0,2.0,1.0,2.0,1.0,,32.0,10.0,3.0,314.0,3.0,16.0,8.0,8.0,42.0,2.0,5.0,217.0,2.0,6.0,13.0,62.0,10.0,2.0,18.0,17.0,1.0,5.0,3.0,8.0,2.0,4.0,10.0,,,,1.0,,,,,,1.0,,,1.0,1.0,1.0,1.0,1.0,1.0,1.0,1.0,1.0,1.0,1.0,2.0,1.0,,,,,,,,,,,,,,,,,,,,,,,,,,,,,,,,,,,,,,
4,918924,2017-09-09 15:00:00,"Amex Stadium, Falmer",30381,Away,West Bromwich Albion,Brighton and Hove Albion,1,3,L,0,1,0,0,1.0,56.0,,2.0,,,31.0,26.0,7.0,5.0,5.0,3.0,1.0,162.0,5.0,10.0,1.0,1.0,9.0,,3.0,123.0,147.0,49.0,12.0,2.0,15.0,1.0,,,1.0,3.0,35.0,4.0,1.0,26.0,6.0,8.0,28.0,199.0,,,0.0,132.0,4.0,,,1.0,2.0,57.0,111.0,4.0,67.0,,1.0,30.0,23.0,7.0,15.0,4.0,147.0,2.0,3.0,109.0,656.0,7.0,13.0,20.0,,10.0,363.0,23.0,2.0,7.0,14.0,1.0,0.0,3.0,5.0,28.0,440.0,63.0,,,9089,4.0,183.0,14.0,1.0,195.0,3.0,23.0,6.0,38.0,,1.0,,1.0,1.0,12.0,9.0,2.0,,68.0,377.0,8.0,3.0,1.0,28.0,77.0,,1.0,0.0,2.0,1.0,1.0,2.0,,0.0,4.0,1.0,1.0,1.0,51.4,25.0,1.0,3.0,1.0,1.0,3.0,40.0,6.0,2.0,461.0,10.0,12.0,14.0,6.0,38.0,2.0,2.0,301.0,6.0,6.0,24.0,92.0,23.0,2.0,14.0,8.0,,9.0,3.0,15.0,2.0,7.0,6.0,,1.0,,1.0,,,,1.0,,1.0,,,,,,,,,,,3.0,1.0,2.0,,,1.0,1.0,1.0,1.0,,,,,,,,,,,,,,,,,,,,,,,,,,,,,,,,,,
5,918942,2017-09-16 15:00:00,"The Hawthorns, West Bromwich",24942,Home,West Bromwich Albion,West Ham United,0,0,D,0,0,0,0,,47.0,,1.0,,,21.0,24.0,2.0,2.0,4.0,1.0,,122.0,6.0,9.0,,,5.0,,1.0,55.0,117.0,29.0,6.0,1.0,15.0,1.0,,,,1.0,15.0,7.0,,24.0,2.0,3.0,14.0,109.0,,1.0,0.0,70.0,15.0,1.0,1.0,,1.0,40.0,48.0,2.0,48.0,1.0,1.0,13.0,5.0,2.0,5.0,1.0,117.0,1.0,4.0,65.0,436.0,4.0,5.0,8.0,1.0,9.0,203.0,25.0,,5.0,13.0,,2.0,3.0,3.0,17.0,266.0,47.0,,,9089,3.0,109.0,8.0,,128.0,9.0,5.0,13.0,45.0,1.0,,,3.0,,11.0,5.0,4.0,1.0,65.0,212.0,7.0,5.0,1.0,26.0,72.0,,,0.0,3.0,,,,,0.0,4.0,,,3.0,36.8,13.0,2.0,3.0,,,2.0,33.0,2.0,1.0,290.0,9.0,7.0,6.0,3.0,17.0,2.0,2.0,177.0,1.0,3.0,6.0,35.0,14.0,9.0,13.0,7.0,,5.0,3.0,13.0,9.0,3.0,2.0,,1.0,,,,,1.0,,,,1.0,,,,,,,,,,,,,,,,,,1.0,1.0,,,,,,,,,,,,,,,,,,,,,,,,,,,,,,,,,
6,918943,2017-09-25 20:00:00,"Emirates Stadium, London",59134,Away,West Bromwich Albion,Arsenal,0,2,L,0,1,0,0,,58.0,,3.0,,,26.0,23.0,3.0,2.0,4.0,4.0,1.0,116.0,3.0,10.0,,2.0,4.0,1.0,3.0,62.0,133.0,53.0,7.0,1.0,24.0,3.0,,,2.0,1.0,13.0,12.0,,23.0,4.0,3.0,40.0,107.0,,,0.0,91.0,17.0,1.0,1.0,1.0,1.0,34.0,31.0,3.0,38.0,,1.0,9.0,8.0,3.0,1.0,2.0,133.0,,10.0,56.0,439.0,3.0,14.0,15.0,2.0,20.0,180.0,26.0,1.0,8.0,12.0,,4.0,4.0,1.0,16.0,251.0,53.0,1.0,,9089,1.0,84.0,7.0,1.0,98.0,11.0,8.0,9.0,69.0,,1.0,,,2.0,14.0,6.0,3.0,,67.0,188.0,6.0,13.0,1.0,28.0,66.0,,1.0,0.0,7.0,1.0,,5.0,,0.0,2.0,,1.0,2.0,30.9,10.0,,6.0,1.0,2.0,1.0,29.0,4.0,1.0,272.0,20.0,11.0,22.0,3.0,23.0,1.0,1.0,187.0,3.0,3.0,21.0,43.0,15.0,2.0,12.0,16.0,,5.0,3.0,14.0,2.0,3.0,4.0,,,,,,,,,,,4.0,,,,,,,1.0,,,2.0,,2.0,,,,,,2.0,,1.0,1.0,1.0,1.0,1.0,1.0,,,,,,,,,,,,,,,,,,,,,,,,,,,
7,918961,2017-09-30 15:00:00,"The Hawthorns, West Bromwich",24606,Home,West Bromwich Albion,Watford,2,2,D,2,1,0,0,2.0,72.0,,,,,26.0,45.0,2.0,5.0,7.0,1.0,1.0,133.0,2.0,10.0,2.0,4.0,5.0,,4.0,53.0,146.0,77.0,9.0,,27.0,1.0,,,1.0,,18.0,18.0,1.0,45.0,6.0,4.0,25.0,88.0,,,0.0,91.0,12.0,,,3.0,2.0,66.0,14.0,3.0,47.0,2.0,1.0,12.0,13.0,2.0,2.0,1.0,146.0,2.0,9.0,62.0,501.0,3.0,5.0,18.0,,10.0,191.0,41.0,,9.0,32.0,1.0,3.0,6.0,2.0,11.0,269.0,60.0,1.0,,9089,2.0,119.0,7.0,,141.0,7.0,13.0,12.0,68.0,,2.0,1.0,1.0,1.0,12.0,6.0,3.0,2.0,72.0,205.0,11.0,9.0,1.0,32.0,81.0,1.0,,0.0,6.0,1.0,2.0,1.0,,0.0,1.0,1.0,,2.0,34.9,8.0,1.0,5.0,2.0,1.0,2.0,37.0,7.0,2.0,295.0,10.0,13.0,12.0,3.0,27.0,1.0,2.0,172.0,2.0,4.0,31.0,49.0,20.0,2.0,32.0,25.0,1.0,6.0,3.0,18.0,2.0,7.0,7.0,1.0,2.0,,1.0,,,,,,1.0,3.0,,,,,,,,1.0,,2.0,,2.0,2.0,,,1.0,1.0,1.0,,,,,,,,1.0,2.0,1.0,1.0,3.0,2.0,1.0,,,,,,,,,,,,,,,,,,,,
8,918966,2017-10-16 20:00:00,"King Power Stadium, Leicester",30203,Away,West Bromwich Albion,Leicester City,1,1,D,0,0,0,0,,78.0,,1.0,,,28.0,28.0,4.0,,1.0,2.0,,163.0,2.0,7.0,1.0,3.0,4.0,,1.0,89.0,171.0,55.0,5.0,,19.0,,,1.0,,2.0,13.0,8.0,,28.0,,4.0,38.0,155.0,1.0,,0.0,101.0,6.0,2.0,,,3.0,65.0,50.0,1.0,50.0,,,13.0,15.0,4.0,5.0,3.0,171.0,,8.0,76.0,579.0,3.0,12.0,7.0,,19.0,253.0,36.0,,7.0,20.0,,2.0,4.0,3.0,31.0,349.0,65.0,,,77777,,118.0,8.0,1.0,147.0,5.0,15.0,9.0,60.0,,,,1.0,,11.0,3.0,5.0,,75.0,271.0,13.0,14.0,1.0,35.0,83.0,,,0.0,4.0,1.0,,7.0,,0.0,2.0,,1.0,,43.0,15.0,,4.0,,,1.0,42.0,1.0,3.0,378.0,19.0,14.0,21.0,3.0,17.0,,,244.0,5.0,4.0,20.0,55.0,34.0,3.0,20.0,15.0,,3.0,2.0,14.0,3.0,5.0,1.0,,1.0,1.0,,1.0,,,1.0,,,4.0,,,,,,,,,,1.0,,1.0,2.0,,,,,,,,,,,,,,,,,,,1.0,1.0,1.0,1.0,1.0,,,,,,,,,,,,,,,,
9,918978,2017-10-21 17:30:00,"St. Mary's Stadium, Southampton",29947,Away,West Bromwich Albion,Southampton,0,1,L,0,0,0,0,,56.0,,2.0,,,25.0,31.0,5.0,1.0,2.0,5.0,1.0,155.0,2.0,1.0,,2.0,4.0,,2.0,51.0,153.0,40.0,7.0,1.0,20.0,1.0,,1.0,,2.0,17.0,7.0,1.0,31.0,3.0,2.0,29.0,127.0,1.0,,0.0,106.0,8.0,2.0,,1.0,1.0,69.0,55.0,1.0,51.0,4.0,1.0,14.0,19.0,5.0,9.0,3.0,153.0,1.0,11.0,50.0,482.0,4.0,12.0,8.0,1.0,12.0,191.0,29.0,,9.0,17.0,,1.0,3.0,3.0,16.0,278.0,60.0,1.0,,9089,1.0,81.0,4.0,,103.0,5.0,19.0,17.0,65.0,,1.0,,1.0,1.0,10.0,9.0,6.0,,70.0,206.0,10.0,17.0,,31.0,79.0,1.0,1.0,0.0,8.0,3.0,,4.0,,0.0,2.0,,,1.0,34.3,12.0,,5.0,,1.0,1.0,31.0,3.0,1.0,307.0,12.0,18.0,11.0,4.0,26.0,,1.0,221.0,5.0,1.0,20.0,59.0,16.0,2.0,17.0,10.0,,6.0,3.0,4.0,2.0,11.0,3.0,,,1.0,,1.0,,,,,,1.0,,,,,,,,,,1.0,,1.0,,,,,,1.0,1.0,,,,,,,,,,,,,,,,,,1.0,,,,,,,,,,,,,,,
10,918992,2017-10-28 15:00:00,"The Hawthorns, West Bromwich",24003,Home,West Bromwich Albion,Manchester City,2,3,L,1,2,0,0,2.0,62.0,1.0,1.0,,,22.0,16.0,2.0,1.0,5.0,2.0,,125.0,2.0,12.0,2.0,2.0,4.0,,4.0,41.0,144.0,51.0,7.0,2.0,17.0,2.0,,,,,6.0,11.0,,16.0,1.0,,31.0,61.0,,,0.0,70.0,10.0,2.0,1.0,1.0,,27.0,30.0,3.0,34.0,5.0,,5.0,21.0,2.0,,,144.0,2.0,7.0,54.0,416.0,3.0,10.0,7.0,2.0,17.0,139.0,34.0,,4.0,8.0,1.0,2.0,2.0,1.0,17.0,230.0,50.0,1.0,,9089,4.0,92.0,4.0,,122.0,8.0,21.0,10.0,58.0,1.0,2.0,,5.0,2.0,11.0,8.0,5.0,1.0,69.0,151.0,7.0,15.0,,30.0,69.0,1.0,,0.0,2.0,1.0,2.0,3.0,,0.0,2.0,1.0,,3.0,21.7,13.0,1.0,2.0,,2.0,2.0,25.0,1.0,,254.0,17.0,13.0,16.0,1.0,15.0,,1.0,138.0,3.0,,12.0,27.0,16.0,2.0,8.0,21.0,,7.0,3.0,15.0,2.0,10.0,1.0,,,,1.0,,,,2.0,,2.0,1.0,,,,,,,,,,3.0,,2.0,,,1.0,,,1.0,,2.0,,2.0,,,,,,,,,,1.0,,,,,,1.0,,,,,,,,,,,,,,
11,918995,2017-11-04 15:00:00,"John Smith's Stadium, Huddersfield",24169,Away,West Bromwich Albion,Huddersfield Town,0,1,L,0,1,0,1,,57.0,,2.0,,,32.0,18.0,6.0,2.0,3.0,2.0,1.0,145.0,6.0,9.0,,2.0,9.0,,3.0,105.0,150.0,46.0,9.0,3.0,19.0,1.0,,,,1.0,21.0,10.0,2.0,18.0,5.0,5.0,34.0,175.0,,,0.0,110.0,15.0,1.0,1.0,1.0,1.0,66.0,74.0,7.0,67.0,1.0,1.0,16.0,9.0,6.0,12.0,1.0,150.0,,2.0,100.0,599.0,9.0,12.0,14.0,1.0,11.0,318.0,24.0,,9.0,8.0,,4.0,,2.0,30.0,399.0,60.0,1.0,,9089,2.0,161.0,3.0,,174.0,10.0,9.0,4.0,58.0,,1.0,,4.0,2.0,16.0,5.0,1.0,,71.0,330.0,7.0,5.0,,26.0,86.0,2.0,1.0,0.0,3.0,,,6.0,,0.0,4.0,,,2.0,49.9,24.0,1.0,5.0,1.0,2.0,4.0,57.0,5.0,1.0,417.0,11.0,14.0,12.0,2.0,33.0,2.0,1.0,264.0,5.0,4.0,17.0,63.0,22.0,4.0,8.0,13.0,,7.0,3.0,15.0,4.0,4.0,5.0,,1.0,,,,,,,,,2.0,,,,,,,,,,1.0,,,,,1.0,1.0,,,,,,,,,,,,,,,,,,,,,,,,,,,,,,,,,,,,
12,919012,2017-11-18 15:00:00,"The Hawthorns, West Bromwich",23592,Home,West Bromwich Albion,Chelsea,0,4,L,0,3,0,0,,56.0,,1.0,,,30.0,16.0,2.0,3.0,5.0,3.0,,133.0,3.0,10.0,,2.0,5.0,1.0,2.0,92.0,131.0,56.0,7.0,,13.0,1.0,,,,2.0,21.0,13.0,1.0,16.0,3.0,3.0,28.0,158.0,,,0.0,102.0,13.0,1.0,,2.0,,73.0,51.0,1.0,59.0,5.0,1.0,18.0,13.0,2.0,8.0,1.0,131.0,,8.0,94.0,557.0,4.0,5.0,15.0,1.0,13.0,290.0,33.0,1.0,7.0,10.0,,2.0,2.0,4.0,18.0,358.0,61.0,1.0,,9089,4.0,152.0,8.0,,173.0,6.0,13.0,5.0,54.0,,1.0,,3.0,1.0,19.0,3.0,3.0,1.0,59.0,307.0,9.0,15.0,1.0,26.0,69.0,,1.0,0.0,4.0,2.0,,1.0,,0.0,2.0,,,2.0,38.6,15.0,1.0,5.0,1.0,1.0,,44.0,3.0,,378.0,13.0,8.0,13.0,5.0,25.0,1.0,4.0,226.0,2.0,3.0,19.0,67.0,17.0,6.0,10.0,18.0,,4.0,3.0,16.0,6.0,5.0,3.0,,,1.0,,1.0,,,,,,3.0,,,,,,,,,,4.0,2.0,4.0,,,,1.0,,1.0,,,,1.0,,,,,1.0,,,1.0,1.0,,,,,,,,1.0,,,,,,,,,,,,,
13,919021,2017-11-25 15:00:00,"Wembley Stadium, London",65905,Away,West Bromwich Albion,Tottenham Hotspur,1,1,D,1,0,0,0,,64.0,1.0,3.0,,,37.0,41.0,1.0,4.0,4.0,4.0,,133.0,2.0,10.0,1.0,,4.0,,2.0,46.0,133.0,65.0,5.0,,21.0,1.0,,1.0,1.0,3.0,9.0,14.0,,41.0,,7.0,34.0,73.0,,,0.0,68.0,13.0,2.0,,,1.0,48.0,35.0,1.0,42.0,3.0,,9.0,9.0,1.0,2.0,1.0,133.0,1.0,9.0,45.0,472.0,3.0,10.0,7.0,,13.0,170.0,38.0,,8.0,26.0,1.0,4.0,10.0,3.0,19.0,232.0,50.0,,,9089,2.0,119.0,7.0,1.0,139.0,5.0,9.0,13.0,65.0,,,,6.0,,20.0,16.0,6.0,,74.0,190.0,9.0,17.0,,22.0,73.0,,2.0,0.0,8.0,1.0,1.0,5.0,,0.0,2.0,1.0,1.0,,27.5,11.0,,1.0,,,,32.0,,1.0,266.0,13.0,8.0,16.0,3.0,13.0,,2.0,136.0,1.0,6.0,27.0,34.0,15.0,5.0,26.0,20.0,,4.0,3.0,17.0,5.0,5.0,,,,,1.0,,,,1.0,,1.0,1.0,,,,,,,,,,1.0,,1.0,2.0,,,1.0,,1.0,1.0,,,,,,,,,,,,,1.0,,,,,,,,,,,,,,,,,,,,
14,919028,2017-11-28 20:00:00,"The Hawthorns, West Bromwich",25534,Home,West Bromwich Albion,Newcastle United,2,2,D,1,0,0,0,2.0,78.0,1.0,3.0,,,28.0,29.0,3.0,2.0,5.0,3.0,1.0,154.0,3.0,11.0,2.0,4.0,5.0,,4.0,100.0,150.0,72.0,8.0,2.0,27.0,2.0,,,,1.0,21.0,18.0,,29.0,1.0,8.0,32.0,155.0,,,0.0,117.0,13.0,1.0,,1.0,,62.0,71.0,4.0,68.0,1.0,,20.0,18.0,3.0,9.0,,150.0,2.0,6.0,79.0,610.0,3.0,12.0,10.0,1.0,13.0,295.0,37.0,,9.0,20.0,2.0,0.0,5.0,1.0,20.0,378.0,67.0,,,9089,2.0,153.0,10.0,1.0,175.0,8.0,18.0,8.0,62.0,,,,,1.0,14.0,9.0,,,69.0,305.0,12.0,6.0,,35.0,82.0,1.0,1.0,0.0,6.0,,2.0,8.0,,0.0,3.0,2.0,,2.0,47.9,18.0,,10.0,,1.0,2.0,37.0,1.0,,401.0,13.0,7.0,19.0,2.0,23.0,,1.0,247.0,4.0,7.0,27.0,80.0,25.0,,20.0,22.0,1.0,4.0,3.0,22.0,,7.0,1.0,,,2.0,2.0,2.0,,,,,2.0,2.0,,1.0,,1.0,,,1.0,,1.0,2.0,,2.0,2.0,,,,1.0,,1.0,,,,,,,1.0,,,,,,1.0,,,,,,,,1.0,1.0,1.0,1.0,,,,,,,,,
15,919042,2017-12-02 15:00:00,"The Hawthorns, West Bromwich",23531,Home,West Bromwich Albion,Crystal Palace,0,0,D,0,0,0,0,,70.0,,,,,40.0,21.0,5.0,9.0,15.0,2.0,3.0,175.0,10.0,12.0,,3.0,14.0,,6.0,82.0,170.0,64.0,20.0,,31.0,5.0,,,1.0,4.0,26.0,9.0,1.0,21.0,3.0,6.0,39.0,187.0,,1.0,0.0,167.0,11.0,1.0,2.0,2.0,,86.0,52.0,9.0,57.0,4.0,2.0,23.0,15.0,5.0,5.0,4.0,170.0,1.0,7.0,81.0,616.0,10.0,11.0,36.0,2.0,16.0,276.0,32.0,1.0,6.0,13.0,,3.0,5.0,5.0,29.0,377.0,78.0,,1.0,9089,8.0,111.0,16.0,3.0,135.0,7.0,15.0,8.0,66.0,1.0,,,3.0,2.0,19.0,3.0,5.0,1.0,79.0,288.0,10.0,10.0,4.0,31.0,84.0,3.0,2.0,0.0,7.0,2.0,,3.0,,0.0,7.0,,,5.0,51.1,20.0,3.0,6.0,3.0,2.0,6.0,43.0,3.0,,395.0,16.0,10.0,24.0,8.0,41.0,3.0,4.0,286.0,5.0,6.0,27.0,114.0,29.0,5.0,13.0,15.0,,15.0,3.0,17.0,5.0,2.0,3.0,,6.0,,,,,1.0,,,,1.0,,,,,,,,,,,,,,,,1.0,,2.0,1.0,,,,,,,,,,1.0,,,,,,,,,,,,,,,,,,,,,,,
16,919050,2017-12-09 15:00:00,"Liberty Stadium, Swansea",19580,Away,West Bromwich Albion,Swansea City,0,1,L,0,0,0,0,,49.0,,,,,26.0,29.0,2.0,1.0,5.0,2.0,1.0,172.0,3.0,6.0,,1.0,5.0,,1.0,89.0,152.0,55.0,7.0,,21.0,,,2.0,,2.0,17.0,8.0,1.0,29.0,3.0,4.0,22.0,175.0,,,0.0,125.0,18.0,1.0,1.0,,2.0,76.0,66.0,3.0,67.0,2.0,,14.0,12.0,2.0,7.0,1.0,152.0,,8.0,68.0,589.0,4.0,14.0,16.0,,6.0,287.0,20.0,,11.0,21.0,,5.0,7.0,2.0,30.0,372.0,70.0,,,9089,2.0,126.0,7.0,1.0,144.0,13.0,12.0,12.0,71.0,1.0,,,2.0,4.0,12.0,10.0,7.0,1.0,74.0,298.0,8.0,13.0,1.0,42.0,76.0,,1.0,0.0,6.0,2.0,,6.0,,0.0,3.0,,,2.0,45.7,26.0,2.0,1.0,1.0,4.0,3.0,41.0,3.0,2.0,396.0,6.0,15.0,10.0,3.0,26.0,,2.0,269.0,4.0,4.0,28.0,75.0,22.0,3.0,21.0,15.0,,6.0,3.0,11.0,3.0,7.0,3.0,,3.0,,,,,,,,,2.0,,,,,,,1.0,,,1.0,,1.0,,,,,,,,1.0,,1.0,,,,,,,,,,,,,,,,,,,,,,,,,,,,,,
17,919059,2017-12-13 20:00:00,"Anfield, Liverpool",53243,Away,West Bromwich Albion,Liverpool,0,0,D,0,0,0,0,,77.0,,2.0,,,29.0,31.0,3.0,1.0,3.0,3.0,,151.0,3.0,7.0,,1.0,6.0,,1.0,49.0,158.0,64.0,6.0,1.0,17.0,1.0,,,,,19.0,15.0,,31.0,6.0,5.0,15.0,110.0,1.0,1.0,0.0,114.0,6.0,,,1.0,1.0,68.0,37.0,2.0,42.0,3.0,,13.0,23.0,3.0,4.0,1.0,158.0,1.0,10.0,49.0,511.0,4.0,6.0,5.0,1.0,19.0,184.0,40.0,1.0,15.0,14.0,,1.0,8.0,4.0,15.0,264.0,67.0,,,9089,2.0,88.0,8.0,2.0,111.0,1.0,23.0,8.0,59.0,,,,4.0,2.0,16.0,4.0,2.0,1.0,75.0,195.0,15.0,17.0,2.0,49.0,73.0,,,0.0,5.0,3.0,,2.0,,0.0,2.0,,,3.0,29.8,11.0,2.0,2.0,,3.0,1.0,31.0,7.0,2.0,291.0,19.0,17.0,8.0,4.0,24.0,1.0,2.0,199.0,2.0,4.0,17.0,63.0,19.0,1.0,14.0,24.0,,2.0,2.0,10.0,1.0,13.0,7.0,,,,,,,,,,,1.0,,1.0,,,,,1.0,1.0,1.0,,1.0,,,,,,,1.0,,,,,,,,,,,,,,,,,,,,,,,,1.0,,1.0,2.0,,,,,,,
18,919072,2017-12-17 14:15:00,"The Hawthorns, West Bromwich",24782,Home,West Bromwich Albion,Manchester United,1,2,L,0,2,0,0,1.0,59.0,,1.0,1.0,,21.0,14.0,5.0,6.0,7.0,1.0,2.0,173.0,8.0,9.0,1.0,1.0,11.0,,5.0,87.0,135.0,39.0,12.0,,13.0,1.0,,,1.0,1.0,22.0,9.0,3.0,14.0,6.0,11.0,34.0,193.0,,,0.0,144.0,14.0,,2.0,,,64.0,58.0,8.0,62.0,2.0,1.0,16.0,16.0,5.0,9.0,2.0,135.0,1.0,5.0,111.0,607.0,10.0,7.0,17.0,,20.0,331.0,28.0,,8.0,3.0,1.0,1.0,3.0,3.0,24.0,416.0,68.0,,,9089,2.0,156.0,7.0,,170.0,10.0,16.0,6.0,48.0,,,,1.0,4.0,13.0,3.0,2.0,1.0,51.0,341.0,7.0,10.0,,23.0,90.0,1.0,,0.0,3.0,,1.0,2.0,,0.0,6.0,,,1.0,43.1,22.0,1.0,2.0,3.0,4.0,4.0,54.0,6.0,,433.0,20.0,7.0,15.0,3.0,33.0,2.0,1.0,285.0,5.0,11.0,9.0,91.0,24.0,1.0,3.0,15.0,,10.0,3.0,14.0,1.0,8.0,6.0,1.0,4.0,,,,,2.0,,,,1.0,,,,,,,,1.0,,2.0,,1.0,,,1.0,2.0,,,1.0,3.0,1.0,3.0,,,,1.0,,,,,,,,,,,,,,,,,,,,,,,,,,
19,919080,2017-12-23 15:00:00,"bet365 Stadium, Stoke",29057,Away,West Bromwich Albion,Stoke City,1,3,L,0,2,0,0,1.0,65.0,,1.0,,,29.0,16.0,5.0,7.0,12.0,2.0,5.0,185.0,12.0,10.0,1.0,1.0,13.0,,7.0,104.0,188.0,58.0,17.0,,33.0,3.0,,,4.0,1.0,41.0,10.0,3.0,16.0,11.0,15.0,40.0,204.0,,,0.0,179.0,11.0,1.0,,1.0,,73.0,52.0,10.0,74.0,1.0,,30.0,21.0,5.0,9.0,2.0,188.0,2.0,5.0,82.0,686.0,8.0,11.0,34.0,1.0,5.0,327.0,24.0,3.0,9.0,10.0,1.0,0.0,2.0,3.0,41.0,427.0,86.0,4.0,,9089,9.0,146.0,20.0,1.0,169.0,7.0,21.0,6.0,81.0,,7.0,,2.0,4.0,16.0,4.0,2.0,1.0,67.0,338.0,9.0,10.0,4.0,32.0,76.0,2.0,,0.0,1.0,1.0,1.0,8.0,,0.0,8.0,1.0,1.0,2.0,56.4,37.0,1.0,5.0,2.0,4.0,5.0,39.0,11.0,,445.0,5.0,22.0,19.0,5.0,56.0,4.0,3.0,317.0,6.0,14.0,24.0,112.0,30.0,,10.0,16.0,,12.0,3.0,15.0,,7.0,11.0,,5.0,,1.0,,,3.0,,1.0,1.0,3.0,,,,,,,,,,3.0,,3.0,,,,,1.0,2.0,,2.0,,2.0,,,,1.0,,,1.0,,,1.0,,,,,,,,,,,,,,,,,,,,
20,919092,2017-12-26 15:00:00,"The Hawthorns, West Bromwich",25364,Home,West Bromwich Albion,Everton,0,0,D,0,0,0,0,,60.0,,,,,34.0,23.0,5.0,6.0,12.0,3.0,,158.0,11.0,8.0,,3.0,13.0,,3.0,92.0,173.0,71.0,17.0,1.0,26.0,2.0,,,1.0,2.0,41.0,6.0,1.0,23.0,10.0,6.0,40.0,179.0,1.0,1.0,0.0,135.0,14.0,1.0,2.0,2.0,1.0,72.0,89.0,5.0,48.0,,2.0,31.0,13.0,5.0,8.0,3.0,173.0,,5.0,72.0,577.0,10.0,10.0,26.0,2.0,8.0,250.0,23.0,2.0,14.0,10.0,,2.0,,8.0,28.0,351.0,57.0,,1.0,9089,8.0,95.0,21.0,3.0,124.0,5.0,13.0,7.0,55.0,1.0,,,1.0,6.0,11.0,2.0,2.0,3.0,71.0,263.0,13.0,3.0,3.0,32.0,67.0,,,0.0,2.0,3.0,,2.0,,0.0,9.0,,2.0,6.0,52.7,22.0,4.0,6.0,2.0,6.0,4.0,33.0,10.0,1.0,370.0,8.0,9.0,16.0,10.0,53.0,2.0,7.0,287.0,2.0,6.0,38.0,89.0,23.0,3.0,10.0,13.0,,9.0,3.0,15.0,3.0,4.0,10.0,,3.0,1.0,,1.0,,,,,,2.0,1.0,,,,,,,,,,,,,,,1.0,,1.0,,,,,,,,,,,,,,,,,,,,,,,,,,,,,,,,,,
21,919102,2017-12-31 16:30:00,"The Hawthorns, West Bromwich",26223,Home,West Bromwich Albion,Arsenal,1,1,D,0,0,0,0,1.0,66.0,,3.0,,,32.0,31.0,5.0,4.0,9.0,4.0,1.0,142.0,8.0,8.0,1.0,5.0,8.0,,3.0,68.0,135.0,46.0,14.0,2.0,12.0,1.0,,,1.0,1.0,28.0,8.0,1.0,31.0,4.0,4.0,36.0,159.0,2.0,,0.0,116.0,14.0,2.0,,1.0,,45.0,88.0,5.0,51.0,2.0,,24.0,11.0,5.0,10.0,2.0,135.0,,7.0,61.0,517.0,8.0,10.0,22.0,1.0,12.0,229.0,30.0,,8.0,12.0,,3.0,5.0,3.0,15.0,300.0,54.0,,,9089,7.0,93.0,13.0,1.0,107.0,10.0,11.0,10.0,48.0,,,,1.0,3.0,16.0,8.0,7.0,1.0,71.0,244.0,7.0,10.0,,30.0,83.0,1.0,,0.0,6.0,1.0,1.0,6.0,,0.0,6.0,,1.0,2.0,34.7,11.0,1.0,4.0,2.0,3.0,7.0,38.0,5.0,,322.0,12.0,5.0,17.0,4.0,31.0,2.0,2.0,243.0,6.0,2.0,18.0,79.0,25.0,1.0,12.0,14.0,,7.0,3.0,15.0,1.0,4.0,5.0,,5.0,2.0,,2.0,,1.0,1.0,,,4.0,1.0,,,,,,,,,1.0,,1.0,,,,,1.0,,,,,1.0,,,,,,,,,,1.0,,,,,,,,,1.0,,1.0,1.0,,1.0,1.0,1.0,,,,
22,919112,2018-01-02 19:45:00,"London Stadium, London",56888,Away,West Bromwich Albion,West Ham United,1,2,L,1,0,0,0,,62.0,,,,,33.0,37.0,6.0,2.0,5.0,3.0,1.0,170.0,4.0,10.0,1.0,4.0,10.0,,3.0,90.0,137.0,53.0,12.0,,24.0,1.0,,,2.0,1.0,23.0,10.0,1.0,37.0,4.0,10.0,37.0,180.0,2.0,,0.0,135.0,12.0,3.0,,3.0,1.0,85.0,61.0,6.0,64.0,2.0,1.0,19.0,17.0,7.0,7.0,5.0,137.0,1.0,10.0,89.0,601.0,9.0,12.0,13.0,,9.0,311.0,27.0,1.0,8.0,19.0,1.0,2.0,3.0,4.0,16.0,391.0,72.0,,,9089,5.0,151.0,9.0,1.0,162.0,5.0,17.0,7.0,65.0,1.0,,,1.0,1.0,14.0,3.0,7.0,1.0,68.0,327.0,12.0,14.0,,29.0,81.0,,1.0,0.0,3.0,3.0,,2.0,1.0,0.0,3.0,,,,47.4,14.0,,2.0,,1.0,3.0,50.0,4.0,1.0,413.0,9.0,7.0,18.0,6.0,32.0,1.0,1.0,274.0,8.0,8.0,16.0,83.0,26.0,1.0,19.0,16.0,,11.0,3.0,18.0,1.0,9.0,4.0,,3.0,,1.0,,,,,,1.0,,,,,1.0,,1.0,,,,2.0,,2.0,3.0,,,1.0,,1.0,,,,,,,,1.0,1.0,1.0,,2.0,1.0,,,1.0,,,,,,,,,,2.0,,,,,1.0,,,
23,919122,2018-01-13 15:00:00,"The Hawthorns, West Bromwich",25240,Home,West Bromwich Albion,Brighton and Hove Albion,2,0,W,1,0,0,0,1.0,66.0,,1.0,2.0,1.0,32.0,25.0,6.0,3.0,8.0,1.0,1.0,174.0,7.0,9.0,2.0,1.0,11.0,1.0,4.0,55.0,161.0,54.0,15.0,3.0,20.0,1.0,,2.0,1.0,4.0,22.0,6.0,1.0,25.0,8.0,4.0,24.0,156.0,,1.0,0.0,140.0,8.0,,,1.0,3.0,42.0,71.0,6.0,56.0,2.0,1.0,14.0,19.0,7.0,5.0,3.0,161.0,1.0,7.0,70.0,545.0,7.0,14.0,20.0,,11.0,230.0,29.0,,15.0,16.0,2.0,0.0,4.0,5.0,18.0,325.0,70.0,,1.0,9089,5.0,95.0,8.0,2.0,118.0,3.0,19.0,9.0,48.0,,,2.0,3.0,1.0,12.0,6.0,3.0,1.0,86.0,244.0,13.0,3.0,2.0,53.0,87.0,1.0,2.0,0.0,6.0,,2.0,3.0,,0.0,2.0,2.0,,3.0,44.1,16.0,1.0,6.0,,1.0,5.0,43.0,9.0,3.0,355.0,11.0,13.0,15.0,6.0,30.0,5.0,3.0,259.0,8.0,4.0,23.0,84.0,22.0,3.0,16.0,9.0,2.0,9.0,3.0,13.0,3.0,8.0,10.0,,2.0,,,,,1.0,,,,1.0,,,,,,,,,,,,,,,,1.0,,,,,1.0,,,,,,,,,,,,1.0,,1.0,,,1.0,,,,,,,,,,,,1.0,1.0,
24,919126,2018-01-20 15:00:00,"Goodison Park, Liverpool",39061,Away,West Bromwich Albion,Everton,1,1,D,1,0,0,0,1.0,73.0,1.0,1.0,,,30.0,21.0,6.0,4.0,9.0,3.0,3.0,179.0,4.0,8.0,1.0,,12.0,2.0,5.0,57.0,195.0,71.0,15.0,1.0,24.0,1.0,,,,1.0,18.0,8.0,3.0,21.0,3.0,11.0,16.0,119.0,1.0,,0.0,110.0,10.0,2.0,2.0,1.0,2.0,60.0,58.0,5.0,56.0,2.0,3.0,15.0,29.0,6.0,4.0,1.0,195.0,1.0,7.0,64.0,579.0,10.0,11.0,18.0,,15.0,213.0,28.0,1.0,22.0,9.0,1.0,1.0,3.0,7.0,31.0,332.0,73.0,1.0,,9089,8.0,108.0,10.0,,149.0,3.0,29.0,7.0,61.0,,1.0,,,1.0,18.0,2.0,2.0,2.0,80.0,223.0,14.0,8.0,1.0,61.0,79.0,,,0.0,,2.0,1.0,2.0,,0.0,3.0,1.0,2.0,4.0,43.2,24.0,4.0,9.0,1.0,1.0,1.0,33.0,3.0,2.0,356.0,15.0,20.0,7.0,9.0,26.0,1.0,7.0,225.0,7.0,10.0,35.0,58.0,24.0,2.0,9.0,15.0,,14.0,3.0,9.0,2.0,16.0,3.0,,,,1.0,,,,1.0,,1.0,2.0,,1.0,,,,,1.0,,1.0,1.0,,1.0,2.0,,,1.0,,,1.0,,,,,,,,,,,,,1.0,,,,,1.0,,,1.0,,1.0,,,,,,,,,,
25,919138,2018-01-31 20:00:00,"Etihad Stadium, Manchester",53241,Away,West Bromwich Albion,Manchester City,0,3,L,0,1,0,0,,59.0,,3.0,,,24.0,27.0,1.0,3.0,2.0,7.0,,111.0,,6.0,,,2.0,,1.0,42.0,119.0,42.0,3.0,1.0,15.0,1.0,,,1.0,1.0,2.0,12.0,,27.0,1.0,6.0,42.0,52.0,,,0.0,50.0,10.0,5.0,,,,28.0,29.0,2.0,41.0,4.0,,1.0,23.0,1.0,1.0,,119.0,,12.0,52.0,418.0,2.0,7.0,5.0,,17.0,151.0,40.0,,7.0,14.0,,3.0,2.0,,21.0,222.0,37.0,,,9089,,110.0,,,141.0,5.0,23.0,7.0,53.0,,,,,1.0,11.0,7.0,3.0,,60.0,162.0,9.0,13.0,,25.0,57.0,,1.0,0.0,9.0,4.0,,5.0,,0.0,,,,,25.7,16.0,,,2.0,1.0,1.0,23.0,1.0,,246.0,17.0,13.0,21.0,1.0,7.0,,1.0,107.0,,4.0,11.0,21.0,14.0,6.0,14.0,17.0,,3.0,3.0,9.0,6.0,12.0,1.0,,,,,,,,,,,1.0,,,,,,,,1.0,,3.0,,3.0,,,,1.0,,,,,,,,,,,,,,,,,,,,,,,,,,,,,,,,,,,,
26,919152,2018-02-03 15:00:00,"The Hawthorns, West Bromwich",25911,Home,West Bromwich Albion,Southampton,2,3,L,1,2,0,0,1.0,58.0,,,2.0,1.0,41.0,14.0,5.0,4.0,4.0,2.0,,176.0,6.0,10.0,2.0,3.0,5.0,,3.0,52.0,166.0,60.0,9.0,2.0,26.0,,,,,,24.0,7.0,1.0,14.0,4.0,8.0,27.0,143.0,2.0,,0.0,132.0,12.0,2.0,1.0,1.0,3.0,48.0,59.0,2.0,37.0,3.0,2.0,20.0,19.0,5.0,9.0,2.0,166.0,1.0,7.0,57.0,508.0,3.0,14.0,18.0,,16.0,194.0,27.0,,17.0,7.0,2.0,2.0,3.0,3.0,21.0,298.0,74.0,,,9089,2.0,77.0,10.0,,102.0,6.0,19.0,10.0,65.0,,1.0,1.0,1.0,1.0,18.0,6.0,7.0,,80.0,214.0,10.0,14.0,,46.0,84.0,,,0.0,7.0,2.0,2.0,4.0,1.0,0.0,3.0,2.0,1.0,2.0,38.9,16.0,1.0,,1.0,1.0,2.0,45.0,5.0,3.0,322.0,16.0,10.0,15.0,4.0,35.0,3.0,2.0,244.0,2.0,7.0,29.0,75.0,19.0,3.0,7.0,11.0,1.0,4.0,3.0,14.0,3.0,12.0,5.0,1.0,,3.0,,3.0,,,,,,2.0,,,,,,,,,,3.0,,1.0,3.0,,2.0,1.0,,,,,1.0,,,,,,,,,,,1.0,,,1.0,,,1.0,1.0,,,,,1.0,,,,,,,,1.0
27,919153,2018-02-12 20:00:00,"Stamford Bridge, London",41071,Away,West Bromwich Albion,Chelsea,0,3,L,0,1,0,0,,69.0,,2.0,,,31.0,15.0,3.0,2.0,5.0,5.0,1.0,145.0,3.0,14.0,,1.0,5.0,,1.0,130.0,144.0,61.0,8.0,,16.0,1.0,,1.0,,5.0,25.0,6.0,,15.0,5.0,10.0,33.0,173.0,,,0.0,126.0,11.0,3.0,,,,37.0,89.0,,67.0,3.0,1.0,20.0,16.0,3.0,7.0,3.0,144.0,,15.0,86.0,618.0,4.0,10.0,11.0,,11.0,321.0,35.0,,9.0,7.0,,2.0,6.0,5.0,12.0,402.0,65.0,,,9089,4.0,171.0,13.0,1.0,188.0,8.0,16.0,8.0,68.0,1.0,3.0,,3.0,1.0,11.0,5.0,4.0,1.0,65.0,341.0,11.0,20.0,1.0,23.0,68.0,1.0,,0.0,8.0,3.0,,1.0,,0.0,2.0,,,3.0,43.0,12.0,3.0,5.0,,1.0,,44.0,7.0,,428.0,11.0,16.0,15.0,7.0,33.0,1.0,4.0,265.0,3.0,10.0,25.0,81.0,24.0,1.0,7.0,12.0,,6.0,3.0,19.0,1.0,9.0,7.0,,,,,,,,,,,,,,,,,,,,,3.0,,3.0,,,,,,1.0,,1.0,1.0,1.0,,,,,,,1.0,,,,,,,,,,,,,,,,,,,,,,,
28,919172,2018-02-24 15:00:00,"The Hawthorns, West Bromwich",25920,Home,West Bromwich Albion,Huddersfield Town,1,2,L,0,0,0,0,1.0,76.0,1.0,3.0,1.0,1.0,35.0,30.0,4.0,5.0,6.0,5.0,,194.0,3.0,11.0,1.0,4.0,7.0,,3.0,72.0,206.0,60.0,10.0,,31.0,,,1.0,1.0,,18.0,7.0,2.0,30.0,5.0,9.0,47.0,137.0,,,0.0,125.0,11.0,4.0,,1.0,,65.0,38.0,4.0,61.0,,1.0,13.0,14.0,4.0,2.0,2.0,206.0,2.0,8.0,78.0,634.0,4.0,18.0,18.0,,12.0,264.0,33.0,1.0,11.0,16.0,1.0,1.0,4.0,3.0,29.0,385.0,79.0,,,9089,3.0,140.0,10.0,1.0,175.0,8.0,14.0,5.0,79.0,,,1.0,7.0,3.0,19.0,8.0,4.0,3.0,83.0,274.0,9.0,8.0,2.0,38.0,91.0,,,0.0,3.0,2.0,1.0,6.0,,0.0,1.0,1.0,2.0,2.0,53.3,27.0,1.0,4.0,,3.0,2.0,42.0,6.0,,405.0,12.0,19.0,20.0,5.0,30.0,2.0,3.0,248.0,3.0,6.0,27.0,64.0,29.0,2.0,16.0,13.0,1.0,6.0,3.0,21.0,2.0,4.0,6.0,,2.0,1.0,,1.0,,,,,,3.0,,,,,,,,,,2.0,,2.0,,,,2.0,,1.0,,,,,,,,,1.0,,,1.0,1.0,,,,1.0,,1.0,,1.0,,,,,,,,,,,1.0,,
29,919182,2018-03-03 15:00:00,"Vicarage Road, Watford",20022,Away,West Bromwich Albion,Watford,0,1,L,0,0,0,0,,60.0,,,,,28.0,39.0,2.0,3.0,6.0,2.0,1.0,164.0,8.0,7.0,,3.0,6.0,,2.0,71.0,171.0,73.0,9.0,,25.0,1.0,,,1.0,1.0,30.0,14.0,1.0,39.0,6.0,4.0,32.0,116.0,1.0,,0.0,108.0,12.0,1.0,1.0,1.0,,36.0,66.0,2.0,48.0,1.0,2.0,24.0,25.0,3.0,3.0,2.0,171.0,2.0,10.0,63.0,565.0,6.0,17.0,23.0,,14.0,217.0,27.0,,11.0,20.0,,0.0,6.0,4.0,27.0,320.0,59.0,1.0,,9089,4.0,120.0,20.0,,157.0,6.0,25.0,9.0,57.0,1.0,3.0,,1.0,2.0,11.0,5.0,2.0,1.0,74.0,228.0,11.0,12.0,,30.0,73.0,,,0.0,4.0,3.0,,5.0,,0.0,5.0,,1.0,2.0,46.7,22.0,2.0,2.0,1.0,2.0,2.0,31.0,6.0,1.0,346.0,14.0,9.0,10.0,5.0,33.0,3.0,3.0,219.0,3.0,4.0,38.0,59.0,25.0,,20.0,17.0,,8.0,3.0,10.0,,7.0,6.0,,2.0,1.0,,1.0,1.0,1.0,,,,2.0,1.0,,,,,,,,,1.0,,,,,1.0,1.0,,2.0,2.0,,1.0,,,,,,,,,,,,,,,,,,,,,,,,1.0,,,,,,,
30,919191,2018-03-10 15:00:00,"The Hawthorns, West Bromwich",23558,Home,West Bromwich Albion,Leicester City,1,4,L,1,1,0,0,,54.0,,,,,26.0,16.0,4.0,5.0,2.0,3.0,,163.0,2.0,8.0,1.0,1.0,3.0,,2.0,71.0,162.0,50.0,6.0,,30.0,,,,,,21.0,10.0,1.0,16.0,7.0,15.0,41.0,145.0,,,0.0,134.0,6.0,2.0,,2.0,,39.0,76.0,3.0,62.0,1.0,3.0,14.0,17.0,4.0,2.0,3.0,162.0,,9.0,66.0,545.0,2.0,6.0,12.0,,7.0,256.0,26.0,,6.0,7.0,1.0,1.0,3.0,,30.0,338.0,73.0,,,9089,2.0,124.0,10.0,,146.0,3.0,17.0,10.0,64.0,,,,1.0,3.0,15.0,5.0,3.0,,69.0,267.0,7.0,12.0,,23.0,84.0,,,0.0,6.0,2.0,1.0,2.0,,0.0,1.0,1.0,1.0,,43.8,17.0,,1.0,,3.0,1.0,38.0,7.0,,362.0,7.0,9.0,16.0,3.0,27.0,1.0,,237.0,1.0,15.0,18.0,79.0,20.0,4.0,7.0,17.0,,5.0,3.0,16.0,4.0,11.0,7.0,,1.0,,1.0,,,,,,1.0,2.0,,,,,,,1.0,,,4.0,,4.0,3.0,,,1.0,1.0,,1.0,2.0,,2.0,,,,1.0,,,,,,1.0,,,,,1.0,,,,,,,,,,,,,,,
31,919193,2018-03-17 15:00:00,"Vitality Stadium, Bournemouth",10242,Away,West Bromwich Albion,Bournemouth,1,2,L,0,0,0,0,1.0,79.0,,2.0,,,33.0,25.0,3.0,2.0,8.0,3.0,1.0,160.0,8.0,3.0,1.0,,9.0,,6.0,68.0,160.0,49.0,11.0,,18.0,3.0,,,3.0,,19.0,12.0,2.0,25.0,2.0,8.0,44.0,137.0,1.0,,0.0,111.0,9.0,2.0,1.0,,1.0,57.0,44.0,8.0,59.0,3.0,,17.0,20.0,3.0,5.0,1.0,160.0,3.0,7.0,63.0,549.0,8.0,12.0,23.0,3.0,15.0,238.0,40.0,,9.0,10.0,1.0,2.0,5.0,1.0,21.0,326.0,68.0,,,9089,6.0,118.0,12.0,,139.0,4.0,20.0,6.0,51.0,,2.0,,1.0,1.0,18.0,10.0,1.0,,83.0,247.0,6.0,6.0,,35.0,88.0,1.0,,0.0,3.0,1.0,1.0,5.0,,0.0,8.0,1.0,2.0,3.0,39.4,15.0,,11.0,,1.0,4.0,38.0,2.0,1.0,350.0,15.0,12.0,23.0,1.0,30.0,,,230.0,6.0,6.0,19.0,61.0,17.0,1.0,10.0,21.0,,11.0,3.0,10.0,1.0,10.0,2.0,1.0,4.0,,1.0,,,,1.0,,1.0,2.0,,,,,,,,,,2.0,,,3.0,,2.0,1.0,,2.0,,,1.0,,,,,,,,,,,1.0,,,,,,,,,,,,,,,,,,,,
32,919212,2018-03-31 15:00:00,"The Hawthorns, West Bromwich",23455,Home,West Bromwich Albion,Burnley,1,2,L,0,1,0,0,,66.0,,1.0,,,43.0,28.0,1.0,2.0,7.0,2.0,,168.0,8.0,7.0,1.0,2.0,6.0,2.0,3.0,84.0,160.0,65.0,8.0,1.0,25.0,2.0,,,,,26.0,13.0,,28.0,1.0,5.0,45.0,150.0,,,0.0,135.0,12.0,,,1.0,,51.0,68.0,5.0,75.0,,2.0,25.0,8.0,1.0,10.0,,160.0,,6.0,87.0,582.0,5.0,13.0,26.0,2.0,6.0,286.0,39.0,,8.0,13.0,1.0,1.0,1.0,1.0,18.0,389.0,62.0,1.0,,9089,7.0,158.0,14.0,,188.0,8.0,8.0,12.0,52.0,,1.0,,2.0,1.0,14.0,5.0,5.0,1.0,92.0,300.0,9.0,6.0,,30.0,93.0,1.0,,0.0,6.0,1.0,1.0,5.0,,0.0,8.0,1.0,2.0,3.0,47.5,17.0,1.0,1.0,,1.0,2.0,45.0,1.0,,414.0,6.0,6.0,26.0,3.0,32.0,,3.0,252.0,3.0,4.0,29.0,77.0,22.0,3.0,13.0,20.0,,8.0,2.0,11.0,3.0,3.0,1.0,1.0,1.0,,1.0,,,,,,1.0,1.0,,,,,,,,,,2.0,1.0,2.0,,,,,,1.0,,,1.0,,,,,1.0,,,,,,1.0,,,1.0,,,,,,,,,1.0,,,,,,,,
33,919222,2018-04-07 15:00:00,"The Hawthorns, West Bromwich",23297,Home,West Bromwich Albion,Swansea City,1,1,D,0,0,0,0,1.0,57.0,,,1.0,,32.0,20.0,8.0,5.0,7.0,,1.0,166.0,7.0,12.0,1.0,,9.0,,3.0,116.0,140.0,49.0,15.0,5.0,23.0,1.0,,1.0,,2.0,25.0,7.0,1.0,20.0,5.0,10.0,51.0,209.0,,,0.0,127.0,15.0,,,1.0,1.0,66.0,71.0,7.0,87.0,,1.0,20.0,18.0,8.0,5.0,2.0,140.0,1.0,4.0,110.0,673.0,8.0,13.0,26.0,,11.0,387.0,25.0,,5.0,10.0,1.0,3.0,1.0,2.0,29.0,465.0,69.0,,,9089,4.0,193.0,14.0,2.0,217.0,12.0,18.0,6.0,60.0,,,,6.0,2.0,14.0,3.0,2.0,1.0,62.0,395.0,5.0,11.0,,16.0,90.0,,,0.0,1.0,,1.0,4.0,,0.0,5.0,1.0,,1.0,51.7,26.0,1.0,3.0,1.0,2.0,8.0,53.0,5.0,1.0,479.0,11.0,10.0,27.0,4.0,33.0,2.0,2.0,287.0,9.0,9.0,19.0,89.0,24.0,1.0,10.0,13.0,,11.0,1.0,15.0,1.0,9.0,6.0,,3.0,,,,,,1.0,,,2.0,,,,,,,,,,1.0,2.0,1.0,2.0,,,1.0,1.0,,2.0,1.0,,1.0,,,,,,,,,,1.0,,,,,,,,,,,,,,,,,,,,
34,919227,2018-04-15 16:00:00,"Old Trafford, Manchester",75095,Away,West Bromwich Albion,Manchester United,1,0,W,0,0,0,0,1.0,66.0,,1.0,,,29.0,38.0,4.0,4.0,6.0,4.0,,132.0,4.0,9.0,1.0,1.0,8.0,,4.0,65.0,131.0,39.0,10.0,2.0,15.0,3.0,,,1.0,1.0,14.0,7.0,,38.0,4.0,6.0,22.0,116.0,,1.0,0.0,86.0,13.0,2.0,1.0,1.0,3.0,34.0,47.0,5.0,52.0,2.0,2.0,10.0,23.0,4.0,3.0,2.0,131.0,,6.0,63.0,490.0,8.0,8.0,9.0,2.0,14.0,206.0,36.0,,13.0,20.0,,1.0,4.0,3.0,16.0,284.0,52.0,,,9089,4.0,106.0,6.0,,129.0,11.0,23.0,12.0,57.0,,,,1.0,,7.0,8.0,5.0,1.0,68.0,218.0,7.0,14.0,,33.0,79.0,,,0.0,4.0,3.0,1.0,1.0,,0.0,3.0,,1.0,4.0,29.7,14.0,1.0,2.0,1.0,,2.0,36.0,4.0,3.0,312.0,14.0,11.0,11.0,4.0,19.0,1.0,2.0,197.0,2.0,4.0,14.0,42.0,19.0,2.0,20.0,9.0,1.0,9.0,3.0,13.0,2.0,9.0,4.0,,,,,,,,,,,2.0,,,,,,,,,,,1.0,,,,,1.0,1.0,,,1.0,,1.0,,,,,,,,,,1.0,,,,,,,,,,,,,,,,,,,,
35,919242,2018-04-21 12:30:00,"The Hawthorns, West Bromwich",24520,Home,West Bromwich Albion,Liverpool,2,2,D,0,1,0,0,2.0,64.0,1.0,,1.0,1.0,20.0,19.0,2.0,4.0,10.0,1.0,2.0,131.0,10.0,11.0,2.0,2.0,7.0,1.0,6.0,74.0,150.0,47.0,13.0,,13.0,4.0,,1.0,2.0,,29.0,8.0,,19.0,7.0,10.0,42.0,118.0,1.0,,0.0,108.0,12.0,1.0,,3.0,,26.0,67.0,4.0,62.0,4.0,4.0,22.0,22.0,3.0,3.0,3.0,150.0,1.0,6.0,77.0,527.0,5.0,8.0,25.0,,13.0,234.0,31.0,1.0,7.0,10.0,1.0,0.0,2.0,3.0,26.0,327.0,56.0,,2.0,9089,7.0,134.0,16.0,4.0,152.0,5.0,22.0,7.0,49.0,,1.0,,1.0,4.0,12.0,3.0,4.0,,69.0,242.0,5.0,13.0,1.0,35.0,81.0,2.0,,0.0,4.0,1.0,2.0,1.0,,0.0,7.0,1.0,2.0,2.0,38.4,24.0,1.0,5.0,,4.0,1.0,31.0,7.0,,344.0,13.0,9.0,21.0,6.0,30.0,3.0,3.0,221.0,6.0,9.0,17.0,52.0,18.0,2.0,10.0,14.0,1.0,7.0,3.0,14.0,2.0,7.0,7.0,,1.0,,,,,,1.0,,,2.0,,,,1.0,,1.0,,,,2.0,,2.0,,,,2.0,1.0,,1.0,,,,,,,,,,,,,1.0,,,3.0,,,,,,,,,1.0,,,1.0,,,1.0,,
36,919248,2018-04-28 15:00:00,"St. James' Park, Newcastle",52283,Away,West Bromwich Albion,Newcastle United,1,0,W,1,0,0,0,1.0,64.0,,1.0,,,31.0,32.0,3.0,3.0,6.0,2.0,1.0,170.0,6.0,12.0,1.0,2.0,7.0,,2.0,61.0,170.0,58.0,9.0,,28.0,1.0,,1.0,1.0,2.0,10.0,13.0,,32.0,1.0,6.0,30.0,143.0,,1.0,0.0,116.0,13.0,1.0,,1.0,1.0,72.0,52.0,3.0,55.0,1.0,2.0,9.0,25.0,3.0,3.0,3.0,170.0,1.0,9.0,56.0,556.0,5.0,14.0,19.0,,14.0,213.0,31.0,2.0,10.0,18.0,1.0,3.0,6.0,4.0,32.0,314.0,76.0,2.0,1.0,9089,3.0,90.0,5.0,1.0,118.0,7.0,25.0,16.0,71.0,,2.0,,2.0,1.0,17.0,8.0,6.0,,76.0,227.0,8.0,9.0,1.0,36.0,81.0,,,0.0,5.0,1.0,1.0,4.0,,0.0,5.0,1.0,1.0,1.0,36.5,24.0,1.0,7.0,2.0,1.0,1.0,34.0,1.0,1.0,342.0,14.0,13.0,17.0,6.0,15.0,1.0,3.0,234.0,5.0,5.0,21.0,66.0,18.0,2.0,18.0,18.0,,8.0,3.0,22.0,2.0,10.0,1.0,,1.0,,1.0,,,,1.0,1.0,1.0,1.0,,,,1.0,,,,,,,,,,,,,1.0,,2.0,,,,,,,,,,,,,,,,,,,,,,,,,,,,,,,,,
37,919262,2018-05-05 15:00:00,"The Hawthorns, West Bromwich",23685,Home,West Bromwich Albion,Tottenham Hotspur,1,0,W,0,0,0,0,1.0,61.0,,2.0,,,29.0,45.0,2.0,3.0,7.0,5.0,,107.0,6.0,6.0,1.0,3.0,6.0,1.0,1.0,37.0,138.0,54.0,9.0,,18.0,,,,,3.0,17.0,8.0,,45.0,5.0,8.0,24.0,58.0,1.0,1.0,0.0,50.0,13.0,3.0,,3.0,,26.0,24.0,1.0,26.0,2.0,1.0,12.0,15.0,2.0,3.0,2.0,138.0,1.0,10.0,40.0,410.0,4.0,2.0,15.0,,8.0,114.0,41.0,1.0,11.0,22.0,,4.0,6.0,5.0,6.0,185.0,40.0,,,9089,2.0,74.0,6.0,2.0,104.0,8.0,15.0,12.0,52.0,,,,2.0,2.0,20.0,8.0,4.0,,70.0,126.0,12.0,9.0,2.0,37.0,63.0,,1.0,0.0,9.0,3.0,1.0,,,0.0,2.0,,,2.0,26.2,2.0,2.0,1.0,,2.0,2.0,26.0,5.0,1.0,210.0,8.0,8.0,18.0,6.0,23.0,4.0,4.0,123.0,3.0,3.0,20.0,24.0,10.0,5.0,22.0,16.0,,2.0,3.0,11.0,5.0,8.0,5.0,,2.0,,,,,2.0,1.0,,,4.0,,,,1.0,,,,,,,,,,,,,1.0,3.0,1.0,,,,,,,,,,,,,,,,,,,,,,,,,,,,,,,,,
38,919264,2018-05-13 15:00:00,"Selhurst Park, London",25357,Away,West Bromwich Albion,Crystal Palace,0,2,L,0,0,0,0,,73.0,,,,,28.0,14.0,4.0,4.0,2.0,4.0,,135.0,2.0,9.0,,1.0,4.0,,1.0,95.0,145.0,63.0,7.0,,13.0,,,,1.0,3.0,15.0,20.0,1.0,14.0,2.0,12.0,37.0,159.0,,,0.0,102.0,11.0,3.0,,,1.0,63.0,41.0,1.0,49.0,2.0,2.0,13.0,14.0,5.0,6.0,4.0,145.0,,7.0,100.0,584.0,4.0,7.0,6.0,,18.0,288.0,38.0,1.0,6.0,6.0,,3.0,2.0,3.0,17.0,359.0,53.0,,,9089,,143.0,7.0,,163.0,8.0,14.0,5.0,73.0,,1.0,,1.0,5.0,15.0,4.0,3.0,,60.0,300.0,8.0,21.0,,18.0,63.0,,1.0,0.0,4.0,3.0,,1.0,,0.0,2.0,,,1.0,40.8,13.0,1.0,3.0,1.0,5.0,,36.0,2.0,1.0,379.0,18.0,22.0,16.0,6.0,23.0,,2.0,231.0,2.0,12.0,12.0,64.0,23.0,2.0,6.0,34.0,,5.0,3.0,15.0,2.0,6.0,2.0,,,1.0,,1.0,,,,,,5.0,1.0,,,,,1.0,,,,2.0,,2.0,,,,1.0,,,,,,,,,,,,,,,,,,,,,,,,,,,,1.0,,,,,,,,
