gameweek,matchId,kickoff,ground,attendance,venue,team,opponent,goalsFor,goalsAgainst,result,halfTimeFor,halfTimeAgainst,redCardsFor,redCardsAgainst,goalsConcededObox,attLfTarget,ballRecovery,savedObox,attIboxBlocked,accurateLongBalls,totalClearance,attObxCentre,attLfTotal,accurateCross,wonContest,totalAttAssist,ontargetScoringAtt,possLostAll,duelWon,totalScoringAtt,aerialLost,attIboxTarget,attSvLowCentre,attMissLeft,totalCross,wonTackle,effectiveClearance,totalCornersIntobox,totalLayoffs,totalChippedPass,accurateFwdZonePass,attMissHighRight,yellowCard,totalFinalThirdPasses,fkFoulLost,divingSave,goodHighClaim,passesLeft,passesRight,ontargetAttAssist,interceptionsInBox,totalCrossNocorner,crosses18yardplus,attOboxMiss,possLostCtrl,attemptsConcededIbox,touches,attAssistOpenplay,totalFlickOn,attHdTarget,interception,possWonDef3rd,accurateLaunches,headClearance,totalYelCard,outfielderBlock,offtargetAttAssist,totalThrows,finalThirdEntries,fastestPlayer_playerId,accurateBackZonePass,crosses18yard,totalBackZonePass,goalKicks,duelLost,totalThroughBall,totalOffside,accurateKeeperThrows,attemptsConcededObox,accurateGoalKicks,attMissHigh,totalLongBalls,accuratePass,fkFoulWon,challengeLost,totalLaunches,longPassOwnToOpp,attSvLowRight,redCard,lostCorners,goalsConceded,accurateFlickOn,totalRedCard,accurateCrossNocorner,attHdTotal,possessionPercentage,accurateThrows,possWonAtt3rd,keeperThrows,blockedScoringAtt,longPassOwnToOppSuccess,cornerTaken,totalHighClaim,totalPass,interceptionWon,dispossessed,accurateChippedPass,shotOffTarget,penAreaEntries,attIboxMiss,totalFwdZonePass,attRfTotal,accurateLayoffs,aerialWon,successfulFinalThirdPasses,possWonMid3rd,effectiveBlockedCross,effectiveHeadClearance,totalTackle,subsMade,totalContest,blockedCross,wonCorners,handBall,attGoalLowLeft,goals,attFreekickTotal,attOboxBlocked,postScoringAtt,goalAssistOpenplay,attGoalHighRight,attOboxTarget,attOboxGoal,midfielderGoals,attSvLowLeft,freekickTotal,attPostLeft,attObxdRight,hitWoodwork,attMissHighLeft,goalAssist,accurateThroughBall,attSetpiece,attRfGoal,attAssistSetplay,punches,savedIbox,attIboxGoal,attOboxPost,goalAssistIntentional,attHdMiss,accurateCornersIntobox,forwardGoals,attHdGoal,goalsConcededIbox,attMissRight,attObxdLeft,attFreekickMiss,attRfTarget,shotFastbreak,attBxRight,totalFastbreak,freekickCross,attBxCentre,attFastbreak,attBxLeft,attOpenplay,attGoalLowCentre,cleanSheet,attSvHighLeft,attLgCentre,penaltyConceded,attFreekickTarget,attSvHighCentre,penaltyFaced,goalFastbreak,errorLeadToShot,foulThrowIn,attSvHighRight,shieldBallOop,errorLeadToGoal,attIboxPost,attFreekickPost,attPostRight,attLfGoal,attObxLeft,attGoalHighLeft,attFreekickGoal,attemptsIbox,saves,fouledFinalThird,attemptsObox,touchesInOppBox,successfulOpenPlayPass,openPlayPass,attCorner,attCmissLeft,penGoalsConceded,attGoalLowRight,fwdPass,ptsGainedLosingPos,attHdPost,sixYardBlock,goalsOpenplay,attPostHigh,attCmissHighRight,clearanceOffLine,penaltyWon,attPenGoal,attCmissRight,accurateFreekickCross,ownGoals,attObxRight,attIboxOwnGoal,goalAssistSetplay,goalAssistDeadball,attGoalHighCentre,defenderGoals,penaltySave
1,266252,2008-08-16 17:30:00,"Stadium of Light, Sunderland",,Home,Sunderland,Liverpool,0,1,L,0,0,0,0,1.0,2.0,72.0,2.0,1.0,24.0,73.0,2.0,4.0,2.0,3.0,6.0,3.0,180.0,60.0,7.0,18.0,3.0,2.0,1.0,19.0,21.0,45.0,1.0,20.0,30.0,140.0,1.0,0.0,134.0,13.0,2.0,4.0,58.0,62.0,3.0,3.0,18.0,6.0,2.0,152.0,4.0,657.0,6.0,11.0,1.0,15.0,29.0,7.0,47.0,0.0,7.0,3.0,36.0,104.0,8411,101.0,10.0,115.0,9.0,65.0,1.0,2.0,4.0,12.0,4.0,1.0,55.0,239.0,12.0,8.0,26.0,88.0,1.0,0.0,8.0,1.0,2.0,0.0,2.0,1.0,41.0,28.0,12.0,4.0,1.0,45.0,1.0,4.0,333.0,15.0,22.0,15.0,3.0,18.0,1.0,237.0,2.0,17.0,21.0,71.0,24.0,3.0,30.0,24.0,3.0,7.0,3.0,1.0,,,,,,,,,,,,,,,,,,,,,,,,,,,,,,,,,,,,,,,,,,,,,,,,,,,,,,,,,,,,,,,,,,,,,,,,,,,,,,,,,,,,,,,,,,,,,,,,
2,266261,2008-08-23 15:00:00,"White Hart Lane, London",,Away,Sunderland,Tottenham Hotspur,2,1,W,0,0,0,0,,2.0,57.0,3.0,2.0,22.0,59.0,6.0,4.0,9.0,5.0,9.0,4.0,133.0,50.0,13.0,17.0,1.0,,1.0,25.0,14.0,41.0,5.0,16.0,18.0,109.0,,0.0,96.0,15.0,3.0,2.0,33.0,43.0,5.0,,20.0,9.0,2.0,115.0,9.0,525.0,5.0,11.0,,7.0,16.0,11.0,37.0,2.0,5.0,4.0,11.0,81.0,8411,84.0,9.0,92.0,18.0,50.0,3.0,5.0,4.0,10.0,11.0,2.0,51.0,184.0,11.0,9.0,29.0,83.0,1.0,0.0,12.0,1.0,6.0,0.0,7.0,3.0,39.7,9.0,9.0,4.0,4.0,39.0,6.0,3.0,258.0,7.0,7.0,4.0,5.0,23.0,2.0,191.0,5.0,15.0,11.0,50.0,24.0,4.0,25.0,22.0,2.0,9.0,4.0,6.0,2.0,1.0,2.0,1.0,2.0,1.0,1.0,1.0,1.0,1.0,1.0,1.0,1.0,1.0,1.0,1.0,1.0,1.0,1.0,3.0,1.0,3.0,1.0,2.0,1.0,1.0,1.0,2.0,2.0,1.0,1.0,1.0,,,,,,,,,,,,,,,,,,,,,,,,,,,,,,,,,,,,,,,,,,,,,,,,,,,,,,,,,,,,,,,,
3,266272,2008-08-31 15:00:00,"Stadium of Light, Sunderland",,Home,Sunderland,Manchester City,0,3,L,0,1,0,0,,1.0,62.0,,1.0,34.0,32.0,6.0,4.0,5.0,6.0,8.0,2.0,175.0,54.0,12.0,23.0,2.0,2.0,2.0,25.0,17.0,16.0,2.0,14.0,29.0,197.0,1.0,0.0,150.0,20.0,,1.0,69.0,88.0,2.0,,23.0,13.0,6.0,159.0,8.0,705.0,7.0,4.0,1.0,19.0,15.0,2.0,21.0,4.0,5.0,6.0,29.0,85.0,8411,145.0,9.0,163.0,3.0,70.0,5.0,2.0,9.0,5.0,,2.0,63.0,337.0,11.0,4.0,24.0,84.0,,0.0,3.0,3.0,2.0,0.0,5.0,2.0,49.4,25.0,7.0,9.0,2.0,43.0,3.0,1.0,444.0,19.0,18.0,10.0,8.0,18.0,2.0,306.0,6.0,12.0,16.0,86.0,28.0,,12.0,21.0,3.0,11.0,,3.0,,,,1.0,1.0,,,,,,,,1.0,,,,1.0,,,,,1.0,,1.0,,,,1.0,,,,3.0,2.0,1.0,1.0,,,,,,,,,,,,,,,,,,,,,,,,,,,,,,,,,,,,,,,,,,,,,,,,,,,,,,,,,,,,,
4,266283,2008-09-13 15:00:00,"The Brick Community Stadium, Wigan",,Away,Sunderland,Wigan Athletic,1,1,D,1,0,0,1,,1.0,59.0,1.0,1.0,22.0,55.0,1.0,2.0,1.0,3.0,5.0,3.0,160.0,52.0,6.0,27.0,3.0,1.0,1.0,18.0,13.0,32.0,3.0,20.0,21.0,109.0,,0.0,98.0,9.0,1.0,1.0,28.0,44.0,3.0,3.0,15.0,4.0,1.0,137.0,13.0,530.0,5.0,18.0,,17.0,18.0,10.0,32.0,1.0,6.0,2.0,20.0,76.0,8411,122.0,9.0,141.0,16.0,52.0,1.0,2.0,2.0,5.0,4.0,,59.0,230.0,11.0,3.0,38.0,84.0,,0.0,8.0,1.0,5.0,0.0,1.0,1.0,43.8,14.0,9.0,3.0,1.0,32.0,6.0,1.0,316.0,17.0,6.0,12.0,2.0,14.0,1.0,193.0,3.0,17.0,18.0,50.0,24.0,8.0,15.0,20.0,1.0,10.0,8.0,6.0,,,1.0,,,,,,,,,2.0,,,,,,,1.0,,,,1.0,1.0,1.0,,,1.0,,,,1.0,1.0,,,2.0,2.0,1.0,2.0,2.0,1.0,2.0,2.0,6.0,,,,,,,,,,,,,,,,,,,,,,,,,,,,,,,,,,,,,,,,,,,,,,,,,,,,
5,266290,2008-09-20 12:45:00,"Stadium of Light, Sunderland",,Home,Sunderland,Middlesbrough,2,0,W,0,0,0,0,,2.0,50.0,1.0,,23.0,52.0,13.0,6.0,5.0,5.0,17.0,9.0,145.0,63.0,21.0,16.0,2.0,2.0,3.0,30.0,17.0,29.0,4.0,14.0,15.0,154.0,,0.0,126.0,9.0,2.0,,31.0,65.0,11.0,1.0,26.0,8.0,6.0,122.0,9.0,655.0,14.0,8.0,1.0,20.0,14.0,5.0,27.0,2.0,9.0,6.0,17.0,56.0,8411,150.0,12.0,166.0,11.0,51.0,6.0,2.0,2.0,9.0,8.0,1.0,51.0,299.0,16.0,6.0,29.0,70.0,,0.0,7.0,,3.0,0.0,5.0,2.0,50.5,14.0,15.0,2.0,4.0,35.0,7.0,,368.0,20.0,15.0,10.0,8.0,22.0,2.0,232.0,13.0,12.0,19.0,94.0,17.0,4.0,20.0,23.0,3.0,10.0,4.0,8.0,,1.0,2.0,1.0,4.0,,2.0,,5.0,,,1.0,1.0,,1.0,,,2.0,2.0,1.0,2.0,1.0,,3.0,2.0,,2.0,1.0,,2.0,,,4.0,,,4.0,1.0,,,,,1.0,,,1.0,1.0,1.0,1.0,1.0,1.0,3.0,1.0,,,,,,,,,,,,,,,,,,,,,,,,,,,,,,,,,,,,,,,,,,,,
6,266295,2008-09-27 15:00:00,"Villa Park, Birmingham",,Away,Sunderland,Aston Villa,1,2,L,1,2,0,0,1.0,,56.0,,,22.0,45.0,4.0,2.0,6.0,4.0,7.0,2.0,162.0,57.0,9.0,20.0,1.0,,2.0,38.0,24.0,30.0,4.0,25.0,23.0,194.0,,0.0,140.0,10.0,2.0,,63.0,62.0,2.0,,34.0,21.0,3.0,147.0,6.0,709.0,5.0,10.0,,18.0,17.0,3.0,29.0,1.0,4.0,5.0,29.0,76.0,8411,149.0,12.0,162.0,9.0,53.0,3.0,1.0,5.0,7.0,3.0,2.0,55.0,337.0,8.0,4.0,27.0,87.0,1.0,0.0,5.0,2.0,3.0,0.0,4.0,2.0,55.7,22.0,15.0,5.0,1.0,39.0,5.0,,417.0,18.0,12.0,10.0,6.0,27.0,3.0,293.0,5.0,25.0,11.0,94.0,18.0,4.0,18.0,34.0,3.0,12.0,4.0,5.0,1.0,,1.0,1.0,1.0,,1.0,,,,,,1.0,,,,,1.0,1.0,,1.0,1.0,,3.0,1.0,,1.0,2.0,2.0,1.0,,1.0,2.0,,1.0,1.0,1.0,,,,,1.0,,,1.0,,,,,,,,1.0,1.0,1.0,,,,,,,,,,,,,,,,,,,,,,,,,,,,,,,,,,,,,,,,,
7,266309,2008-10-04 15:00:00,"Stadium of Light, Sunderland",,Home,Sunderland,Arsenal,1,1,D,0,0,0,0,,3.0,54.0,1.0,,12.0,33.0,7.0,4.0,5.0,7.0,5.0,5.0,144.0,53.0,8.0,12.0,1.0,,,13.0,22.0,20.0,1.0,10.0,16.0,67.0,1.0,0.0,67.0,12.0,,1.0,31.0,21.0,3.0,1.0,12.0,6.0,3.0,131.0,10.0,523.0,4.0,13.0,,19.0,22.0,3.0,16.0,3.0,5.0,2.0,20.0,65.0,8411,120.0,5.0,148.0,14.0,50.0,3.0,4.0,3.0,8.0,3.0,1.0,45.0,182.0,11.0,14.0,31.0,78.0,2.0,0.0,7.0,1.0,6.0,0.0,5.0,,32.7,15.0,8.0,3.0,,29.0,1.0,1.0,271.0,19.0,7.0,3.0,3.0,16.0,,136.0,4.0,9.0,5.0,20.0,18.0,9.0,11.0,30.0,3.0,14.0,9.0,1.0,2.0,,1.0,1.0,,,1.0,1.0,3.0,1.0,1.0,,1.0,,,,,1.0,,,1.0,,,4.0,,,,,,,,1.0,1.0,,,1.0,2.0,,,,,2.0,,,,,,,,1.0,1.0,,,,,1.0,2.0,1.0,,,,,,,,,,,,,,,,,,,,,,,,,,,,,,,,,,,,,,
8,266317,2008-10-18 15:00:00,"Craven Cottage, London",,Away,Sunderland,Fulham,0,0,D,0,0,0,0,,2.0,58.0,1.0,1.0,30.0,43.0,10.0,5.0,4.0,10.0,9.0,4.0,182.0,56.0,14.0,18.0,,,3.0,20.0,14.0,22.0,3.0,17.0,33.0,139.0,1.0,0.0,140.0,9.0,2.0,3.0,47.0,53.0,6.0,,17.0,6.0,3.0,161.0,7.0,681.0,8.0,17.0,,7.0,22.0,9.0,24.0,1.0,6.0,3.0,26.0,86.0,8411,171.0,9.0,194.0,7.0,51.0,2.0,5.0,3.0,8.0,3.0,,71.0,306.0,13.0,3.0,38.0,100.0,2.0,0.0,8.0,,5.0,0.0,4.0,,49.0,19.0,9.0,3.0,4.0,43.0,5.0,4.0,414.0,7.0,17.0,6.0,6.0,22.0,1.0,240.0,9.0,16.0,17.0,78.0,18.0,4.0,10.0,16.0,3.0,14.0,4.0,5.0,,,,2.0,3.0,2.0,,,4.0,,,,2.0,,1.0,3.0,,,1.0,,,1.0,,3.0,,1.0,,,,,,,,,,2.0,,,,,,,,,,1.0,,,,,1.0,,,,,1.0,,,1.0,1.0,2.0,,,,,,,,,,,,,,,,,,,,,,,,,,,,,,,,,,,
9,266329,2008-10-25 12:45:00,"Stadium of Light, Sunderland",,Home,Sunderland,Newcastle United,2,1,W,1,1,0,0,,,81.0,,,27.0,57.0,6.0,4.0,5.0,9.0,10.0,3.0,178.0,65.0,14.0,8.0,1.0,1.0,2.0,31.0,23.0,34.0,2.0,17.0,20.0,189.0,2.0,0.0,149.0,13.0,,2.0,62.0,77.0,1.0,2.0,29.0,16.0,5.0,155.0,4.0,711.0,8.0,12.0,,5.0,14.0,11.0,37.0,1.0,5.0,9.0,18.0,95.0,8411,120.0,11.0,134.0,10.0,55.0,2.0,1.0,2.0,8.0,4.0,1.0,60.0,304.0,12.0,7.0,41.0,91.0,,0.0,4.0,1.0,5.0,0.0,5.0,1.0,55.8,13.0,15.0,2.0,,45.0,2.0,2.0,392.0,5.0,22.0,13.0,11.0,27.0,5.0,289.0,9.0,14.0,16.0,95.0,42.0,3.0,21.0,28.0,3.0,16.0,3.0,2.0,1.0,1.0,2.0,2.0,,1.0,1.0,,,1.0,1.0,,2.0,1.0,,1.0,1.0,1.0,,,1.0,1.0,2.0,1.0,1.0,1.0,,1.0,,1.0,,1.0,4.0,,1.0,1.0,,,,,,,,,,,,,,,,,,,,,,,,,,1.0,1.0,1.0,1.0,,,,,,,,,,,,,,,,,,,,,,,,,,,,,,,
10,266339,2008-10-29 19:45:00,"bet365 Stadium, Stoke",26731.0,Away,Sunderland,Stoke City,0,1,L,0,0,0,0,,,56.0,3.0,1.0,34.0,61.0,4.0,2.0,4.0,6.0,7.0,2.0,178.0,48.0,10.0,21.0,1.0,,3.0,21.0,12.0,33.0,3.0,15.0,33.0,121.0,,0.0,89.0,8.0,1.0,2.0,48.0,39.0,3.0,2.0,18.0,14.0,4.0,150.0,5.0,557.0,5.0,10.0,,13.0,13.0,6.0,35.0,1.0,3.0,4.0,31.0,65.0,8411,111.0,2.0,133.0,11.0,50.0,3.0,1.0,3.0,6.0,3.0,1.0,73.0,228.0,11.0,3.0,32.0,78.0,,0.0,5.0,1.0,4.0,0.0,1.0,2.0,52.1,24.0,13.0,3.0,2.0,31.0,3.0,2.0,335.0,13.0,14.0,11.0,6.0,36.0,2.0,223.0,6.0,13.0,14.0,33.0,24.0,3.0,20.0,17.0,3.0,10.0,3.0,3.0,,,,,1.0,,,,1.0,,,2.0,,,,,1.0,,,1.0,,2.0,2.0,,,,,2.0,3.0,,,1.0,1.0,,,2.0,,,,2.0,4.0,,,7.0,,,,,,,,,,,,,,,,,,,2.0,,,4.0,3.0,4.0,6.0,12.0,221.0,314.0,2.0,1.0,,,,,,,,,,,,,,,,,,,,,,
11,266345,2008-11-01 15:00:00,"Stamford Bridge, London",,Away,Sunderland,Chelsea,0,5,L,0,3,0,0,,,54.0,2.0,,15.0,24.0,,,1.0,8.0,1.0,,144.0,40.0,1.0,8.0,,,,16.0,19.0,10.0,,17.0,9.0,163.0,1.0,0.0,100.0,11.0,2.0,,48.0,41.0,,2.0,16.0,7.0,1.0,130.0,11.0,580.0,1.0,6.0,,21.0,20.0,5.0,12.0,1.0,7.0,1.0,20.0,85.0,8411,113.0,9.0,132.0,9.0,56.0,2.0,1.0,6.0,12.0,2.0,,41.0,275.0,5.0,9.0,28.0,82.0,,0.0,4.0,5.0,2.0,0.0,1.0,,30.2,15.0,,6.0,,39.0,,,349.0,21.0,15.0,4.0,1.0,10.0,,233.0,1.0,17.0,3.0,58.0,24.0,2.0,7.0,24.0,3.0,21.0,2.0,,,,,,,,,,,,,,,,,,,,1.0,,,,,2.0,,,,,,,,5.0,,,,,,,,,,,,,,,,,,,,,,,,,,1.0,,,,,1.0,,,,,,,,,,,,,,,,,,,,,,,,,,,,,,,,,
12,266361,2008-11-08 15:00:00,"Stadium of Light, Sunderland",,Home,Sunderland,Portsmouth,1,2,L,1,0,0,0,1.0,1.0,68.0,,1.0,32.0,26.0,6.0,4.0,4.0,8.0,7.0,5.0,163.0,74.0,9.0,16.0,2.0,1.0,,29.0,35.0,14.0,8.0,31.0,17.0,171.0,,0.0,115.0,10.0,,,43.0,40.0,6.0,2.0,21.0,12.0,2.0,151.0,3.0,752.0,6.0,12.0,1.0,10.0,25.0,9.0,14.0,2.0,3.0,1.0,19.0,96.0,8411,219.0,7.0,236.0,9.0,59.0,4.0,7.0,5.0,8.0,4.0,1.0,66.0,386.0,10.0,10.0,38.0,102.0,1.0,0.0,3.0,2.0,5.0,0.0,4.0,1.0,51.9,14.0,9.0,5.0,1.0,56.0,8.0,,472.0,10.0,13.0,11.0,3.0,25.0,,265.0,4.0,28.0,13.0,65.0,27.0,2.0,8.0,42.0,3.0,18.0,2.0,8.0,,,1.0,,,1.0,1.0,,2.0,1.0,,1.0,,,,1.0,,1.0,3.0,,1.0,,1.0,1.0,,1.0,1.0,,,1.0,,1.0,1.0,,,2.0,1.0,,,,,1.0,,,1.0,,,,1.0,,1.0,1.0,1.0,1.0,,,,1.0,,,1.0,,,,,,,,,,,,,,1.0,,,,,,,,,,,,,,,,,,,,,
13,266365,2008-11-15 15:00:00,"Ewood Park, Blackburn",21798.0,Away,Sunderland,Blackburn Rovers,2,1,W,0,1,0,0,,1.0,64.0,3.0,4.0,30.0,53.0,4.0,4.0,10.0,6.0,11.0,5.0,191.0,56.0,16.0,21.0,2.0,2.0,1.0,33.0,19.0,32.0,8.0,11.0,25.0,134.0,2.0,0.0,132.0,11.0,3.0,1.0,34.0,43.0,7.0,1.0,25.0,12.0,2.0,170.0,10.0,591.0,8.0,11.0,1.0,15.0,23.0,10.0,27.0,4.0,6.0,4.0,30.0,91.0,8411,97.0,13.0,119.0,8.0,53.0,6.0,3.0,5.0,9.0,1.0,,87.0,221.0,10.0,5.0,60.0,100.0,,0.0,11.0,1.0,1.0,0.0,8.0,3.0,46.7,19.0,9.0,5.0,6.0,34.0,9.0,1.0,337.0,14.0,11.0,15.0,5.0,51.0,2.0,251.0,8.0,10.0,19.0,65.0,22.0,5.0,13.0,21.0,3.0,12.0,5.0,9.0,1.0,,2.0,1.0,2.0,1.0,1.0,,1.0,,,,1.0,,1.0,1.0,1.0,1.0,4.0,,2.0,2.0,5.0,4.0,2.0,,1.0,1.0,2.0,2.0,,1.0,,,,1.0,3.0,3.0,3.0,,6.0,3.0,1.0,10.0,,,,,,1.0,1.0,,,,,,1.0,,1.0,,,,,1.0,,11.0,6.0,1.0,5.0,26.0,213.0,318.0,4.0,1.0,,1.0,1.0,3.0,1.0,1.0,1.0,1.0,1.0,1.0,,,,,,,,,,,,
14,266381,2008-11-23 16:00:00,"Stadium of Light, Sunderland",,Home,Sunderland,West Ham United,0,1,L,0,1,0,0,,1.0,101.0,,1.0,40.0,21.0,8.0,3.0,9.0,8.0,15.0,2.0,207.0,58.0,18.0,23.0,2.0,1.0,7.0,58.0,18.0,11.0,3.0,22.0,52.0,243.0,1.0,0.0,204.0,13.0,,1.0,81.0,93.0,4.0,2.0,55.0,32.0,5.0,197.0,4.0,840.0,15.0,26.0,1.0,22.0,17.0,9.0,13.0,2.0,5.0,11.0,34.0,114.0,8411,158.0,21.0,170.0,5.0,64.0,6.0,1.0,6.0,7.0,2.0,1.0,74.0,392.0,16.0,2.0,32.0,88.0,,0.0,2.0,1.0,7.0,0.0,9.0,7.0,58.4,24.0,27.0,6.0,3.0,45.0,4.0,1.0,499.0,21.0,13.0,33.0,13.0,57.0,7.0,387.0,8.0,21.0,10.0,127.0,49.0,1.0,7.0,24.0,3.0,21.0,1.0,4.0,,,,,2.0,1.0,,,,,,,,,,1.0,,,2.0,,,,,,,1.0,,6.0,,,,1.0,3.0,,,,1.0,,,,,1.0,,,,,1.0,,,,,,,1.0,1.0,,1.0,,,,,,,,,,,,,,,,,,,,,,,,,1.0,,,,,,,,,,,,,,
15,266391,2008-11-29 15:00:00,"Stadium of Light, Sunderland",,Home,Sunderland,Bolton Wanderers,1,4,L,1,3,0,0,,2.0,87.0,1.0,2.0,34.0,36.0,11.0,4.0,7.0,9.0,14.0,5.0,182.0,51.0,16.0,17.0,,2.0,1.0,37.0,13.0,17.0,3.0,26.0,38.0,260.0,1.0,0.0,180.0,10.0,2.0,1.0,59.0,80.0,9.0,,34.0,15.0,3.0,163.0,9.0,916.0,13.0,15.0,,12.0,29.0,9.0,29.0,4.0,1.0,5.0,29.0,110.0,8411,253.0,17.0,270.0,7.0,56.0,7.0,4.0,11.0,5.0,3.0,,62.0,506.0,5.0,6.0,31.0,110.0,1.0,0.0,6.0,4.0,4.0,0.0,6.0,,68.9,28.0,11.0,11.0,6.0,70.0,5.0,1.0,606.0,12.0,15.0,16.0,5.0,30.0,2.0,373.0,11.0,26.0,21.0,118.0,35.0,2.0,15.0,16.0,3.0,18.0,2.0,5.0,,1.0,1.0,,4.0,,1.0,,4.0,,,1.0,,,,,,1.0,4.0,1.0,1.0,,1.0,2.0,1.0,,1.0,,1.0,1.0,,4.0,3.0,,,2.0,1.0,,,,,1.0,,,,,,,,,,,,1.0,,,,2.0,,,,,,,,,,,,,,,,,,,,,,1.0,,,,,,,,,,,,,,,,
16,266400,2008-12-06 17:30:00,"Old Trafford, Manchester",75400.0,Away,Sunderland,Manchester United,0,1,L,0,0,0,0,,,49.0,3.0,1.0,13.0,46.0,1.0,,1.0,11.0,1.0,,167.0,62.0,3.0,13.0,,,,8.0,24.0,24.0,,11.0,11.0,50.0,,0.0,63.0,9.0,3.0,4.0,22.0,31.0,1.0,5.0,8.0,6.0,,144.0,15.0,543.0,,22.0,,30.0,17.0,10.0,23.0,0.0,7.0,,15.0,48.0,8411,106.0,2.0,135.0,17.0,45.0,4.0,,2.0,16.0,6.0,,51.0,155.0,9.0,7.0,53.0,90.0,,0.0,10.0,1.0,7.0,0.0,1.0,,27.7,10.0,5.0,2.0,3.0,27.0,1.0,4.0,260.0,29.0,9.0,6.0,,11.0,,133.0,3.0,9.0,9.0,21.0,15.0,11.0,11.0,33.0,3.0,18.0,12.0,1.0,,,,1.0,2.0,,,,,,,,1.0,,,,,,1.0,,,1.0,1.0,4.0,,,,,,,,1.0,,,,,,,,,,,,,,,,,,,,,,1.0,,,1.0,,,,,,1.0,,,,,,,,,,,,,,,,,,,,,,,,,,,,,,,,,
17,266411,2008-12-13 15:00:00,"Stadium of Light, Sunderland",36280.0,Home,Sunderland,West Bromwich Albion,4,0,W,3,0,0,0,,1.0,58.0,3.0,,20.0,45.0,7.0,4.0,6.0,5.0,14.0,11.0,150.0,62.0,18.0,10.0,5.0,3.0,3.0,21.0,17.0,27.0,,18.0,22.0,123.0,1.0,0.0,118.0,10.0,,1.0,46.0,37.0,9.0,3.0,21.0,8.0,5.0,132.0,4.0,625.0,12.0,19.0,,18.0,20.0,12.0,27.0,1.0,10.0,5.0,22.0,80.0,8411,131.0,10.0,149.0,9.0,38.0,2.0,4.0,6.0,12.0,3.0,,61.0,248.0,16.0,8.0,44.0,86.0,3.0,0.0,11.0,,6.0,0.0,6.0,3.0,45.9,20.0,10.0,6.0,,39.0,1.0,1.0,342.0,18.0,8.0,10.0,7.0,21.0,2.0,214.0,11.0,14.0,17.0,63.0,21.0,7.0,16.0,24.0,2.0,8.0,7.0,1.0,1.0,,4.0,,,,2.0,,2.0,,1.0,,,,,,3.0,2.0,1.0,1.0,2.0,,,,4.0,,2.0,1.0,,3.0,2.0,,,,,6.0,2.0,,,,,2.0,,,2.0,1.0,,,,,,,,1.0,,1.0,2.0,,,,,,,,,,,,,,,,,,,2.0,,,,,,,,,1.0,1.0,,,,,,,,,,
18,266419,2008-12-20 15:00:00,"The MKM Stadium, Hull",24917.0,Away,Sunderland,Hull City,4,1,W,1,1,0,1,,,58.0,3.0,1.0,17.0,43.0,8.0,4.0,8.0,11.0,14.0,6.0,168.0,70.0,16.0,13.0,,2.0,3.0,28.0,18.0,26.0,6.0,17.0,23.0,141.0,,0.0,120.0,11.0,3.0,,34.0,45.0,8.0,1.0,22.0,8.0,4.0,151.0,7.0,573.0,8.0,14.0,,12.0,17.0,11.0,29.0,1.0,3.0,6.0,18.0,98.0,8411,109.0,10.0,123.0,10.0,52.0,4.0,1.0,4.0,9.0,4.0,1.0,56.0,242.0,20.0,2.0,49.0,100.0,,0.0,6.0,1.0,3.0,0.0,5.0,2.0,51.6,15.0,5.0,4.0,2.0,51.0,6.0,,336.0,12.0,12.0,7.0,8.0,20.0,4.0,241.0,8.0,15.0,14.0,53.0,29.0,2.0,15.0,25.0,3.0,26.0,2.0,6.0,1.0,1.0,4.0,1.0,1.0,,3.0,,3.0,2.0,1.0,1.0,1.0,,,,,3.0,1.0,1.0,2.0,3.0,2.0,3.0,2.0,,3.0,1.0,3.0,2.0,1.0,1.0,4.0,1.0,1.0,3.0,2.0,1.0,2.0,4.0,4.0,2.0,,10.0,1.0,,,,,,,,1.0,3.0,,,5.0,,,,,,,1.0,,,,6.0,,,,,,1.0,,,,,,,3.0,,,,,,1.0,,,,,,,,,
19,266431,2008-12-26 15:00:00,"Stadium of Light, Sunderland",44680.0,Home,Sunderland,Blackburn Rovers,0,0,D,0,0,0,0,,1.0,74.0,1.0,3.0,27.0,38.0,11.0,9.0,11.0,6.0,9.0,2.0,205.0,50.0,18.0,9.0,1.0,,1.0,41.0,18.0,18.0,3.0,12.0,23.0,196.0,2.0,0.0,163.0,5.0,2.0,2.0,52.0,57.0,7.0,1.0,38.0,25.0,4.0,185.0,5.0,712.0,8.0,21.0,,11.0,16.0,9.0,27.0,0.0,1.0,2.0,33.0,96.0,8411,107.0,11.0,127.0,10.0,44.0,4.0,6.0,4.0,4.0,4.0,2.0,59.0,292.0,10.0,5.0,46.0,83.0,,0.0,2.0,,6.0,0.0,9.0,1.0,54.9,25.0,17.0,4.0,9.0,33.0,5.0,2.0,402.0,10.0,9.0,6.0,7.0,34.0,3.0,316.0,7.0,11.0,10.0,99.0,32.0,1.0,12.0,24.0,3.0,22.0,1.0,5.0,,,,1.0,6.0,,,,1.0,,,1.0,1.0,,,,,,1.0,,,1.0,,1.0,,,,1.0,2.0,,,,2.0,,,1.0,,,,,,,,,,1.0,,,,,1.0,,,2.0,,,2.0,,,,,,,,,,,,,,,,,,,,,,,,,,,,,,,,,,,,,,,
20,266437,2008-12-28 14:00:00,"Goodison Park, Liverpool",39146.0,Away,Sunderland,Everton,0,3,L,0,2,0,0,1.0,,56.0,,,11.0,57.0,6.0,2.0,7.0,5.0,8.0,2.0,163.0,52.0,10.0,15.0,,1.0,1.0,26.0,17.0,33.0,1.0,15.0,15.0,164.0,1.0,0.0,121.0,10.0,,1.0,68.0,29.0,4.0,1.0,25.0,13.0,1.0,139.0,7.0,581.0,6.0,13.0,,11.0,20.0,3.0,37.0,4.0,5.0,4.0,14.0,77.0,7015,122.0,11.0,140.0,12.0,45.0,2.0,2.0,1.0,9.0,4.0,,49.0,279.0,8.0,5.0,33.0,90.0,1.0,0.0,8.0,3.0,5.0,0.0,7.0,3.0,42.4,12.0,11.0,1.0,4.0,41.0,2.0,1.0,372.0,11.0,5.0,10.0,4.0,21.0,3.0,258.0,5.0,11.0,19.0,70.0,22.0,2.0,19.0,20.0,3.0,15.0,2.0,2.0,,,,2.0,4.0,,,,2.0,,,,2.0,,,,,,,2.0,,2.0,,1.0,,,,3.0,,,,2.0,2.0,,,2.0,,,,1.0,2.0,,,6.0,,,,,,,,,,1.0,,,2.0,,,,,,,,,,,4.0,,,,,,,,,,,,,,,,,,,,1.0,1.0,1.0,1.0,,,,,
21,266449,2009-01-10 15:00:00,"Riverside Stadium, Middlesbrough",29310.0,Away,Sunderland,Middlesbrough,1,1,D,0,1,0,0,,,57.0,2.0,1.0,26.0,41.0,4.0,4.0,8.0,6.0,11.0,2.0,176.0,51.0,12.0,12.0,1.0,,,31.0,17.0,24.0,7.0,16.0,18.0,153.0,,0.0,120.0,13.0,,,40.0,34.0,5.0,,24.0,11.0,3.0,159.0,4.0,624.0,8.0,16.0,1.0,11.0,19.0,16.0,28.0,4.0,,6.0,20.0,78.0,8411,120.0,11.0,139.0,9.0,49.0,2.0,5.0,2.0,6.0,5.0,2.0,56.0,265.0,11.0,4.0,49.0,103.0,,0.0,2.0,1.0,7.0,0.0,6.0,4.0,49.3,15.0,3.0,2.0,3.0,54.0,7.0,,367.0,11.0,8.0,8.0,7.0,21.0,4.0,259.0,4.0,15.0,13.0,67.0,28.0,2.0,17.0,21.0,3.0,18.0,2.0,7.0,,,1.0,1.0,2.0,,1.0,,,,,1.0,1.0,,,,2.0,1.0,,,,2.0,,,1.0,,1.0,3.0,2.0,1.0,,1.0,3.0,,1.0,,1.0,,,,,1.0,,,,,,1.0,,,,,,,,,1.0,,,,,1.0,,,,,,,,,,,,,,1.0,,,,,,,,,,,,,,,,,,,,
22,266460,2009-01-17 15:00:00,"Stadium of Light, Sunderland",40350.0,Home,Sunderland,Aston Villa,1,2,L,1,0,0,1,,1.0,61.0,,2.0,18.0,28.0,2.0,1.0,7.0,6.0,10.0,5.0,196.0,74.0,13.0,10.0,3.0,3.0,4.0,29.0,21.0,17.0,7.0,9.0,47.0,149.0,2.0,0.0,132.0,14.0,1.0,4.0,50.0,53.0,6.0,,22.0,11.0,1.0,185.0,5.0,604.0,6.0,17.0,1.0,15.0,14.0,11.0,14.0,4.0,1.0,4.0,26.0,86.0,8411,79.0,7.0,102.0,7.0,53.0,2.0,3.0,3.0,2.0,4.0,,55.0,221.0,19.0,5.0,40.0,96.0,,0.0,6.0,2.0,2.0,0.0,4.0,6.0,49.0,17.0,13.0,3.0,2.0,39.0,8.0,4.0,345.0,15.0,19.0,19.0,6.0,26.0,5.0,272.0,5.0,8.0,22.0,69.0,26.0,2.0,7.0,27.0,3.0,11.0,2.0,8.0,,,1.0,,,,,,1.0,,,1.0,,,,,,1.0,1.0,1.0,,3.0,3.0,1.0,1.0,,1.0,4.0,3.0,,1.0,2.0,,,,2.0,,,,,,,,,,,,,1.0,,,1.0,,,,,2.0,,,,,,,,,,,,,,,,,,1.0,,,,,,,,,,,,,,,,,1.0,1.0,1.0,1.0,
23,266465,2009-01-27 19:45:00,"Stadium of Light, Sunderland",36539.0,Home,Sunderland,Fulham,1,0,W,0,0,0,0,,2.0,93.0,2.0,3.0,27.0,29.0,10.0,7.0,3.0,9.0,6.0,8.0,215.0,68.0,19.0,26.0,5.0,3.0,,27.0,11.0,14.0,2.0,14.0,40.0,167.0,,0.0,155.0,3.0,,2.0,59.0,48.0,3.0,,25.0,14.0,4.0,200.0,5.0,757.0,6.0,27.0,,27.0,17.0,13.0,19.0,0.0,9.0,3.0,31.0,97.0,8411,126.0,9.0,158.0,9.0,56.0,6.0,2.0,9.0,14.0,3.0,,62.0,290.0,10.0,3.0,47.0,114.0,2.0,0.0,1.0,,11.0,0.0,3.0,,48.3,21.0,16.0,9.0,7.0,63.0,3.0,2.0,423.0,27.0,16.0,22.0,4.0,30.0,,292.0,12.0,12.0,30.0,85.0,46.0,,6.0,19.0,3.0,18.0,,3.0,1.0,,1.0,1.0,4.0,,,,2.0,,,,1.0,,,,2.0,,2.0,,1.0,,,,1.0,,,,,1.0,,,2.0,,,5.0,1.0,,,,,1.0,,,,1.0,,,,,,,,,,2.0,3.0,,,,,,,,,,,,,,,,,,,1.0,,,,,,,,,,,,,,,,,,,,
24,266482,2009-02-01 13:30:00,"St. James' Park, Newcastle",52084.0,Away,Sunderland,Newcastle United,1,1,D,1,0,0,0,,1.0,59.0,,1.0,24.0,49.0,7.0,10.0,2.0,4.0,10.0,5.0,175.0,55.0,16.0,15.0,4.0,4.0,,13.0,14.0,25.0,3.0,17.0,32.0,111.0,,0.0,110.0,22.0,,4.0,34.0,24.0,5.0,2.0,10.0,1.0,5.0,150.0,13.0,590.0,10.0,14.0,,20.0,19.0,10.0,27.0,4.0,6.0,5.0,21.0,85.0,8411,109.0,7.0,128.0,10.0,68.0,10.0,1.0,4.0,2.0,4.0,1.0,63.0,218.0,13.0,7.0,42.0,96.0,,0.0,4.0,1.0,5.0,0.0,1.0,,45.6,15.0,4.0,5.0,3.0,40.0,3.0,4.0,318.0,20.0,11.0,15.0,8.0,18.0,3.0,203.0,6.0,14.0,15.0,45.0,28.0,5.0,16.0,23.0,3.0,18.0,6.0,3.0,1.0,,1.0,1.0,2.0,,,,,,,,1.0,,,,2.0,,1.0,1.0,,,2.0,3.0,1.0,,,,1.0,1.0,,1.0,5.0,,1.0,3.0,2.0,,,,,2.0,,,1.0,,,,1.0,,,1.0,,1.0,,,1.0,,,,,1.0,,,,,,,,,,,,,1.0,,,,,,,,,,,,,,,,,,,,,
25,266489,2009-02-07 15:00:00,"Stadium of Light, Sunderland",38350.0,Home,Sunderland,Stoke City,2,0,W,0,0,0,1,,1.0,77.0,1.0,1.0,28.0,49.0,3.0,5.0,9.0,5.0,14.0,6.0,172.0,40.0,15.0,8.0,4.0,2.0,3.0,42.0,10.0,29.0,2.0,22.0,25.0,253.0,1.0,0.0,147.0,7.0,,3.0,97.0,70.0,8.0,,40.0,18.0,2.0,152.0,4.0,773.0,12.0,9.0,3.0,6.0,19.0,5.0,37.0,2.0,1.0,6.0,26.0,78.0,9540,153.0,18.0,170.0,6.0,30.0,2.0,1.0,9.0,3.0,3.0,1.0,55.0,397.0,9.0,1.0,24.0,90.0,2.0,0.0,3.0,,5.0,0.0,9.0,5.0,62.0,22.0,14.0,9.0,2.0,49.0,3.0,3.0,494.0,6.0,12.0,8.0,7.0,29.0,5.0,366.0,5.0,21.0,13.0,97.0,34.0,1.0,21.0,13.0,3.0,7.0,1.0,3.0,,,2.0,,1.0,,2.0,,,,,,,,,,2.0,2.0,1.0,,,,,,2.0,,1.0,1.0,,2.0,1.0,,,,,,1.0,,,,,1.0,,,,1.0,,,,,,,,1.0,,,,,,,,1.0,,,,,,,,,,,,,,2.0,,,,,,,,,,,,,,,,,,,,
26,266494,2009-02-21 15:00:00,"Emirates Stadium, London",60104.0,Away,Sunderland,Arsenal,0,0,D,0,0,0,0,,,55.0,4.0,,13.0,36.0,2.0,1.0,1.0,7.0,2.0,2.0,171.0,59.0,3.0,10.0,1.0,,,13.0,20.0,19.0,1.0,17.0,24.0,154.0,,0.0,122.0,12.0,4.0,4.0,43.0,58.0,1.0,2.0,12.0,5.0,1.0,154.0,11.0,674.0,2.0,18.0,,29.0,16.0,10.0,24.0,2.0,3.0,1.0,22.0,80.0,9540,155.0,7.0,177.0,13.0,56.0,2.0,1.0,2.0,6.0,5.0,1.0,43.0,308.0,7.0,5.0,44.0,87.0,,0.0,8.0,,6.0,0.0,1.0,,38.8,12.0,9.0,2.0,,40.0,3.0,4.0,402.0,29.0,20.0,15.0,1.0,15.0,,238.0,2.0,16.0,15.0,79.0,17.0,5.0,16.0,30.0,3.0,16.0,5.0,3.0,,,,,,,,,1.0,,,,,,,,,,,,,,1.0,3.0,,,,,,,,,,,,2.0,,,,,,,,,,1.0,,,,,1.0,,,3.0,,1.0,2.0,,,,,,,,,,,,,,,,,,,,,,,,,,,1.0,,,,,,,,,,,,
28,266521,2009-03-03 20:00:00,"Anfield, Liverpool",,Away,Sunderland,Liverpool,0,2,L,0,0,0,0,,,56.0,3.0,,18.0,35.0,3.0,1.0,,8.0,3.0,2.0,161.0,44.0,7.0,10.0,1.0,1.0,1.0,12.0,13.0,19.0,2.0,18.0,36.0,108.0,,0.0,113.0,6.0,4.0,,39.0,46.0,2.0,1.0,10.0,5.0,2.0,145.0,19.0,588.0,3.0,16.0,,23.0,15.0,5.0,11.0,1.0,10.0,1.0,24.0,75.0,9540,118.0,4.0,142.0,17.0,52.0,1.0,2.0,4.0,12.0,6.0,2.0,46.0,226.0,9.0,16.0,22.0,77.0,,0.0,7.0,2.0,5.0,0.0,,,37.4,21.0,9.0,4.0,1.0,37.0,2.0,,323.0,23.0,11.0,15.0,4.0,17.0,2.0,193.0,6.0,15.0,8.0,53.0,26.0,2.0,4.0,19.0,3.0,17.0,2.0,2.0,,,,,1.0,,,,1.0,,,1.0,,,,,,,,1.0,,,1.0,3.0,,,,,,,,2.0,1.0,,,2.0,2.0,,,,,2.0,,,,,,1.0,,,,,,1.0,,,,1.0,,,,,,,,,,,,,,,,,,,,,,,,,,,,,,,,,,,,,,
28,266512,2009-03-07 15:00:00,"Stadium of Light, Sunderland",37894.0,Home,Sunderland,Tottenham Hotspur,1,1,D,1,0,0,0,,,62.0,1.0,1.0,20.0,43.0,4.0,4.0,2.0,6.0,7.0,2.0,188.0,54.0,10.0,6.0,1.0,1.0,2.0,25.0,18.0,26.0,3.0,11.0,26.0,158.0,,0.0,148.0,18.0,1.0,,53.0,68.0,3.0,2.0,22.0,9.0,3.0,171.0,9.0,612.0,7.0,14.0,,21.0,14.0,8.0,28.0,3.0,2.0,4.0,26.0,95.0,9540,80.0,11.0,96.0,10.0,43.0,4.0,5.0,2.0,5.0,2.0,1.0,54.0,236.0,9.0,6.0,44.0,89.0,,0.0,1.0,1.0,2.0,0.0,2.0,2.0,43.4,14.0,10.0,2.0,2.0,34.0,4.0,,345.0,21.0,9.0,10.0,6.0,30.0,3.0,274.0,4.0,10.0,16.0,77.0,27.0,2.0,14.0,23.0,3.0,11.0,2.0,4.0,1.0,1.0,1.0,,1.0,,,,,,1.0,,,,,,,,3.0,2.0,1.0,,,3.0,1.0,,,2.0,,,,1.0,3.0,,,1.0,,,,,,,,,,,,,,,,,,1.0,,,2.0,,,,,,,,,,,,,,,,,,,,,,,,,,,,,,,,,,,,,,,
29,266532,2009-03-14 15:00:00,"Stadium of Light, Sunderland",39266.0,Home,Sunderland,Wigan Athletic,1,2,L,1,2,0,0,1.0,1.0,61.0,1.0,2.0,23.0,50.0,6.0,3.0,7.0,3.0,6.0,3.0,186.0,49.0,10.0,14.0,,1.0,2.0,29.0,16.0,23.0,4.0,10.0,38.0,149.0,2.0,0.0,144.0,9.0,2.0,,30.0,35.0,5.0,,25.0,15.0,3.0,159.0,6.0,691.0,5.0,24.0,,13.0,21.0,8.0,33.0,0.0,1.0,1.0,27.0,85.0,9540,159.0,8.0,181.0,11.0,45.0,2.0,4.0,10.0,4.0,8.0,,43.0,301.0,11.0,3.0,26.0,94.0,1.0,0.0,2.0,2.0,10.0,0.0,6.0,,57.9,19.0,8.0,10.0,2.0,52.0,6.0,,403.0,13.0,13.0,18.0,5.0,42.0,2.0,251.0,7.0,9.0,10.0,84.0,22.0,4.0,15.0,25.0,3.0,10.0,4.0,6.0,1.0,,1.0,,,,1.0,,2.0,1.0,1.0,,,,,,,1.0,1.0,,1.0,,,1.0,,,1.0,,1.0,,,1.0,1.0,,,1.0,,,,,,,,,1.0,,,,,,,,,,,,,,,,,,,,,,,,,,,,,,,,,,,1.0,,,,,,,,,,,,,,,,
30,266537,2009-03-22 15:00:00,"Etihad Stadium, Manchester",43017.0,Away,Sunderland,Manchester City,0,1,L,0,0,1,0,,,46.0,1.0,,14.0,28.0,6.0,,4.0,3.0,6.0,3.0,140.0,42.0,8.0,7.0,,1.0,2.0,22.0,12.0,18.0,8.0,11.0,17.0,88.0,1.0,0.0,95.0,15.0,3.0,,33.0,32.0,2.0,2.0,14.0,7.0,2.0,130.0,13.0,446.0,5.0,11.0,,15.0,14.0,8.0,14.0,5.0,4.0,4.0,13.0,64.0,9540,76.0,5.0,93.0,13.0,42.0,,,1.0,8.0,3.0,,47.0,160.0,16.0,8.0,36.0,69.0,1.0,0.0,7.0,1.0,2.0,1.0,2.0,2.0,34.9,5.0,7.0,1.0,1.0,23.0,8.0,,241.0,15.0,10.0,6.0,4.0,30.0,2.0,170.0,6.0,9.0,7.0,49.0,20.0,2.0,11.0,16.0,3.0,6.0,2.0,8.0,,,,1.0,1.0,,,,3.0,,,,1.0,,,,,,,1.0,,1.0,,7.0,,,,2.0,2.0,,,1.0,1.0,,,3.0,,,,,,,,,,,,,1.0,,,1.0,,,,1.0,,,,,,,,,,,,,,,,,,,,,,,,,,,,,,,,,,,,,,,,1.0
31,266553,2009-04-04 15:00:00,"Boleyn Ground, London",34761.0,Away,Sunderland,West Ham United,0,2,L,0,1,0,0,,3.0,47.0,1.0,1.0,29.0,31.0,9.0,5.0,5.0,7.0,14.0,8.0,171.0,51.0,16.0,7.0,1.0,6.0,2.0,27.0,20.0,15.0,8.0,13.0,24.0,200.0,1.0,0.0,161.0,7.0,3.0,,67.0,74.0,8.0,2.0,19.0,5.0,3.0,155.0,11.0,664.0,13.0,13.0,,17.0,13.0,6.0,17.0,1.0,6.0,6.0,36.0,80.0,8411,102.0,12.0,110.0,7.0,41.0,1.0,2.0,2.0,7.0,2.0,,54.0,297.0,10.0,3.0,32.0,85.0,1.0,0.0,11.0,2.0,4.0,0.0,3.0,1.0,49.4,28.0,12.0,2.0,2.0,40.0,8.0,,390.0,16.0,19.0,11.0,6.0,24.0,3.0,307.0,10.0,13.0,8.0,105.0,17.0,2.0,7.0,26.0,2.0,13.0,2.0,8.0,1.0,,,1.0,1.0,,,,7.0,,,,1.0,,1.0,,,,1.0,2.0,,1.0,1.0,3.0,,,,1.0,2.0,,,2.0,3.0,,,5.0,,,,,,,,,,,,,,1.0,1.0,,,,,,1.0,,,,,,1.0,,,,,,,,,,,,,,,,,1.0,,,,,,,,,,,,,,,,
32,266561,2009-04-11 15:00:00,"Stadium of Light, Sunderland",45408.0,Home,Sunderland,Manchester United,1,2,L,0,1,0,0,,,47.0,,3.0,21.0,37.0,8.0,3.0,11.0,3.0,13.0,4.0,148.0,41.0,19.0,18.0,2.0,2.0,2.0,30.0,16.0,16.0,5.0,7.0,35.0,118.0,,0.0,103.0,7.0,,,29.0,49.0,8.0,3.0,25.0,10.0,1.0,127.0,10.0,533.0,10.0,12.0,2.0,17.0,5.0,9.0,22.0,1.0,7.0,5.0,25.0,62.0,9540,102.0,13.0,114.0,14.0,42.0,,,3.0,10.0,6.0,,45.0,209.0,4.0,6.0,32.0,80.0,,0.0,4.0,2.0,3.0,0.0,9.0,3.0,35.6,15.0,12.0,3.0,9.0,36.0,5.0,,287.0,17.0,9.0,22.0,6.0,24.0,5.0,203.0,12.0,7.0,17.0,61.0,25.0,5.0,8.0,17.0,3.0,5.0,5.0,5.0,,,1.0,1.0,6.0,,,,1.0,,,,1.0,,,,,,,,1.0,3.0,,1.0,1.0,,,1.0,2.0,1.0,,2.0,4.0,,1.0,1.0,1.0,,,,,1.0,,,,,,,,,1.0,,,,1.0,,1.0,,,,,,,,,,,,,,,,,,,1.0,,,,,,,,1.0,,,,,,,,,,,,
33,266571,2009-04-18 15:00:00,"Stadium of Light, Sunderland",42855.0,Home,Sunderland,Hull City,1,0,W,1,0,0,0,,,52.0,,,15.0,65.0,5.0,4.0,7.0,2.0,5.0,3.0,196.0,59.0,10.0,20.0,,1.0,,22.0,12.0,25.0,2.0,13.0,23.0,129.0,,0.0,132.0,12.0,,3.0,46.0,43.0,2.0,,20.0,3.0,1.0,156.0,8.0,551.0,4.0,23.0,,8.0,10.0,16.0,44.0,2.0,5.0,3.0,25.0,86.0,9540,64.0,15.0,81.0,15.0,50.0,5.0,6.0,1.0,8.0,11.0,2.0,49.0,186.0,22.0,3.0,53.0,94.0,1.0,0.0,6.0,,11.0,0.0,7.0,2.0,55.2,15.0,12.0,1.0,3.0,40.0,6.0,3.0,291.0,8.0,10.0,6.0,4.0,26.0,2.0,232.0,4.0,9.0,21.0,68.0,25.0,3.0,16.0,14.0,3.0,8.0,3.0,6.0,1.0,,1.0,2.0,3.0,1.0,1.0,,2.0,,,,2.0,1.0,,1.0,,1.0,3.0,,,,2.0,2.0,1.0,,1.0,1.0,,1.0,1.0,,1.0,,,2.0,1.0,,,,,1.0,,,,1.0,,,,,,,,,,,1.0,,1.0,,,,,,,,,,,,,,,,,1.0,,,,,,,,1.0,,,,,,1.0,,,,,,
34,266582,2009-04-25 15:00:00,"The Hawthorns, West Bromwich",26256.0,Away,Sunderland,West Bromwich Albion,0,3,L,0,1,0,0,,3.0,61.0,1.0,,24.0,36.0,8.0,4.0,2.0,3.0,7.0,3.0,192.0,62.0,11.0,12.0,,,,21.0,23.0,14.0,1.0,28.0,33.0,165.0,1.0,0.0,157.0,14.0,1.0,2.0,57.0,50.0,4.0,1.0,20.0,3.0,2.0,170.0,7.0,646.0,6.0,29.0,,25.0,10.0,12.0,22.0,1.0,5.0,3.0,18.0,96.0,9540,99.0,13.0,120.0,16.0,54.0,4.0,3.0,4.0,9.0,10.0,3.0,47.0,262.0,10.0,6.0,36.0,86.0,1.0,0.0,6.0,3.0,8.0,0.0,2.0,2.0,47.7,11.0,10.0,4.0,3.0,44.0,3.0,2.0,375.0,25.0,16.0,21.0,5.0,26.0,3.0,276.0,5.0,20.0,19.0,90.0,34.0,1.0,7.0,30.0,3.0,9.0,1.0,3.0,,,,,3.0,,,,3.0,,,,,,,,,,,1.0,,1.0,,,,,,2.0,,,,3.0,1.0,,,,,,,,,,,,,,1.0,,,,1.0,,,,,,2.0,,,,,,,,,,,,,,,,,,,,,,,1.0,,,,,,,,,,,,,,,,
35,266591,2009-05-03 16:00:00,"Stadium of Light, Sunderland",41313.0,Home,Sunderland,Everton,0,2,L,0,0,0,0,,1.0,55.0,2.0,3.0,20.0,32.0,5.0,2.0,6.0,4.0,10.0,2.0,192.0,45.0,12.0,16.0,1.0,2.0,2.0,24.0,13.0,12.0,8.0,18.0,28.0,136.0,2.0,0.0,153.0,16.0,1.0,1.0,42.0,52.0,5.0,2.0,16.0,5.0,3.0,172.0,9.0,545.0,8.0,30.0,1.0,16.0,14.0,18.0,23.0,3.0,2.0,5.0,23.0,93.0,9540,60.0,10.0,79.0,8.0,56.0,3.0,2.0,4.0,3.0,5.0,1.0,60.0,190.0,12.0,8.0,63.0,93.0,,0.0,3.0,2.0,8.0,0.0,1.0,3.0,41.4,16.0,11.0,5.0,4.0,41.0,8.0,1.0,314.0,16.0,11.0,11.0,6.0,37.0,3.0,259.0,7.0,16.0,12.0,75.0,22.0,4.0,8.0,17.0,2.0,10.0,4.0,9.0,1.0,,,1.0,1.0,,,,1.0,,,,1.0,,,,,,1.0,1.0,,2.0,,2.0,,,,2.0,5.0,,,2.0,1.0,,,,,,,,,,,,,,,,,1.0,,,,,,,2.0,,,,,,,,,,,,,,,,,,,,,,,,,,,,,,,,,,,,,,,
36,266596,2009-05-09 15:00:00,"Toughsheet Community Stadium, Bolton",24005.0,Away,Sunderland,Bolton Wanderers,0,0,D,0,0,0,0,,,75.0,,,28.0,53.0,11.0,7.0,2.0,4.0,14.0,,192.0,53.0,17.0,12.0,,,2.0,20.0,16.0,32.0,2.0,28.0,35.0,248.0,1.0,0.0,176.0,5.0,1.0,4.0,72.0,63.0,4.0,2.0,18.0,6.0,7.0,171.0,4.0,815.0,14.0,10.0,,13.0,14.0,11.0,38.0,0.0,3.0,10.0,30.0,95.0,9540,149.0,12.0,175.0,6.0,50.0,4.0,1.0,8.0,4.0,,6.0,69.0,395.0,12.0,9.0,58.0,99.0,,0.0,10.0,,4.0,0.0,1.0,1.0,59.9,25.0,14.0,8.0,4.0,40.0,3.0,4.0,512.0,13.0,20.0,20.0,13.0,24.0,6.0,357.0,9.0,27.0,15.0,119.0,33.0,6.0,24.0,22.0,2.0,8.0,6.0,3.0,,,,1.0,4.0,,,,,,,,1.0,,,,1.0,,,2.0,,,1.0,1.0,,,,1.0,1.0,,,,3.0,,1.0,,,,,,,,,,,1.0,,,,,,,,,,,,,,,,,,,,,,,,,,,,,,,,,,,,,,,,,,,,,,,,,,
37,266610,2009-05-18 20:00:00,"Fratton Park, Portsmouth",20398.0,Away,Sunderland,Portsmouth,1,3,L,0,0,0,0,,2.0,80.0,,3.0,25.0,28.0,11.0,6.0,11.0,6.0,20.0,7.0,164.0,55.0,24.0,16.0,3.0,3.0,4.0,31.0,23.0,19.0,6.0,17.0,35.0,210.0,,0.0,166.0,7.0,,1.0,63.0,60.0,9.0,,25.0,13.0,8.0,155.0,8.0,695.0,16.0,9.0,1.0,16.0,18.0,10.0,20.0,0.0,2.0,11.0,14.0,92.0,9540,181.0,11.0,200.0,7.0,50.0,2.0,1.0,3.0,2.0,3.0,3.0,62.0,380.0,11.0,9.0,41.0,94.0,3.0,0.0,5.0,3.0,3.0,0.0,9.0,4.0,56.1,13.0,20.0,3.0,3.0,45.0,6.0,1.0,490.0,16.0,15.0,12.0,14.0,27.0,5.0,321.0,13.0,15.0,9.0,97.0,35.0,4.0,15.0,29.0,3.0,10.0,4.0,6.0,1.0,1.0,1.0,2.0,,1.0,1.0,,3.0,,,,2.0,1.0,,1.0,,1.0,1.0,1.0,1.0,3.0,,,1.0,,1.0,2.0,2.0,1.0,,3.0,6.0,,1.0,3.0,2.0,,2.0,1.0,11.0,2.0,2.0,18.0,,,,,,1.0,,,1.0,,,,,2.0,1.0,,,,,,,,,4.0,,,,,,,,,,,1.0,,1.0,,,,,,1.0,,1.0,,1.0,,,,,
38,266621,2009-05-24 16:00:00,"Stadium of Light, Sunderland",42468.0,Home,Sunderland,Chelsea,2,3,L,0,0,0,0,2.0,1.0,57.0,3.0,2.0,21.0,27.0,6.0,3.0,5.0,8.0,11.0,4.0,148.0,47.0,12.0,6.0,1.0,,1.0,30.0,24.0,14.0,5.0,7.0,27.0,149.0,,0.0,111.0,8.0,3.0,1.0,52.0,47.0,9.0,3.0,25.0,13.0,1.0,135.0,9.0,580.0,8.0,4.0,,15.0,18.0,5.0,14.0,1.0,3.0,2.0,20.0,76.0,9540,97.0,10.0,108.0,10.0,36.0,2.0,3.0,3.0,10.0,1.0,,46.0,241.0,7.0,7.0,24.0,79.0,1.0,0.0,7.0,3.0,4.0,0.0,5.0,2.0,37.1,16.0,8.0,3.0,6.0,32.0,6.0,1.0,320.0,15.0,12.0,11.0,2.0,26.0,1.0,242.0,7.0,6.0,3.0,72.0,28.0,1.0,9.0,29.0,3.0,11.0,1.0,6.0,,,2.0,,4.0,,1.0,,1.0,,1.0,,,,,,,1.0,,2.0,,2.0,,4.0,2.0,,1.0,1.0,,1.0,1.0,1.0,1.0,,,1.0,,,,,,,,,,,1.0,,,,,,,,,,,,,,,1.0,,,,,,,,,,,,,,1.0,,,,,,,,,,,,,,,,,,1.0,,
