gameweek,matchId,kickoff,ground,attendance,venue,team,opponent,goalsFor,goalsAgainst,result,halfTimeFor,halfTimeAgainst,redCardsFor,redCardsAgainst,attLfTarget,fiftyFifty,ballRecovery,savedObox,attIboxBlocked,accurateLongBalls,totalClearance,attObxCentre,attLfTotal,attemptsIbox,saves,attRfTarget,fwdPass,successfulFiftyFifty,accurateCross,wonContest,totalAttAssist,attCmissRight,ontargetScoringAtt,rightsidePass,possLostAll,duelWon,totalScoringAtt,attOboxBlocked,aerialLost,attIboxTarget,shotFastbreak,attBxRight,attSvLowCentre,attMissLeft,totalCross,wonTackle,attOboxTarget,effectiveClearance,totalCornersIntobox,totalLayoffs,totalChippedPass,attOneOnOne,accurateFwdZonePass,attMissHighRight,yellowCard,totalFinalThirdPasses,fkFoulLost,divingSave,totalFastbreak,passesLeft,passesRight,ontargetAttAssist,backwardPass,interceptionsInBox,attMissRight,totalCrossNocorner,putThrough,attemptsObox,crosses18yardplus,attOboxMiss,possLostCtrl,bigChanceCreated,attemptsConcededIbox,leftsidePass,touches,attAssistOpenplay,totalFlickOn,touchesInOppBox,attHdTarget,interception,successfulOpenPlayPass,possWonDef3rd,accurateLaunches,headClearance,totalYelCard,outfielderBlock,offtargetAttAssist,totalThrows,openPlayPass,finalThirdEntries,accurateThroughBall,fastestPlayer_playerId,attBxCentre,accurateBackZonePass,bigChanceMissed,crosses18yard,sixYardBlock,totalBackZonePass,attemptedTackleFoul,blockedPass,goalKicks,duelLost,totalThroughBall,totalOffside,accurateKeeperThrows,unsuccessfulTouch,attemptsConcededObox,accurateGoalKicks,attMissHigh,totalLongBalls,accuratePass,fkFoulWon,challengeLost,totalLaunches,attCorner,longPassOwnToOpp,attFastbreak,attSvLowRight,redCard,overrun,lostCorners,savedIbox,goalsConceded,accurateFlickOn,totalRedCard,accurateCrossNocorner,shieldBallOop,attHdTotal,possessionPercentage,accurateThrows,attHdMiss,possWonAtt3rd,attBxLeft,keeperThrows,blockedScoringAtt,longPassOwnToOppSuccess,cornerTaken,totalPass,interceptionWon,dispossessed,accurateChippedPass,shotOffTarget,penAreaEntries,accurateCornersIntobox,attIboxMiss,totalFwdZonePass,attRfTotal,accurateLayoffs,aerialWon,successfulFinalThirdPasses,possWonMid3rd,effectiveHeadClearance,totalTackle,goalsConcededIbox,attOpenplay,subsMade,totalContest,successfulPutThrough,wonCorners,fouledFinalThird,accuratePullBack,accurateKeeperSweeper,attSvHighRight,freekickCross,totalKeeperSweeper,errorLeadToShot,attSetpiece,penaltyConceded,totalPullBack,attCmissHigh,attAssistSetplay,attCmissHighRight,attSvHighCentre,penaltyFaced,penGoalsConceded,attSvLowLeft,goodHighClaim,contentiousDecision,totalHighClaim,effectiveBlockedCross,errorLeadToGoal,blockedCross,bigChanceScored,attLfGoal,attGoalLowCentre,goals,attFreekickTotal,cleanSheet,freekickTotal,accurateFreekickCross,goalsOpenplay,attCmissLeft,attIboxGoal,attFreekickMiss,attMissHighLeft,attGoalLowLeft,goalAssistOpenplay,goalAssist,attRfGoal,goalAssistIntentional,forwardGoals,goalsConcededObox,attGoalLowRight,postScoringAtt,attIboxPost,hitWoodwork,attPostHigh,goalAssistSetplay,attOboxGoal,ptsGainedLosingPos,midfielderGoals,attHdPost,defenderGoals,attCmissHighLeft,attFreekickGoal,handBall,ptsDroppedWinningPos,goalAssistDeadball,punches,attPostRight,attHdGoal,attFreekickTarget,attSvHighLeft,clearanceOffLine,secondYellow,attPostLeft,attLgCentre,attGoalHighLeft,ownGoals,attIboxOwnGoal,attFreekickPost,attOboxPost,penaltyWon,attPenGoal,foulThrowIn,attLgLeft,attGoalHighRight,goalFastbreak,attObxdRight
1,2210275,2021-08-14 15:00:00,"King Power Stadium, Leicester",31983.0,Away,Wolverhampton Wanderers,Leicester City,0,1,L,0,1,0,0,1.0,28.0,65.0,2.0,5.0,36.0,16.0,5.0,6.0,12.0,4.0,1.0,155.0,14.0,6.0,21.0,12.0,2.0,3.0,120.0,128.0,59.0,17.0,2.0,10.0,2.0,2.0,3.0,2.0,2.0,16.0,10.0,1.0,16.0,4.0,3.0,36.0,1.0,179.0,1.0,0.0,98.0,10.0,3.0,2.0,59.0,55.0,7.0,64.0,1.0,2.0,13.0,26.0,5.0,5.0,2.0,128.0,1.0,6.0,104.0,645.0,12.0,5.0,29.0,1.0,13.0,353.0,24.0,1.0,5.0,2.0,1.0,5.0,21.0,426.0,54.0,1.0,94147,7.0,193.0,1.0,8.0,1.0,222.0,7.0,26.0,3.0,42.0,2.0,4.0,4.0,16.0,3.0,2.0,2.0,58.0,366.0,6.0,7.0,7.0,1.0,60.0,2.0,1.0,0.0,3.0,5.0,2.0,1.0,2.0,0.0,5.0,1.0,3.0,43.7,20.0,2.0,5.0,1.0,6.0,7.0,44.0,4.0,443.0,13.0,4.0,16.0,7.0,21.0,1.0,5.0,237.0,8.0,3.0,12.0,69.0,29.0,5.0,20.0,1.0,16.0,3.0,32.0,7.0,4.0,,,,,,,,,,,,,,,,,,,,,,,,,,,,,,,,,,,,,,,,,,,,,,,,,,,,,,,,,,,,,,,,,,,,,,,,,,,,,,,,
2,2210290,2021-08-22 14:00:00,"Molineux Stadium, Wolverhampton",30368.0,Home,Wolverhampton Wanderers,Tottenham Hotspur,0,1,L,0,1,0,0,3.0,29.0,58.0,1.0,6.0,45.0,7.0,11.0,7.0,14.0,5.0,2.0,147.0,13.0,9.0,19.0,23.0,,6.0,126.0,141.0,72.0,25.0,4.0,12.0,4.0,1.0,2.0,2.0,2.0,35.0,18.0,2.0,7.0,3.0,5.0,42.0,1.0,232.0,2.0,0.0,174.0,9.0,2.0,1.0,68.0,95.0,14.0,66.0,2.0,2.0,32.0,17.0,11.0,12.0,5.0,141.0,1.0,7.0,131.0,709.0,21.0,7.0,38.0,1.0,14.0,380.0,18.0,4.0,5.0,1.0,2.0,9.0,28.0,455.0,56.0,2.0,94147,10.0,171.0,1.0,18.0,,187.0,8.0,17.0,4.0,48.0,5.0,2.0,4.0,16.0,1.0,4.0,3.0,69.0,394.0,7.0,9.0,15.0,5.0,66.0,1.0,2.0,0.0,2.0,4.0,4.0,1.0,5.0,0.0,7.0,1.0,3.0,57.8,27.0,2.0,7.0,2.0,4.0,10.0,43.0,5.0,470.0,14.0,14.0,24.0,9.0,41.0,2.0,4.0,318.0,15.0,5.0,17.0,132.0,27.0,5.0,29.0,1.0,18.0,3.0,23.0,6.0,5.0,2.0,3.0,3.0,1.0,2.0,3.0,1.0,2.0,1.0,5.0,2.0,2.0,1.0,1.0,1.0,1.0,,,,,,,,,,,,,,,,,,,,,,,,,,,,,,,,,,,,,,,,,,,,,,,,,,,,,,,,,,,,,,,,
3,2210300,2021-08-29 16:30:00,"Molineux Stadium, Wolverhampton",30621.0,Home,Wolverhampton Wanderers,Manchester United,0,1,L,0,0,0,0,1.0,22.0,69.0,1.0,1.0,27.0,20.0,5.0,2.0,10.0,2.0,4.0,131.0,11.0,2.0,14.0,10.0,1.0,6.0,118.0,122.0,54.0,15.0,2.0,11.0,4.0,3.0,2.0,1.0,3.0,18.0,9.0,2.0,20.0,4.0,7.0,30.0,,161.0,,0.0,107.0,7.0,,3.0,47.0,66.0,5.0,69.0,,2.0,14.0,17.0,5.0,4.0,1.0,122.0,1.0,7.0,109.0,599.0,9.0,4.0,21.0,1.0,7.0,334.0,39.0,7.0,12.0,3.0,2.0,5.0,11.0,408.0,46.0,,94147,5.0,190.0,3.0,8.0,,219.0,5.0,17.0,4.0,30.0,1.0,5.0,7.0,11.0,3.0,3.0,1.0,50.0,349.0,9.0,4.0,17.0,3.0,56.0,3.0,4.0,0.0,3.0,7.0,1.0,1.0,,0.0,1.0,,2.0,44.1,10.0,1.0,4.0,,7.0,3.0,34.0,5.0,427.0,7.0,4.0,12.0,6.0,23.0,1.0,5.0,226.0,10.0,5.0,15.0,79.0,18.0,12.0,16.0,1.0,12.0,3.0,18.0,6.0,5.0,2.0,,2.0,,2.0,2.0,,,,1.0,,1.0,,,,,1.0,2.0,1.0,2.0,1.0,1.0,1.0,,,,,,,,,,,,,,,,,,,,,,,,,,,,,,,,,,,,,,,,,,,,,,,,,,,,,,,,,
4,2210310,2021-09-11 15:00:00,"Vicarage Road, Watford",20019.0,Away,Wolverhampton Wanderers,Watford,2,0,W,0,0,0,0,1.0,26.0,51.0,,2.0,27.0,18.0,5.0,4.0,9.0,2.0,1.0,143.0,9.0,5.0,19.0,11.0,1.0,5.0,143.0,108.0,56.0,14.0,1.0,12.0,3.0,1.0,2.0,1.0,1.0,15.0,13.0,1.0,18.0,6.0,6.0,32.0,,213.0,1.0,0.0,120.0,13.0,1.0,1.0,62.0,72.0,7.0,63.0,,2.0,9.0,12.0,5.0,3.0,3.0,108.0,4.0,2.0,136.0,680.0,8.0,2.0,23.0,2.0,9.0,405.0,25.0,1.0,9.0,3.0,,4.0,13.0,461.0,56.0,2.0,94147,5.0,220.0,4.0,4.0,1.0,236.0,8.0,12.0,7.0,59.0,2.0,2.0,5.0,16.0,4.0,7.0,2.0,46.0,428.0,13.0,14.0,12.0,3.0,60.0,1.0,1.0,0.0,3.0,6.0,2.0,,1.0,0.0,2.0,,4.0,56.0,13.0,2.0,2.0,,5.0,3.0,51.0,8.0,485.0,9.0,9.0,21.0,6.0,25.0,3.0,3.0,264.0,6.0,6.0,5.0,89.0,18.0,9.0,19.0,,9.0,2.0,30.0,10.0,8.0,2.0,,1.0,1.0,2.0,1.0,,1.0,,2.0,,3.0,,,,,1.0,,,,2.0,,2.0,1.0,1.0,1.0,2.0,1.0,1.0,1.0,1.0,1.0,1.0,2.0,1.0,,,,,,,,,,,,,,,,,,,,,,,,,,,,,,,,,,,,,,,,,,,,,
5,2210320,2021-09-18 12:30:00,"Molineux Stadium, Wolverhampton",29724.0,Home,Wolverhampton Wanderers,Brentford,0,2,L,0,2,0,1,,23.0,55.0,,2.0,27.0,9.0,7.0,6.0,4.0,1.0,,154.0,8.0,4.0,20.0,8.0,,,151.0,138.0,47.0,11.0,1.0,14.0,,,1.0,,2.0,23.0,4.0,,9.0,2.0,3.0,32.0,,269.0,2.0,0.0,175.0,10.0,,,89.0,76.0,3.0,66.0,,1.0,21.0,21.0,7.0,6.0,6.0,138.0,2.0,6.0,148.0,688.0,8.0,6.0,26.0,,6.0,417.0,22.0,2.0,5.0,4.0,1.0,5.0,25.0,497.0,63.0,,94147,3.0,171.0,3.0,14.0,,192.0,7.0,21.0,9.0,47.0,3.0,2.0,2.0,16.0,3.0,8.0,2.0,47.0,436.0,6.0,8.0,14.0,1.0,65.0,,,0.0,2.0,2.0,1.0,2.0,3.0,0.0,4.0,,1.0,61.9,25.0,1.0,2.0,,3.0,3.0,37.0,4.0,519.0,6.0,8.0,17.0,8.0,25.0,,2.0,350.0,4.0,3.0,12.0,137.0,27.0,5.0,9.0,2.0,9.0,3.0,27.0,8.0,4.0,2.0,,1.0,,1.0,1.0,1.0,,1.0,2.0,1.0,,,,1.0,1.0,,1.0,,1.0,,1.0,,,,,,1.0,,1.0,,,1.0,,1.0,1.0,,,,,,,,,,,,,,,,,,,,,,,,,,,,,,,,,,,,,,,,,,,,
6,2210329,2021-09-26 14:00:00,"St. Mary's Stadium, Southampton",28002.0,Away,Wolverhampton Wanderers,Southampton,1,0,W,0,0,0,0,,24.0,71.0,3.0,2.0,29.0,34.0,,1.0,5.0,6.0,2.0,138.0,14.0,2.0,8.0,4.0,,3.0,90.0,138.0,46.0,5.0,,14.0,2.0,,2.0,,,6.0,6.0,,34.0,3.0,2.0,34.0,,152.0,,0.0,121.0,8.0,1.0,,70.0,51.0,4.0,64.0,,,3.0,16.0,,1.0,,138.0,2.0,8.0,91.0,567.0,3.0,7.0,18.0,,6.0,262.0,26.0,2.0,18.0,0.0,6.0,,19.0,352.0,66.0,,94147,2.0,133.0,1.0,2.0,,160.0,4.0,16.0,6.0,42.0,,1.0,7.0,18.0,10.0,4.0,,68.0,283.0,11.0,7.0,19.0,2.0,60.0,,,0.0,1.0,5.0,3.0,,2.0,0.0,,,,43.0,18.0,,7.0,,7.0,2.0,32.0,5.0,383.0,6.0,7.0,17.0,,15.0,2.0,,229.0,4.0,2.0,15.0,68.0,22.0,18.0,12.0,,3.0,3.0,14.0,7.0,5.0,,,1.0,1.0,,1.0,2.0,,,,,,,,,,1.0,1.0,,1.0,3.0,,3.0,1.0,,,1.0,,1.0,,,1.0,,1.0,,,1.0,1.0,1.0,1.0,1.0,1.0,,,,,,,,,,,,,,,,,,,,,,,,,,,,,,,,,,,,,,
7,2210340,2021-10-02 15:00:00,"Molineux Stadium, Wolverhampton",30483.0,Home,Wolverhampton Wanderers,Newcastle United,2,1,W,1,1,0,0,,32.0,58.0,,1.0,20.0,29.0,3.0,3.0,4.0,1.0,1.0,133.0,14.0,2.0,13.0,7.0,,3.0,140.0,114.0,54.0,7.0,,14.0,,1.0,2.0,,1.0,5.0,17.0,1.0,29.0,,6.0,25.0,,201.0,,0.0,95.0,15.0,1.0,1.0,43.0,66.0,4.0,76.0,2.0,,5.0,15.0,3.0,3.0,2.0,114.0,2.0,5.0,111.0,658.0,5.0,5.0,11.0,,13.0,380.0,31.0,1.0,10.0,0.0,3.0,3.0,23.0,448.0,41.0,1.0,94147,1.0,189.0,1.0,1.0,,213.0,9.0,15.0,4.0,60.0,2.0,2.0,4.0,19.0,3.0,2.0,1.0,45.0,388.0,5.0,17.0,14.0,,70.0,1.0,,0.0,2.0,4.0,1.0,1.0,2.0,0.0,2.0,,,51.9,21.0,,1.0,1.0,4.0,1.0,43.0,,460.0,13.0,8.0,11.0,3.0,8.0,,,252.0,4.0,6.0,11.0,72.0,21.0,10.0,25.0,,7.0,2.0,19.0,7.0,,1.0,,,1.0,1.0,,,,,,,,,,,,,,,,4.0,,4.0,1.0,1.0,,2.0,,,,,2.0,1.0,2.0,,,1.0,2.0,2.0,1.0,2.0,2.0,1.0,1.0,1.0,1.0,1.0,1.0,,,,,,,,,,,,,,,,,,,,,,,,,,,,,,,,
8,2210342,2021-10-16 15:00:00,"Villa Park, Birmingham",41951.0,Away,Wolverhampton Wanderers,Aston Villa,3,2,W,0,0,0,0,,27.0,56.0,,1.0,24.0,20.0,3.0,3.0,6.0,3.0,1.0,144.0,14.0,1.0,8.0,7.0,,4.0,100.0,138.0,35.0,9.0,1.0,14.0,1.0,,,1.0,1.0,21.0,4.0,,20.0,6.0,5.0,37.0,,159.0,,0.0,127.0,17.0,1.0,,52.0,46.0,4.0,70.0,,,15.0,18.0,3.0,7.0,1.0,138.0,3.0,10.0,101.0,584.0,5.0,1.0,21.0,,9.0,314.0,15.0,2.0,15.0,3.0,2.0,3.0,15.0,389.0,47.0,1.0,94147,2.0,174.0,2.0,8.0,,197.0,8.0,18.0,13.0,53.0,2.0,2.0,8.0,17.0,4.0,9.0,,55.0,332.0,8.0,11.0,17.0,4.0,57.0,,,0.0,,6.0,3.0,2.0,1.0,0.0,1.0,,2.0,51.7,12.0,1.0,7.0,,9.0,2.0,21.0,7.0,415.0,9.0,7.0,18.0,3.0,35.0,,1.0,239.0,4.0,5.0,12.0,92.0,24.0,15.0,7.0,1.0,4.0,3.0,13.0,8.0,7.0,2.0,,,,,,1.0,,,1.0,,,,,,,,4.0,,4.0,2.0,,2.0,2.0,2.0,1.0,3.0,1.0,,1.0,,,,2.0,,1.0,2.0,,2.0,1.0,2.0,,1.0,,1.0,1.0,1.0,1.0,2.0,1.0,3.0,1.0,1.0,2.0,1.0,1.0,,,,,,,,,,,,,,,,,,,,,,,,
9,2210357,2021-10-23 15:00:00,"Elland Road, Leeds",36475.0,Away,Wolverhampton Wanderers,Leeds United,1,1,D,1,0,0,0,1.0,27.0,64.0,1.0,2.0,26.0,27.0,3.0,2.0,5.0,3.0,2.0,143.0,18.0,1.0,11.0,4.0,,4.0,48.0,149.0,54.0,8.0,,12.0,1.0,2.0,,2.0,,5.0,7.0,2.0,27.0,2.0,4.0,32.0,,80.0,,0.0,72.0,14.0,,2.0,43.0,33.0,3.0,44.0,4.0,,3.0,14.0,3.0,,1.0,149.0,,13.0,58.0,502.0,4.0,6.0,11.0,,12.0,176.0,25.0,5.0,18.0,3.0,4.0,1.0,27.0,261.0,47.0,,94147,2.0,115.0,,2.0,,154.0,6.0,14.0,13.0,70.0,1.0,1.0,8.0,13.0,5.0,6.0,2.0,64.0,194.0,15.0,21.0,19.0,,63.0,2.0,,0.0,1.0,6.0,2.0,1.0,1.0,0.0,1.0,,1.0,37.0,21.0,1.0,2.0,1.0,8.0,2.0,33.0,3.0,293.0,12.0,15.0,12.0,2.0,8.0,,1.0,144.0,5.0,2.0,12.0,36.0,25.0,18.0,16.0,1.0,6.0,3.0,21.0,8.0,3.0,2.0,1.0,,,1.0,,1.0,1.0,1.0,2.0,,,,,1.0,1.0,1.0,1.0,,1.0,2.0,,2.0,1.0,,1.0,1.0,1.0,,1.0,,1.0,,1.0,1.0,,,,,1.0,,1.0,,,,,,,,,,,,,,,2.0,2.0,,,,,,,,,,,,,,,,,,,,,,
10,2210370,2021-11-01 20:00:00,"Molineux Stadium, Wolverhampton",30617.0,Home,Wolverhampton Wanderers,Everton,2,1,W,2,0,0,0,1.0,34.0,79.0,1.0,3.0,46.0,18.0,2.0,3.0,8.0,4.0,1.0,183.0,20.0,2.0,18.0,5.0,,4.0,160.0,155.0,64.0,10.0,,19.0,1.0,,1.0,,1.0,9.0,9.0,1.0,18.0,4.0,5.0,57.0,1.0,244.0,,0.0,125.0,10.0,2.0,,85.0,77.0,4.0,98.0,1.0,,5.0,18.0,2.0,3.0,1.0,155.0,1.0,10.0,176.0,814.0,4.0,4.0,20.0,,11.0,514.0,30.0,5.0,10.0,1.0,4.0,1.0,19.0,600.0,70.0,,94147,6.0,281.0,3.0,2.0,1.0,314.0,5.0,18.0,5.0,68.0,1.0,1.0,9.0,26.0,4.0,3.0,1.0,87.0,523.0,8.0,13.0,27.0,3.0,96.0,,,0.0,,3.0,3.0,1.0,3.0,0.0,1.0,,2.0,62.0,18.0,,5.0,1.0,9.0,3.0,65.0,4.0,617.0,11.0,13.0,31.0,3.0,16.0,1.0,1.0,312.0,5.0,5.0,24.0,94.0,33.0,10.0,15.0,1.0,6.0,3.0,31.0,7.0,4.0,2.0,,1.0,,,1.0,2.0,,,,,,,1.0,,,1.0,,2.0,,1.0,,1.0,1.0,,1.0,2.0,1.0,,1.0,,1.0,,2.0,1.0,,1.0,,1.0,1.0,1.0,1.0,,,1.0,1.0,1.0,,1.0,,,,1.0,1.0,,,,,1.0,1.0,1.0,1.0,,,,,,,,,,,,,,,,,,
11,2210375,2021-11-06 15:00:00,"Selhurst Park, London",24390.0,Away,Wolverhampton Wanderers,Crystal Palace,0,2,L,0,0,0,0,,25.0,67.0,,,28.0,11.0,2.0,1.0,2.0,4.0,1.0,154.0,10.0,3.0,9.0,2.0,1.0,2.0,61.0,154.0,65.0,4.0,,16.0,1.0,,,1.0,,10.0,20.0,1.0,11.0,6.0,9.0,42.0,,129.0,1.0,0.0,82.0,13.0,1.0,,56.0,42.0,1.0,67.0,,1.0,4.0,13.0,2.0,1.0,1.0,154.0,,12.0,78.0,569.0,1.0,2.0,19.0,1.0,6.0,250.0,25.0,3.0,5.0,1.0,2.0,1.0,16.0,336.0,47.0,,94147,2.0,142.0,,2.0,,176.0,5.0,13.0,7.0,70.0,1.0,1.0,8.0,21.0,1.0,4.0,,73.0,268.0,13.0,14.0,24.0,1.0,69.0,,1.0,0.0,1.0,4.0,4.0,2.0,1.0,0.0,2.0,1.0,1.0,40.3,12.0,,5.0,,8.0,,37.0,6.0,360.0,6.0,15.0,19.0,2.0,14.0,1.0,1.0,194.0,2.0,9.0,11.0,50.0,25.0,5.0,32.0,2.0,1.0,3.0,22.0,8.0,6.0,3.0,,,,1.0,,,1.0,,,,1.0,,,,,,,1.0,,1.0,,1.0,,,,,1.0,,1.0,1.0,,,,,,,,,,,,,,,,,,,,,,,,,,,,,1.0,,,1.0,,,,,,,,,,,,,,,,,
12,2210390,2021-11-20 15:00:00,"Molineux Stadium, Wolverhampton",30667.0,Home,Wolverhampton Wanderers,West Ham United,1,0,W,0,0,0,0,,26.0,59.0,3.0,2.0,30.0,20.0,7.0,1.0,8.0,3.0,4.0,159.0,11.0,4.0,14.0,12.0,1.0,5.0,143.0,122.0,50.0,15.0,1.0,11.0,1.0,1.0,4.0,1.0,2.0,25.0,13.0,3.0,20.0,7.0,11.0,39.0,1.0,189.0,2.0,0.0,110.0,6.0,,1.0,54.0,61.0,6.0,72.0,,1.0,18.0,8.0,7.0,4.0,2.0,122.0,2.0,3.0,156.0,707.0,8.0,3.0,20.0,,14.0,441.0,19.0,2.0,12.0,1.0,2.0,6.0,13.0,514.0,51.0,1.0,94147,4.0,267.0,2.0,12.0,,292.0,3.0,8.0,6.0,38.0,3.0,,7.0,8.0,5.0,4.0,1.0,54.0,452.0,8.0,9.0,13.0,3.0,66.0,1.0,1.0,0.0,3.0,3.0,,,1.0,0.0,2.0,,2.0,52.4,13.0,1.0,5.0,,7.0,3.0,42.0,7.0,530.0,14.0,5.0,22.0,7.0,26.0,2.0,5.0,263.0,12.0,10.0,11.0,85.0,27.0,12.0,17.0,,11.0,2.0,21.0,1.0,7.0,1.0,,2.0,,2.0,2.0,,1.0,,,,3.0,1.0,1.0,,,,1.0,,1.0,5.0,,5.0,,,,1.0,,1.0,,1.0,1.0,,,,1.0,1.0,1.0,1.0,1.0,1.0,1.0,,,,,,,,1.0,,,,,,,,,,1.0,,,,1.0,,,,,,,,,,,,,,,,
13,2210400,2021-11-27 15:00:00,"Carrow Road, Norwich",26911.0,Away,Wolverhampton Wanderers,Norwich City,0,0,D,0,0,0,0,1.0,23.0,60.0,,,35.0,15.0,1.0,2.0,4.0,4.0,1.0,159.0,9.0,1.0,9.0,3.0,,2.0,169.0,133.0,52.0,5.0,,8.0,1.0,,1.0,1.0,,9.0,7.0,1.0,15.0,2.0,11.0,50.0,,217.0,1.0,0.0,107.0,10.0,,,64.0,69.0,1.0,92.0,,,7.0,16.0,1.0,3.0,,133.0,,9.0,181.0,779.0,3.0,1.0,17.0,,10.0,497.0,29.0,,9.0,2.0,3.0,2.0,16.0,579.0,53.0,,94147,2.0,299.0,,3.0,,338.0,6.0,16.0,8.0,52.0,1.0,,8.0,12.0,5.0,7.0,2.0,70.0,515.0,11.0,11.0,10.0,1.0,66.0,,,0.0,1.0,4.0,4.0,,1.0,0.0,1.0,,,56.9,13.0,,4.0,1.0,8.0,,42.0,3.0,601.0,10.0,12.0,27.0,3.0,18.0,,3.0,272.0,3.0,11.0,11.0,80.0,18.0,9.0,21.0,,4.0,3.0,20.0,7.0,3.0,1.0,,,,1.0,,,,,2.0,,,,,,,1.0,3.0,,3.0,1.0,,1.0,,,,,,1.0,,,,,,,,,,,,,,,,,,,,,,,,,,,,,,,,,,,,,,,,,,,,,,,,,,,
14,2210407,2021-12-01 19:30:00,"Molineux Stadium, Wolverhampton",30328.0,Home,Wolverhampton Wanderers,Burnley,0,0,D,0,0,0,0,1.0,35.0,71.0,,3.0,34.0,18.0,8.0,6.0,8.0,1.0,,206.0,17.0,4.0,18.0,12.0,,2.0,134.0,188.0,64.0,16.0,2.0,26.0,1.0,1.0,2.0,1.0,5.0,27.0,7.0,1.0,18.0,3.0,14.0,49.0,,250.0,1.0,0.0,210.0,5.0,1.0,1.0,70.0,92.0,6.0,96.0,2.0,,24.0,21.0,8.0,14.0,5.0,188.0,,2.0,153.0,797.0,12.0,6.0,34.0,1.0,10.0,455.0,35.0,5.0,10.0,2.0,1.0,6.0,25.0,568.0,77.0,,94147,5.0,224.0,,9.0,,267.0,2.0,21.0,5.0,60.0,,1.0,1.0,21.0,4.0,5.0,2.0,80.0,470.0,6.0,10.0,28.0,,81.0,1.0,,0.0,3.0,5.0,1.0,,,0.0,4.0,1.0,3.0,65.2,23.0,2.0,6.0,1.0,1.0,5.0,45.0,5.0,589.0,10.0,8.0,23.0,9.0,39.0,,3.0,349.0,7.0,13.0,28.0,154.0,25.0,10.0,14.0,,16.0,1.0,29.0,11.0,5.0,1.0,,1.0,,1.0,1.0,,,,2.0,,,,,,,1.0,1.0,1.0,1.0,1.0,,1.0,,,,,,1.0,,,,2.0,,,,,,,,,,,,1.0,1.0,1.0,1.0,,,,,,,,,,,,2.0,,,,,,,,,,,,,,,,,,,,
15,2210420,2021-12-04 15:00:00,"Molineux Stadium, Wolverhampton",30729.0,Home,Wolverhampton Wanderers,Liverpool,0,1,L,0,0,0,0,1.0,29.0,82.0,,,23.0,29.0,2.0,1.0,1.0,3.0,,137.0,16.0,2.0,10.0,3.0,,1.0,75.0,145.0,42.0,3.0,,11.0,,,,,,7.0,10.0,1.0,29.0,2.0,5.0,56.0,,67.0,1.0,0.0,63.0,4.0,1.0,,36.0,39.0,1.0,55.0,2.0,1.0,5.0,17.0,2.0,2.0,1.0,145.0,,13.0,53.0,523.0,3.0,2.0,10.0,,10.0,211.0,53.0,3.0,12.0,2.0,5.0,2.0,23.0,297.0,37.0,,94147,,159.0,,3.0,,201.0,3.0,17.0,8.0,38.0,2.0,7.0,5.0,21.0,4.0,4.0,,67.0,224.0,7.0,8.0,16.0,,54.0,,,0.0,1.0,8.0,4.0,1.0,1.0,0.0,1.0,,,32.9,23.0,,3.0,1.0,5.0,,21.0,2.0,320.0,10.0,10.0,21.0,2.0,10.0,1.0,1.0,126.0,2.0,3.0,4.0,33.0,13.0,12.0,21.0,1.0,3.0,3.0,15.0,10.0,2.0,,,1.0,,,2.0,1.0,,,,,,,,,,,2.0,,2.0,,,,,,,,,,,,,,,,,,,,,,,,,,,,,,,,,,,,,,,,,,,,1.0,1.0,,,,,,,,,,,,,,,
16,2210429,2021-12-11 12:30:00,"Etihad Stadium, Manchester",52613.0,Away,Wolverhampton Wanderers,Manchester City,0,1,L,0,0,1,0,,17.0,58.0,2.0,,16.0,29.0,,,2.0,8.0,,115.0,10.0,2.0,11.0,2.0,,1.0,76.0,108.0,45.0,2.0,,10.0,1.0,,,,,4.0,9.0,,29.0,1.0,4.0,45.0,,49.0,,0.0,29.0,5.0,4.0,,21.0,22.0,1.0,41.0,8.0,1.0,3.0,20.0,,1.0,,108.0,,16.0,78.0,499.0,1.0,3.0,5.0,1.0,17.0,212.0,31.0,2.0,16.0,2.0,7.0,1.0,14.0,281.0,18.0,,94147,1.0,184.0,,1.0,,228.0,2.0,20.0,12.0,34.0,,,7.0,14.0,8.0,9.0,,54.0,231.0,10.0,9.0,17.0,,43.0,,,0.0,2.0,14.0,7.0,1.0,,1.0,2.0,,2.0,29.0,14.0,1.0,3.0,,7.0,,21.0,1.0,310.0,17.0,3.0,18.0,1.0,8.0,,1.0,86.0,,3.0,10.0,13.0,12.0,16.0,14.0,1.0,1.0,3.0,19.0,12.0,1.0,1.0,,,,1.0,,1.0,1.0,1.0,,,1.0,,1.0,1.0,1.0,,1.0,,1.0,4.0,,4.0,,,,,,,,1.0,,,,,,,,,,,,,,,,,,,,,,,,,,1.0,,,1.0,,,,,1.0,1.0,,,,,,,,,,,,,,
17,2210433,2021-12-15 19:30:00,"American Express Stadium, Falmer",30362.0,Away,Wolverhampton Wanderers,Brighton and Hove Albion,1,0,W,1,0,0,0,1.0,26.0,66.0,,,24.0,22.0,3.0,2.0,5.0,2.0,3.0,132.0,11.0,,17.0,5.0,,5.0,93.0,134.0,56.0,8.0,1.0,9.0,3.0,2.0,,1.0,1.0,13.0,9.0,1.0,22.0,2.0,1.0,31.0,,110.0,,0.0,81.0,15.0,,2.0,40.0,47.0,5.0,49.0,1.0,,11.0,14.0,3.0,3.0,1.0,134.0,2.0,7.0,91.0,550.0,4.0,1.0,15.0,,10.0,264.0,39.0,3.0,14.0,0.0,3.0,,15.0,343.0,38.0,2.0,94147,3.0,173.0,1.0,7.0,,212.0,8.0,14.0,9.0,48.0,3.0,1.0,3.0,16.0,5.0,7.0,,64.0,283.0,11.0,8.0,25.0,3.0,49.0,2.0,2.0,0.0,6.0,7.0,2.0,,,0.0,,,,40.7,15.0,,5.0,1.0,3.0,1.0,20.0,4.0,365.0,10.0,10.0,12.0,2.0,16.0,,,166.0,6.0,1.0,11.0,60.0,19.0,14.0,17.0,,4.0,3.0,23.0,10.0,4.0,2.0,,,,1.0,,,,,,,,,,,,1.0,,,1.0,4.0,,4.0,1.0,,,1.0,1.0,1.0,1.0,,,,1.0,,,1.0,,1.0,1.0,1.0,,,,1.0,1.0,2.0,,1.0,,,,,1.0,,,,,,,,,,,,,1.0,,,,,,,,,,,,,
18,2210450,2021-12-19 14:00:00,"Molineux Stadium, Wolverhampton",30631.0,Home,Wolverhampton Wanderers,Chelsea,0,0,D,0,0,0,0,,28.0,59.0,,,20.0,26.0,2.0,1.0,1.0,1.0,,146.0,11.0,3.0,4.0,3.0,,1.0,108.0,136.0,37.0,4.0,2.0,14.0,1.0,,,,,14.0,8.0,,26.0,2.0,1.0,42.0,,122.0,,0.0,86.0,9.0,,,40.0,56.0,2.0,57.0,2.0,1.0,12.0,26.0,3.0,5.0,1.0,136.0,1.0,6.0,122.0,617.0,3.0,5.0,14.0,1.0,13.0,319.0,26.0,2.0,10.0,0.0,6.0,1.0,17.0,407.0,37.0,,94147,1.0,218.0,1.0,7.0,,263.0,7.0,26.0,7.0,52.0,1.0,2.0,5.0,10.0,2.0,4.0,,52.0,337.0,5.0,14.0,15.0,1.0,48.0,,1.0,0.0,,9.0,1.0,,2.0,0.0,3.0,,1.0,36.9,16.0,,4.0,,5.0,2.0,25.0,4.0,433.0,13.0,10.0,24.0,1.0,17.0,,,184.0,2.0,1.0,11.0,54.0,18.0,10.0,17.0,,3.0,2.0,10.0,16.0,4.0,,,,,,,,,,1.0,,,,,,,,3.0,,3.0,6.0,,6.0,,,,,,1.0,,,,,,,,,,,,,,,,,,,,,,,,,,,,,,,2.0,,,,,,,,1.0,,,,,,,,,,,,
19,2210460,2022-03-10 19:30:00,"Molineux Stadium, Wolverhampton",29658.0,Home,Wolverhampton Wanderers,Watford,4,0,W,3,0,0,0,1.0,19.0,54.0,,1.0,39.0,8.0,3.0,4.0,6.0,,,185.0,11.0,8.0,6.0,7.0,1.0,5.0,206.0,124.0,43.0,10.0,,12.0,1.0,,2.0,,1.0,21.0,7.0,1.0,8.0,5.0,6.0,41.0,,209.0,,0.0,121.0,11.0,,,63.0,83.0,4.0,97.0,,2.0,16.0,8.0,4.0,3.0,2.0,124.0,2.0,5.0,178.0,822.0,5.0,6.0,21.0,1.0,9.0,571.0,21.0,,3.0,2.0,4.0,3.0,24.0,646.0,48.0,,94147,3.0,390.0,1.0,12.0,,417.0,4.0,8.0,6.0,46.0,3.0,1.0,2.0,20.0,4.0,6.0,,53.0,591.0,9.0,11.0,5.0,1.0,72.0,,,0.0,2.0,2.0,,,1.0,0.0,6.0,,1.0,65.8,24.0,,4.0,,2.0,1.0,55.0,5.0,666.0,9.0,5.0,28.0,4.0,24.0,2.0,2.0,270.0,5.0,5.0,18.0,93.0,27.0,3.0,10.0,,9.0,3.0,14.0,3.0,5.0,1.0,1.0,,,1.0,,,,,1.0,,,,1.0,,,1.0,,,,1.0,,1.0,2.0,2.0,,4.0,,1.0,,,3.0,,3.0,,1.0,1.0,2.0,2.0,1.0,1.0,2.0,,1.0,,,,,,1.0,,1.0,,,,,1.0,,,1.0,,,,,,,,1.0,1.0,,,,,,,,,,,
20,2210461,2022-02-24 19:45:00,"Emirates Stadium, London",59888.0,Away,Wolverhampton Wanderers,Arsenal,1,2,L,1,0,0,0,,21.0,73.0,1.0,,22.0,23.0,1.0,1.0,5.0,4.0,1.0,161.0,12.0,2.0,9.0,4.0,1.0,2.0,93.0,140.0,50.0,6.0,,11.0,1.0,,,1.0,2.0,9.0,15.0,,23.0,4.0,5.0,40.0,,108.0,,0.0,62.0,9.0,3.0,,31.0,60.0,1.0,69.0,,2.0,5.0,21.0,1.0,2.0,1.0,140.0,2.0,21.0,84.0,586.0,4.0,7.0,9.0,,16.0,285.0,35.0,2.0,16.0,1.0,9.0,3.0,14.0,375.0,33.0,1.0,94147,3.0,197.0,2.0,3.0,,248.0,6.0,21.0,14.0,49.0,1.0,2.0,9.0,14.0,6.0,9.0,,67.0,303.0,8.0,18.0,16.0,1.0,69.0,,,0.0,1.0,5.0,3.0,2.0,,0.0,2.0,,1.0,44.5,14.0,1.0,2.0,,9.0,,29.0,4.0,407.0,16.0,6.0,11.0,4.0,11.0,,3.0,168.0,4.0,4.0,12.0,39.0,21.0,16.0,21.0,2.0,5.0,3.0,15.0,6.0,4.0,,,,,,,,,,,,,,,,,,1.0,1.0,1.0,,,,1.0,,1.0,1.0,,,,,1.0,1.0,1.0,,,,,,1.0,,1.0,,,,,,,,,,,,,,,1.0,3.0,,,,,,,,,,,,1.0,1.0,,,,,,,,,
21,2210478,2022-01-03 17:30:00,"Old Trafford, Manchester",73045.0,Away,Wolverhampton Wanderers,Manchester United,1,0,W,0,0,0,0,1.0,31.0,69.0,2.0,2.0,31.0,18.0,11.0,7.0,8.0,2.0,3.0,152.0,16.0,6.0,12.0,14.0,,6.0,115.0,138.0,46.0,19.0,4.0,13.0,4.0,1.0,1.0,2.0,2.0,21.0,7.0,1.0,18.0,6.0,10.0,42.0,,217.0,,0.0,144.0,8.0,2.0,1.0,57.0,98.0,10.0,80.0,1.0,1.0,15.0,21.0,11.0,4.0,4.0,138.0,,4.0,110.0,659.0,11.0,2.0,24.0,1.0,9.0,357.0,19.0,2.0,8.0,1.0,3.0,4.0,19.0,440.0,52.0,,94147,4.0,161.0,,9.0,1.0,187.0,5.0,21.0,4.0,52.0,1.0,3.0,9.0,15.0,5.0,3.0,1.0,58.0,372.0,9.0,14.0,14.0,6.0,70.0,1.0,,0.0,1.0,3.0,,,2.0,0.0,3.0,,4.0,48.7,17.0,2.0,6.0,2.0,9.0,6.0,47.0,8.0,457.0,9.0,5.0,23.0,7.0,30.0,3.0,2.0,291.0,8.0,8.0,12.0,106.0,32.0,8.0,13.0,,11.0,3.0,24.0,10.0,8.0,5.0,,1.0,,2.0,1.0,,1.0,,,,3.0,,,,,2.0,,,,1.0,,1.0,,,,1.0,1.0,1.0,1.0,1.0,1.0,,,,2.0,1.0,,,1.0,,,,,1.0,,1.0,1.0,,1.0,,1.0,,,,,,,,1.0,,,,1.0,,,,,,,,1.0,1.0,,,,,,,
22,2210490,2022-01-15 15:00:00,"Molineux Stadium, Wolverhampton",30057.0,Home,Wolverhampton Wanderers,Southampton,3,1,W,1,0,0,0,1.0,30.0,70.0,2.0,1.0,18.0,29.0,1.0,4.0,8.0,9.0,1.0,143.0,13.0,3.0,9.0,5.0,,5.0,70.0,133.0,59.0,9.0,,19.0,2.0,,2.0,,,11.0,17.0,,29.0,2.0,5.0,47.0,1.0,94.0,1.0,0.0,84.0,13.0,3.0,,26.0,55.0,3.0,54.0,1.0,,9.0,18.0,1.0,3.0,1.0,133.0,2.0,8.0,60.0,537.0,3.0,1.0,15.0,,15.0,223.0,31.0,2.0,15.0,2.0,,2.0,20.0,307.0,38.0,,94147,5.0,143.0,1.0,3.0,,177.0,8.0,18.0,5.0,51.0,1.0,2.0,10.0,18.0,5.0,2.0,,59.0,234.0,14.0,10.0,19.0,,59.0,,1.0,0.0,1.0,10.0,7.0,1.0,,0.0,3.0,,2.0,42.7,20.0,,3.0,,10.0,1.0,25.0,2.0,327.0,15.0,4.0,14.0,3.0,15.0,,,161.0,3.0,5.0,13.0,54.0,21.0,15.0,23.0,,6.0,3.0,15.0,8.0,2.0,3.0,,2.0,,3.0,2.0,,2.0,,,,1.0,,,,,,2.0,2.0,2.0,3.0,,3.0,3.0,1.0,1.0,3.0,,,,1.0,1.0,,3.0,,,1.0,1.0,1.0,1.0,1.0,1.0,1.0,1.0,2.0,2.0,2.0,1.0,,,,,1.0,1.0,,,1.0,,,2.0,,1.0,,1.0,,,1.0,,,,,,,1.0,1.0,1.0,,,,
23,2210492,2022-01-22 15:00:00,"Gtech Community Stadium, Brentford",16982.0,Away,Wolverhampton Wanderers,Brentford,2,1,W,0,0,0,0,,30.0,74.0,,1.0,21.0,34.0,4.0,1.0,3.0,,,176.0,18.0,3.0,16.0,5.0,,2.0,107.0,166.0,58.0,7.0,1.0,25.0,,,1.0,,,7.0,12.0,,34.0,2.0,3.0,54.0,,184.0,2.0,0.0,124.0,7.0,1.0,,64.0,71.0,3.0,81.0,1.0,1.0,5.0,16.0,4.0,3.0,2.0,166.0,,7.0,113.0,682.0,3.0,5.0,11.0,,9.0,346.0,22.0,1.0,14.0,3.0,5.0,2.0,20.0,458.0,58.0,,94147,2.0,174.0,,2.0,,213.0,5.0,16.0,6.0,59.0,2.0,4.0,5.0,18.0,4.0,2.0,,69.0,355.0,6.0,11.0,19.0,,67.0,,,0.0,2.0,6.0,,1.0,3.0,0.0,1.0,2.0,1.0,50.5,20.0,1.0,6.0,,5.0,2.0,30.0,3.0,477.0,9.0,9.0,18.0,3.0,18.0,2.0,1.0,271.0,5.0,3.0,14.0,80.0,36.0,14.0,22.0,1.0,7.0,2.0,23.0,10.0,3.0,1.0,1.0,3.0,,,3.0,,,,2.0,,,,,,,,1.0,2.0,1.0,2.0,,2.0,,,,2.0,,,,,2.0,,1.0,,,1.0,2.0,2.0,2.0,2.0,,,1.0,,,,,,1.0,,2.0,,,,,,,,,,,,,,,,,,,,,,,,,,,,
24,2210506,2022-02-10 19:45:00,"Molineux Stadium, Wolverhampton",31523.0,Home,Wolverhampton Wanderers,Arsenal,0,1,L,0,1,0,1,1.0,24.0,64.0,,2.0,26.0,13.0,5.0,4.0,9.0,1.0,1.0,174.0,17.0,10.0,10.0,10.0,2.0,4.0,118.0,155.0,52.0,15.0,2.0,14.0,3.0,,,1.0,1.0,42.0,5.0,1.0,13.0,5.0,5.0,38.0,,226.0,1.0,0.0,141.0,12.0,,,54.0,102.0,5.0,69.0,1.0,2.0,37.0,17.0,6.0,14.0,3.0,155.0,,8.0,120.0,700.0,10.0,2.0,33.0,2.0,17.0,377.0,30.0,2.0,9.0,2.0,7.0,5.0,29.0,463.0,58.0,,94147,6.0,177.0,,21.0,1.0,210.0,8.0,17.0,3.0,48.0,2.0,1.0,3.0,15.0,4.0,3.0,2.0,55.0,393.0,13.0,5.0,16.0,3.0,60.0,,,0.0,2.0,4.0,1.0,1.0,,0.0,10.0,1.0,5.0,58.3,29.0,2.0,3.0,1.0,3.0,4.0,39.0,7.0,481.0,17.0,3.0,18.0,7.0,43.0,,4.0,313.0,6.0,4.0,17.0,106.0,27.0,9.0,12.0,1.0,10.0,3.0,24.0,6.0,7.0,4.0,,1.0,,2.0,1.0,,,,,,,,3.0,,,,,,,5.0,,5.0,,,,,2.0,,2.0,1.0,,,,1.0,1.0,,,,,,,,,,,,,,,,,,,,,,,,1.0,,,1.0,,,,,,,,,,,,,,1.0,,,
25,2210519,2022-02-13 14:00:00,"Tottenham Hotspur Stadium, London",56452.0,Away,Wolverhampton Wanderers,Tottenham Hotspur,2,0,W,2,0,0,0,,26.0,77.0,1.0,1.0,31.0,32.0,4.0,2.0,7.0,7.0,5.0,144.0,9.0,1.0,6.0,6.0,,7.0,99.0,144.0,44.0,11.0,2.0,21.0,3.0,,1.0,2.0,1.0,6.0,7.0,2.0,32.0,3.0,5.0,52.0,,123.0,,0.0,67.0,13.0,,,52.0,44.0,5.0,66.0,2.0,,3.0,21.0,4.0,1.0,,144.0,1.0,12.0,103.0,608.0,6.0,1.0,13.0,,12.0,298.0,32.0,5.0,16.0,1.0,5.0,1.0,25.0,383.0,31.0,1.0,94147,3.0,188.0,1.0,1.0,1.0,226.0,8.0,21.0,7.0,59.0,2.0,1.0,4.0,16.0,5.0,4.0,,74.0,310.0,12.0,10.0,19.0,1.0,78.0,,1.0,0.0,3.0,7.0,6.0,,,0.0,,,,41.4,23.0,,6.0,1.0,4.0,3.0,40.0,3.0,412.0,12.0,8.0,21.0,1.0,15.0,1.0,1.0,192.0,9.0,4.0,11.0,41.0,27.0,16.0,15.0,,7.0,3.0,13.0,9.0,3.0,3.0,1.0,2.0,,1.0,2.0,,3.0,,1.0,,,,1.0,,,1.0,,,,3.0,,3.0,1.0,1.0,1.0,2.0,,1.0,,,1.0,1.0,2.0,,,,,,1.0,,1.0,,,,,1.0,,,,,1.0,,,,,,,,1.0,,,,,,,,,,,,,,,,,,1.0,,
26,2210530,2022-02-20 16:30:00,"Molineux Stadium, Wolverhampton",31497.0,Home,Wolverhampton Wanderers,Leicester City,2,1,W,1,1,0,0,,18.0,60.0,3.0,3.0,18.0,37.0,4.0,4.0,7.0,6.0,,122.0,13.0,5.0,7.0,9.0,,3.0,81.0,118.0,55.0,11.0,,8.0,1.0,2.0,1.0,,2.0,14.0,9.0,,37.0,6.0,2.0,30.0,,84.0,,0.0,53.0,12.0,4.0,2.0,41.0,28.0,5.0,34.0,1.0,1.0,8.0,21.0,4.0,2.0,2.0,118.0,,9.0,83.0,538.0,5.0,4.0,19.0,1.0,6.0,234.0,32.0,1.0,16.0,4.0,4.0,4.0,19.0,299.0,25.0,,94147,6.0,172.0,,4.0,,204.0,6.0,21.0,8.0,55.0,,2.0,9.0,13.0,8.0,7.0,1.0,49.0,251.0,9.0,14.0,22.0,5.0,41.0,2.0,,0.0,1.0,10.0,3.0,1.0,2.0,0.0,2.0,,3.0,36.3,17.0,1.0,1.0,,9.0,3.0,21.0,7.0,320.0,6.0,14.0,16.0,5.0,16.0,3.0,3.0,130.0,4.0,2.0,17.0,35.0,16.0,16.0,22.0,1.0,4.0,3.0,15.0,15.0,7.0,3.0,1.0,,,2.0,,,1.0,,1.0,,2.0,,1.0,,,,4.0,1.0,4.0,6.0,,6.0,,,,2.0,1.0,,1.0,1.0,2.0,1.0,,1.0,1.0,1.0,2.0,2.0,2.0,1.0,1.0,,1.0,,,,,,2.0,,1.0,,,,,1.0,,,1.0,,,,,,,,,,,,,,,,,,,,
27,2210540,2022-02-27 14:00:00,"London Stadium, London",59946.0,Away,Wolverhampton Wanderers,West Ham United,0,1,L,0,0,0,0,,28.0,56.0,1.0,4.0,21.0,21.0,7.0,6.0,7.0,3.0,1.0,171.0,14.0,2.0,5.0,12.0,1.0,1.0,191.0,140.0,31.0,14.0,5.0,14.0,,,1.0,,1.0,16.0,9.0,1.0,21.0,5.0,13.0,36.0,,256.0,1.0,0.0,156.0,2.0,1.0,,77.0,56.0,9.0,90.0,,1.0,11.0,15.0,7.0,3.0,1.0,140.0,1.0,7.0,183.0,796.0,12.0,2.0,23.0,,5.0,524.0,24.0,2.0,9.0,0.0,1.0,3.0,18.0,610.0,61.0,,94147,3.0,290.0,1.0,5.0,,326.0,1.0,15.0,12.0,36.0,,1.0,4.0,12.0,6.0,10.0,1.0,53.0,544.0,7.0,5.0,17.0,,50.0,,,0.0,,3.0,2.0,1.0,,0.0,2.0,1.0,1.0,61.0,12.0,1.0,1.0,3.0,4.0,9.0,32.0,5.0,635.0,5.0,8.0,14.0,4.0,34.0,,3.0,325.0,7.0,11.0,6.0,123.0,23.0,9.0,13.0,1.0,12.0,3.0,12.0,7.0,5.0,2.0,,,,3.0,,,2.0,,1.0,,,1.0,,,,1.0,1.0,,1.0,1.0,,1.0,,,,,,,,1.0,,,,,,,,,,,,,,,,,,,,,,,,,,,,,,,,,,,,,,,,,,,,,1.0,,,,
28,2210550,2022-03-05 15:00:00,"Molineux Stadium, Wolverhampton",31395.0,Home,Wolverhampton Wanderers,Crystal Palace,0,2,L,0,2,0,0,,25.0,68.0,1.0,2.0,28.0,14.0,6.0,1.0,6.0,6.0,4.0,176.0,14.0,5.0,12.0,9.0,1.0,5.0,152.0,163.0,53.0,12.0,1.0,14.0,3.0,,1.0,3.0,1.0,25.0,8.0,2.0,14.0,5.0,2.0,46.0,,238.0,,0.0,180.0,13.0,4.0,,70.0,89.0,6.0,81.0,1.0,1.0,20.0,16.0,6.0,8.0,3.0,163.0,1.0,11.0,152.0,760.0,7.0,1.0,31.0,1.0,10.0,437.0,21.0,1.0,6.0,0.0,3.0,3.0,16.0,538.0,66.0,1.0,94147,3.0,223.0,1.0,9.0,,255.0,9.0,16.0,3.0,53.0,1.0,1.0,4.0,20.0,1.0,3.0,2.0,60.0,456.0,8.0,13.0,8.0,2.0,61.0,,,0.0,1.0,7.0,5.0,2.0,1.0,0.0,3.0,,2.0,64.0,14.0,1.0,9.0,1.0,4.0,3.0,36.0,7.0,561.0,10.0,8.0,18.0,4.0,46.0,2.0,1.0,331.0,9.0,2.0,13.0,123.0,32.0,6.0,20.0,2.0,9.0,3.0,18.0,7.0,7.0,4.0,,1.0,,3.0,1.0,1.0,1.0,1.0,1.0,,2.0,,,1.0,1.0,2.0,,,,,,,,,,,,,,1.0,,,,,,,,,,,,,,,,,,,,,,,,,,1.0,,,,,,,,,,,,,,,,,,,,,,,
29,2210556,2022-03-13 14:00:00,"Goodison Park, Liverpool",39112.0,Away,Wolverhampton Wanderers,Everton,1,0,W,0,0,0,1,,37.0,63.0,,1.0,42.0,19.0,9.0,2.0,5.0,2.0,2.0,173.0,16.0,2.0,9.0,11.0,,3.0,163.0,128.0,45.0,14.0,5.0,11.0,,,1.0,2.0,1.0,12.0,8.0,2.0,19.0,1.0,1.0,39.0,,240.0,,0.0,132.0,11.0,,,60.0,95.0,7.0,100.0,,2.0,11.0,18.0,9.0,4.0,2.0,128.0,,3.0,161.0,784.0,9.0,3.0,19.0,,13.0,496.0,27.0,4.0,9.0,1.0,,4.0,14.0,570.0,60.0,,94147,4.0,280.0,,4.0,,306.0,7.0,18.0,7.0,54.0,,,7.0,14.0,4.0,6.0,1.0,62.0,518.0,12.0,10.0,16.0,2.0,80.0,,,0.0,2.0,5.0,2.0,,3.0,0.0,2.0,,1.0,62.0,14.0,,6.0,,7.0,6.0,61.0,2.0,597.0,13.0,14.0,26.0,5.0,15.0,,3.0,303.0,11.0,1.0,12.0,100.0,21.0,9.0,12.0,,10.0,3.0,17.0,9.0,2.0,4.0,,2.0,,3.0,2.0,,2.0,,,,1.0,,,,,,,,,4.0,,4.0,,,,1.0,,1.0,,1.0,,1.0,1.0,,1.0,1.0,,1.0,,1.0,,,,,,,,1.0,,,,,1.0,1.0,,,,,,,1.0,,,,,,,,,,,,,,1.0,,,,
30,2210570,2022-03-18 20:00:00,"Molineux Stadium, Wolverhampton",31842.0,Home,Wolverhampton Wanderers,Leeds United,2,3,L,2,0,1,0,2.0,24.0,63.0,1.0,,36.0,14.0,6.0,4.0,8.0,2.0,3.0,133.0,13.0,5.0,14.0,12.0,,8.0,106.0,139.0,53.0,14.0,2.0,14.0,3.0,,2.0,2.0,1.0,11.0,9.0,3.0,14.0,2.0,9.0,33.0,,119.0,,0.0,96.0,13.0,1.0,,25.0,48.0,8.0,66.0,,1.0,9.0,20.0,6.0,3.0,,139.0,2.0,11.0,109.0,607.0,9.0,3.0,26.0,1.0,8.0,313.0,28.0,3.0,8.0,1.0,3.0,4.0,23.0,387.0,46.0,,94147,5.0,219.0,1.0,4.0,,245.0,10.0,20.0,8.0,62.0,1.0,1.0,4.0,20.0,4.0,4.0,1.0,67.0,333.0,14.0,9.0,16.0,,72.0,,1.0,0.0,1.0,5.0,2.0,3.0,1.0,1.0,4.0,,2.0,47.8,19.0,1.0,5.0,1.0,4.0,2.0,39.0,2.0,414.0,8.0,9.0,16.0,4.0,21.0,1.0,3.0,180.0,8.0,7.0,10.0,65.0,25.0,8.0,15.0,3.0,11.0,4.0,31.0,12.0,2.0,1.0,2.0,1.0,,2.0,1.0,2.0,3.0,,2.0,,1.0,,2.0,,,,,,,1.0,1.0,1.0,1.0,1.0,,2.0,,,,1.0,1.0,,2.0,,,2.0,1.0,2.0,1.0,2.0,,,,1.0,,1.0,,1.0,,,1.0,,,,,,3.0,,1.0,1.0,,,1.0,1.0,1.0,,,,,,,1.0,,,,,,,
31,2210580,2022-04-02 15:00:00,"Molineux Stadium, Wolverhampton",31012.0,Home,Wolverhampton Wanderers,Aston Villa,2,1,W,2,0,0,0,1.0,38.0,68.0,1.0,2.0,22.0,19.0,3.0,5.0,8.0,4.0,3.0,154.0,18.0,1.0,10.0,5.0,1.0,5.0,100.0,131.0,56.0,11.0,,10.0,2.0,5.0,1.0,,1.0,11.0,11.0,2.0,19.0,3.0,4.0,26.0,1.0,108.0,,0.0,82.0,15.0,3.0,5.0,46.0,47.0,3.0,64.0,,2.0,8.0,22.0,3.0,2.0,1.0,131.0,2.0,9.0,103.0,607.0,5.0,5.0,19.0,,6.0,322.0,38.0,1.0,10.0,4.0,3.0,2.0,20.0,402.0,37.0,1.0,94147,6.0,230.0,4.0,5.0,,258.0,9.0,22.0,6.0,49.0,1.0,1.0,4.0,17.0,6.0,5.0,1.0,49.0,337.0,8.0,8.0,11.0,,55.0,5.0,2.0,0.0,1.0,9.0,3.0,1.0,2.0,0.0,1.0,,1.0,48.3,19.0,1.0,8.0,1.0,4.0,2.0,27.0,4.0,421.0,6.0,9.0,13.0,4.0,19.0,,3.0,174.0,5.0,2.0,16.0,46.0,16.0,10.0,23.0,1.0,10.0,3.0,18.0,8.0,4.0,1.0,,,,1.0,,,1.0,1.0,1.0,1.0,,,2.0,1.0,1.0,,2.0,,2.0,3.0,,3.0,,,,2.0,,,,,1.0,,2.0,,,,,,1.0,,,,,,,,,,,,1.0,,,,,,,,2.0,,,,,,,,,1.0,,,,,,,,,,1.0,
32,2210587,2022-04-08 20:00:00,"St. James' Park, Newcastle",52164.0,Away,Wolverhampton Wanderers,Newcastle United,0,1,L,0,0,0,0,1.0,22.0,61.0,1.0,1.0,24.0,15.0,2.0,1.0,3.0,3.0,1.0,160.0,6.0,2.0,9.0,2.0,,2.0,149.0,126.0,49.0,5.0,,11.0,1.0,,,1.0,,14.0,12.0,1.0,15.0,1.0,6.0,50.0,,185.0,,0.0,119.0,13.0,,,74.0,54.0,1.0,77.0,,1.0,13.0,11.0,2.0,5.0,1.0,126.0,,8.0,160.0,699.0,2.0,4.0,9.0,,7.0,440.0,27.0,2.0,7.0,1.0,5.0,1.0,19.0,528.0,46.0,,94147,2.0,270.0,,6.0,,296.0,8.0,11.0,8.0,45.0,2.0,,6.0,9.0,4.0,6.0,1.0,51.0,453.0,6.0,10.0,9.0,,67.0,,,0.0,,1.0,2.0,1.0,,0.0,1.0,,1.0,58.9,18.0,1.0,3.0,1.0,6.0,1.0,35.0,2.0,546.0,7.0,2.0,26.0,2.0,20.0,1.0,1.0,264.0,3.0,5.0,10.0,81.0,23.0,7.0,24.0,1.0,5.0,3.0,18.0,4.0,2.0,2.0,,1.0,,2.0,1.0,,,1.0,1.0,,,,,1.0,1.0,1.0,2.0,,2.0,,,,,,,,,,,,,,,,,,,,,,,,,,,,,,,,,,,,,,,,1.0,,,,,,,,,,,,,,,,,,,,
33,2210600,2022-05-11 20:15:00,"Molineux Stadium, Wolverhampton",,Home,Wolverhampton Wanderers,Manchester City,1,5,L,1,3,0,0,1.0,21.0,52.0,,,25.0,12.0,2.0,2.0,5.0,,1.0,130.0,11.0,5.0,10.0,6.0,1.0,3.0,91.0,113.0,39.0,7.0,1.0,11.0,1.0,1.0,2.0,,2.0,15.0,9.0,1.0,12.0,4.0,,48.0,,83.0,,0.0,51.0,2.0,,2.0,26.0,38.0,3.0,66.0,1.0,1.0,11.0,8.0,2.0,4.0,,113.0,,12.0,96.0,539.0,4.0,2.0,16.0,,8.0,291.0,26.0,1.0,4.0,0.0,1.0,3.0,8.0,352.0,27.0,,94147,3.0,241.0,,6.0,,273.0,1.0,8.0,9.0,40.0,,2.0,9.0,10.0,3.0,8.0,,50.0,319.0,9.0,5.0,9.0,1.0,46.0,1.0,,0.0,3.0,2.0,,5.0,1.0,0.0,3.0,1.0,1.0,33.7,7.0,1.0,2.0,,10.0,1.0,25.0,6.0,383.0,8.0,12.0,25.0,3.0,19.0,2.0,3.0,125.0,4.0,,4.0,36.0,12.0,4.0,16.0,4.0,6.0,3.0,20.0,5.0,6.0,1.0,,1.0,1.0,1.0,1.0,1.0,,,,,1.0,,,,,1.0,2.0,,2.0,,1.0,,,,1.0,1.0,,,,,1.0,,1.0,,,,1.0,1.0,1.0,1.0,,1.0,,,,,,,,,1.0,,,,,,,,,,,,,,,,,,,,,,,,,,,1.0,
34,2210604,2022-04-24 14:00:00,"Turf Moor, Burnley",19246.0,Away,Wolverhampton Wanderers,Burnley,0,1,L,0,0,0,0,1.0,30.0,70.0,2.0,3.0,28.0,15.0,4.0,3.0,6.0,4.0,3.0,166.0,16.0,4.0,10.0,8.0,,4.0,171.0,157.0,56.0,10.0,2.0,11.0,3.0,2.0,1.0,2.0,1.0,16.0,16.0,1.0,15.0,4.0,4.0,40.0,,229.0,,0.0,132.0,7.0,1.0,2.0,77.0,74.0,7.0,97.0,1.0,,12.0,15.0,4.0,4.0,1.0,157.0,,10.0,156.0,794.0,8.0,4.0,31.0,,9.0,471.0,25.0,4.0,9.0,1.0,4.0,1.0,25.0,567.0,52.0,1.0,94147,4.0,263.0,,7.0,,288.0,3.0,15.0,5.0,44.0,2.0,2.0,6.0,18.0,4.0,4.0,,56.0,488.0,6.0,6.0,17.0,1.0,79.0,2.0,,0.0,2.0,3.0,2.0,1.0,,0.0,2.0,1.0,,64.1,24.0,,4.0,1.0,6.0,5.0,48.0,6.0,590.0,9.0,13.0,18.0,1.0,32.0,2.0,,318.0,7.0,3.0,12.0,90.0,33.0,9.0,28.0,1.0,9.0,2.0,17.0,5.0,6.0,1.0,,1.0,1.0,1.0,1.0,,,,,,,,1.0,,,,3.0,,3.0,1.0,,1.0,,,,,,,,,,,,,,,,,,,,,,,,,,,,,,,,,,,,,,,,,,,,,,,,,,,,,,,,,
35,2210620,2022-04-30 15:00:00,"Molineux Stadium, Wolverhampton",31243.0,Home,Wolverhampton Wanderers,Brighton and Hove Albion,0,3,L,0,1,0,0,,22.0,68.0,4.0,2.0,17.0,11.0,5.0,3.0,6.0,6.0,,164.0,10.0,1.0,13.0,8.0,,1.0,110.0,139.0,44.0,11.0,3.0,6.0,1.0,1.0,1.0,,1.0,20.0,13.0,,11.0,6.0,5.0,45.0,,142.0,1.0,0.0,77.0,6.0,3.0,1.0,49.0,36.0,3.0,67.0,,,14.0,15.0,5.0,6.0,2.0,139.0,,9.0,117.0,629.0,8.0,3.0,20.0,1.0,5.0,363.0,33.0,2.0,3.0,2.0,4.0,5.0,16.0,441.0,45.0,1.0,94147,3.0,236.0,,8.0,1.0,284.0,4.0,15.0,6.0,47.0,2.0,1.0,3.0,9.0,8.0,5.0,,49.0,377.0,4.0,14.0,12.0,4.0,49.0,1.0,,0.0,3.0,3.0,2.0,3.0,1.0,0.0,1.0,2.0,2.0,49.2,13.0,1.0,5.0,2.0,4.0,5.0,33.0,7.0,458.0,5.0,11.0,22.0,5.0,22.0,,2.0,194.0,6.0,3.0,8.0,56.0,24.0,3.0,19.0,2.0,6.0,3.0,24.0,10.0,7.0,1.0,,1.0,,,1.0,,,2.0,1.0,,,,1.0,2.0,1.0,,,,,,,,,,,,1.0,,1.0,,,,,,2.0,,,,,,,1.0,,1.0,1.0,1.0,,,,,,,,,,1.0,,,1.0,1.0,,,,,,,,,,,,,,,,,,,
36,2210625,2022-05-07 15:00:00,"Stamford Bridge, London",32190.0,Away,Wolverhampton Wanderers,Chelsea,2,2,D,0,0,0,0,1.0,26.0,57.0,,1.0,17.0,28.0,4.0,5.0,10.0,4.0,1.0,124.0,12.0,6.0,13.0,9.0,1.0,4.0,75.0,122.0,48.0,14.0,,15.0,2.0,4.0,,2.0,4.0,18.0,11.0,,28.0,3.0,,38.0,,101.0,1.0,0.0,63.0,11.0,4.0,5.0,38.0,37.0,5.0,47.0,3.0,1.0,15.0,10.0,4.0,4.0,3.0,122.0,2.0,13.0,86.0,528.0,5.0,,16.0,,12.0,246.0,30.0,1.0,14.0,3.0,5.0,4.0,15.0,312.0,30.0,1.0,94147,7.0,165.0,1.0,9.0,,197.0,7.0,10.0,9.0,54.0,2.0,1.0,6.0,16.0,6.0,7.0,2.0,43.0,260.0,7.0,8.0,7.0,2.0,45.0,4.0,,0.0,1.0,9.0,4.0,2.0,,0.0,5.0,,4.0,40.7,15.0,3.0,,2.0,6.0,1.0,24.0,3.0,332.0,12.0,15.0,17.0,9.0,21.0,1.0,6.0,153.0,5.0,,10.0,39.0,17.0,14.0,18.0,1.0,9.0,3.0,18.0,4.0,3.0,1.0,,,,2.0,,1.0,3.0,1.0,,,2.0,,,1.0,1.0,,,,1.0,1.0,1.0,1.0,1.0,1.0,1.0,2.0,,,,1.0,2.0,2.0,1.0,,1.0,,2.0,2.0,,1.0,,1.0,,,,,,,1.0,1.0,,,1.0,1.0,,,,,,,1.0,,,,,,,1.0,,,,,,,,,,1.0,
37,2210640,2022-05-15 14:00:00,"Molineux Stadium, Wolverhampton",31219.0,Home,Wolverhampton Wanderers,Norwich City,1,1,D,0,1,0,0,,20.0,52.0,,2.0,19.0,10.0,8.0,6.0,8.0,1.0,2.0,164.0,14.0,12.0,19.0,12.0,1.0,4.0,186.0,126.0,51.0,17.0,4.0,10.0,2.0,,2.0,1.0,1.0,27.0,6.0,1.0,10.0,5.0,3.0,33.0,,335.0,1.0,0.0,210.0,5.0,,,90.0,107.0,6.0,93.0,1.0,1.0,22.0,12.0,9.0,5.0,4.0,126.0,1.0,9.0,170.0,802.0,10.0,1.0,34.0,1.0,8.0,529.0,21.0,1.0,4.0,0.0,1.0,6.0,19.0,594.0,70.0,,94147,5.0,223.0,1.0,15.0,1.0,239.0,2.0,12.0,10.0,50.0,,,3.0,18.0,2.0,8.0,3.0,35.0,546.0,10.0,11.0,8.0,,70.0,,1.0,0.0,2.0,3.0,1.0,1.0,,0.0,9.0,,5.0,64.0,19.0,2.0,5.0,,3.0,6.0,55.0,5.0,613.0,8.0,14.0,19.0,7.0,33.0,3.0,3.0,401.0,6.0,3.0,14.0,169.0,23.0,4.0,8.0,1.0,13.0,3.0,29.0,9.0,5.0,4.0,,2.0,,2.0,2.0,,3.0,,2.0,3.0,2.0,,,,,,,,,,,,,,,1.0,1.0,,1.0,1.0,,,1.0,,1.0,,,,,,,,1.0,,,,,,,1.0,1.0,,,,,,,,,,1.0,,1.0,,,,,,,,,,,,,,,,1.0
38,2210648,2022-05-22 16:00:00,"Anfield, Liverpool",53097.0,Away,Wolverhampton Wanderers,Liverpool,1,3,L,1,1,0,0,1.0,28.0,67.0,1.0,,42.0,31.0,1.0,3.0,6.0,4.0,3.0,144.0,14.0,1.0,8.0,7.0,,5.0,95.0,123.0,35.0,7.0,,7.0,3.0,1.0,1.0,1.0,2.0,9.0,6.0,1.0,31.0,3.0,9.0,45.0,1.0,109.0,,0.0,87.0,3.0,2.0,1.0,63.0,43.0,5.0,58.0,3.0,,6.0,16.0,1.0,3.0,,123.0,3.0,22.0,103.0,600.0,6.0,4.0,15.0,,15.0,303.0,36.0,5.0,15.0,0.0,14.0,2.0,15.0,374.0,52.0,1.0,94147,5.0,215.0,3.0,2.0,,238.0,1.0,16.0,9.0,42.0,5.0,1.0,5.0,15.0,7.0,6.0,,83.0,323.0,5.0,12.0,23.0,,70.0,1.0,2.0,0.0,,5.0,4.0,3.0,2.0,0.0,,2.0,1.0,37.1,14.0,1.0,1.0,,5.0,,37.0,3.0,400.0,15.0,10.0,29.0,2.0,16.0,1.0,2.0,171.0,3.0,9.0,4.0,54.0,20.0,15.0,18.0,3.0,7.0,3.0,19.0,6.0,3.0,,,,,1.0,,,,,,,,,1.0,,,,3.0,,4.0,,,,1.0,1.0,,1.0,,,,,1.0,1.0,1.0,,,1.0,1.0,1.0,,1.0,1.0,,,,,,,,,,,,,,,1.0,3.0,,,,,,,1.0,,,,,,,,,,,,,,,
